date,totals,annual_change,skilledindex,unskilledindex,auckland,wellington,north_island_other,canterbury,south_island_other,business_services,construction,education,health_care,hospitality,it,manufacturing,primary,sales,other,managers,professionals,technicians_and_trades_workers,community_and_personal_service_workers,clerical_and_administrative_workers,sales_workers,machinery_operators_and_drivers,labourers,highly_skilled,skilled,semi_skilled,low_skilled,unskilled,region,filled_jobs
2019-05-01,157.8,1.4,158.3,153.0,125.8,116.8,272.1,211.9,327.4,87.4,276.7,170.1,284.4,221.6,77.2,269.4,386.9,144.9,325.3,169.8,131.7,237.4,281.6,94.7,108.3,356.1,432.4,144.7,145.4,305.3,138.2,203.9,auckland,722233.0
2019-05-01,157.8,1.4,158.3,153.0,125.8,116.8,272.1,211.9,327.4,87.4,276.7,170.1,284.4,221.6,77.2,269.4,386.9,144.9,325.3,169.8,131.7,237.4,281.6,94.7,108.3,356.1,432.4,144.7,145.4,305.3,138.2,203.9,bay_of_plenty,134343.0
2019-05-01,157.8,1.4,158.3,153.0,125.8,116.8,272.1,211.9,327.4,87.4,276.7,170.1,284.4,221.6,77.2,269.4,386.9,144.9,325.3,169.8,131.7,237.4,281.6,94.7,108.3,356.1,432.4,144.7,145.4,305.3,138.2,203.9,canterbury,283557.0
2019-05-01,157.8,1.4,158.3,153.0,125.8,116.8,272.1,211.9,327.4,87.4,276.7,170.1,284.4,221.6,77.2,269.4,386.9,144.9,325.3,169.8,131.7,237.4,281.6,94.7,108.3,356.1,432.4,144.7,145.4,305.3,138.2,203.9,gisborne,21238.0
2019-05-01,157.8,1.4,158.3,153.0,125.8,116.8,272.1,211.9,327.4,87.4,276.7,170.1,284.4,221.6,77.2,269.4,386.9,144.9,325.3,169.8,131.7,237.4,281.6,94.7,108.3,356.1,432.4,144.7,145.4,305.3,138.2,203.9,hawke's_bay,75388.0
2019-05-01,157.8,1.4,158.3,153.0,125.8,116.8,272.1,211.9,327.4,87.4,276.7,170.1,284.4,221.6,77.2,269.4,386.9,144.9,325.3,169.8,131.7,237.4,281.6,94.7,108.3,356.1,432.4,144.7,145.4,305.3,138.2,203.9,manawatu_whanganui,104324.0
2019-05-01,157.8,1.4,158.3,153.0,125.8,116.8,272.1,211.9,327.4,87.4,276.7,170.1,284.4,221.6,77.2,269.4,386.9,144.9,325.3,169.8,131.7,237.4,281.6,94.7,108.3,356.1,432.4,144.7,145.4,305.3,138.2,203.9,marlborough,25688.0
2019-05-01,157.8,1.4,158.3,153.0,125.8,116.8,272.1,211.9,327.4,87.4,276.7,170.1,284.4,221.6,77.2,269.4,386.9,144.9,325.3,169.8,131.7,237.4,281.6,94.7,108.3,356.1,432.4,144.7,145.4,305.3,138.2,203.9,nelson,19965.0
2019-05-01,157.8,1.4,158.3,153.0,125.8,116.8,272.1,211.9,327.4,87.4,276.7,170.1,284.4,221.6,77.2,269.4,386.9,144.9,325.3,169.8,131.7,237.4,281.6,94.7,108.3,356.1,432.4,144.7,145.4,305.3,138.2,203.9,northland,67000.0
2019-05-01,157.8,1.4,158.3,153.0,125.8,116.8,272.1,211.9,327.4,87.4,276.7,170.1,284.4,221.6,77.2,269.4,386.9,144.9,325.3,169.8,131.7,237.4,281.6,94.7,108.3,356.1,432.4,144.7,145.4,305.3,138.2,203.9,otago,107334.0
2019-05-01,157.8,1.4,158.3,153.0,125.8,116.8,272.1,211.9,327.4,87.4,276.7,170.1,284.4,221.6,77.2,269.4,386.9,144.9,325.3,169.8,131.7,237.4,281.6,94.7,108.3,356.1,432.4,144.7,145.4,305.3,138.2,203.9,southland,47008.0
2019-05-01,157.8,1.4,158.3,153.0,125.8,116.8,272.1,211.9,327.4,87.4,276.7,170.1,284.4,221.6,77.2,269.4,386.9,144.9,325.3,169.8,131.7,237.4,281.6,94.7,108.3,356.1,432.4,144.7,145.4,305.3,138.2,203.9,taranaki,51110.0
2019-05-01,157.8,1.4,158.3,153.0,125.8,116.8,272.1,211.9,327.4,87.4,276.7,170.1,284.4,221.6,77.2,269.4,386.9,144.9,325.3,169.8,131.7,237.4,281.6,94.7,108.3,356.1,432.4,144.7,145.4,305.3,138.2,203.9,tasman,23199.0
2019-05-01,157.8,1.4,158.3,153.0,125.8,116.8,272.1,211.9,327.4,87.4,276.7,170.1,284.4,221.6,77.2,269.4,386.9,144.9,325.3,169.8,131.7,237.4,281.6,94.7,108.3,356.1,432.4,144.7,145.4,305.3,138.2,203.9,waikato,201309.0
2019-05-01,157.8,1.4,158.3,153.0,125.8,116.8,272.1,211.9,327.4,87.4,276.7,170.1,284.4,221.6,77.2,269.4,386.9,144.9,325.3,169.8,131.7,237.4,281.6,94.7,108.3,356.1,432.4,144.7,145.4,305.3,138.2,203.9,wellington,240322.0
2019-05-01,157.8,1.4,158.3,153.0,125.8,116.8,272.1,211.9,327.4,87.4,276.7,170.1,284.4,221.6,77.2,269.4,386.9,144.9,325.3,169.8,131.7,237.4,281.6,94.7,108.3,356.1,432.4,144.7,145.4,305.3,138.2,203.9,west_coast,14348.0
2019-06-01,131.9,-5.2,134.0,124.3,106.3,99.0,223.1,175.3,267.6,74.6,233.6,152.7,237.2,189.5,63.8,224.2,294.0,117.9,261.7,142.3,109.6,207.7,231.4,79.8,87.8,289.1,346.7,119.6,128.6,266.5,113.8,160.5,auckland,723890.0
2019-06-01,131.9,-5.2,134.0,124.3,106.3,99.0,223.1,175.3,267.6,74.6,233.6,152.7,237.2,189.5,63.8,224.2,294.0,117.9,261.7,142.3,109.6,207.7,231.4,79.8,87.8,289.1,346.7,119.6,128.6,266.5,113.8,160.5,bay_of_plenty,132322.0
2019-06-01,131.9,-5.2,134.0,124.3,106.3,99.0,223.1,175.3,267.6,74.6,233.6,152.7,237.2,189.5,63.8,224.2,294.0,117.9,261.7,142.3,109.6,207.7,231.4,79.8,87.8,289.1,346.7,119.6,128.6,266.5,113.8,160.5,canterbury,283557.0
2019-06-01,131.9,-5.2,134.0,124.3,106.3,99.0,223.1,175.3,267.6,74.6,233.6,152.7,237.2,189.5,63.8,224.2,294.0,117.9,261.7,142.3,109.6,207.7,231.4,79.8,87.8,289.1,346.7,119.6,128.6,266.5,113.8,160.5,gisborne,21152.0
2019-06-01,131.9,-5.2,134.0,124.3,106.3,99.0,223.1,175.3,267.6,74.6,233.6,152.7,237.2,189.5,63.8,224.2,294.0,117.9,261.7,142.3,109.6,207.7,231.4,79.8,87.8,289.1,346.7,119.6,128.6,266.5,113.8,160.5,hawke's_bay,73479.0
2019-06-01,131.9,-5.2,134.0,124.3,106.3,99.0,223.1,175.3,267.6,74.6,233.6,152.7,237.2,189.5,63.8,224.2,294.0,117.9,261.7,142.3,109.6,207.7,231.4,79.8,87.8,289.1,346.7,119.6,128.6,266.5,113.8,160.5,manawatu_whanganui,104427.0
2019-06-01,131.9,-5.2,134.0,124.3,106.3,99.0,223.1,175.3,267.6,74.6,233.6,152.7,237.2,189.5,63.8,224.2,294.0,117.9,261.7,142.3,109.6,207.7,231.4,79.8,87.8,289.1,346.7,119.6,128.6,266.5,113.8,160.5,marlborough,25602.0
2019-06-01,131.9,-5.2,134.0,124.3,106.3,99.0,223.1,175.3,267.6,74.6,233.6,152.7,237.2,189.5,63.8,224.2,294.0,117.9,261.7,142.3,109.6,207.7,231.4,79.8,87.8,289.1,346.7,119.6,128.6,266.5,113.8,160.5,nelson,19753.0
2019-06-01,131.9,-5.2,134.0,124.3,106.3,99.0,223.1,175.3,267.6,74.6,233.6,152.7,237.2,189.5,63.8,224.2,294.0,117.9,261.7,142.3,109.6,207.7,231.4,79.8,87.8,289.1,346.7,119.6,128.6,266.5,113.8,160.5,northland,66606.0
2019-06-01,131.9,-5.2,134.0,124.3,106.3,99.0,223.1,175.3,267.6,74.6,233.6,152.7,237.2,189.5,63.8,224.2,294.0,117.9,261.7,142.3,109.6,207.7,231.4,79.8,87.8,289.1,346.7,119.6,128.6,266.5,113.8,160.5,otago,106863.0
2019-06-01,131.9,-5.2,134.0,124.3,106.3,99.0,223.1,175.3,267.6,74.6,233.6,152.7,237.2,189.5,63.8,224.2,294.0,117.9,261.7,142.3,109.6,207.7,231.4,79.8,87.8,289.1,346.7,119.6,128.6,266.5,113.8,160.5,southland,45791.0
2019-06-01,131.9,-5.2,134.0,124.3,106.3,99.0,223.1,175.3,267.6,74.6,233.6,152.7,237.2,189.5,63.8,224.2,294.0,117.9,261.7,142.3,109.6,207.7,231.4,79.8,87.8,289.1,346.7,119.6,128.6,266.5,113.8,160.5,taranaki,50887.0
2019-06-01,131.9,-5.2,134.0,124.3,106.3,99.0,223.1,175.3,267.6,74.6,233.6,152.7,237.2,189.5,63.8,224.2,294.0,117.9,261.7,142.3,109.6,207.7,231.4,79.8,87.8,289.1,346.7,119.6,128.6,266.5,113.8,160.5,tasman,22719.0
2019-06-01,131.9,-5.2,134.0,124.3,106.3,99.0,223.1,175.3,267.6,74.6,233.6,152.7,237.2,189.5,63.8,224.2,294.0,117.9,261.7,142.3,109.6,207.7,231.4,79.8,87.8,289.1,346.7,119.6,128.6,266.5,113.8,160.5,waikato,201309.0
2019-06-01,131.9,-5.2,134.0,124.3,106.3,99.0,223.1,175.3,267.6,74.6,233.6,152.7,237.2,189.5,63.8,224.2,294.0,117.9,261.7,142.3,109.6,207.7,231.4,79.8,87.8,289.1,346.7,119.6,128.6,266.5,113.8,160.5,wellington,242075.0
2019-06-01,131.9,-5.2,134.0,124.3,106.3,99.0,223.1,175.3,267.6,74.6,233.6,152.7,237.2,189.5,63.8,224.2,294.0,117.9,261.7,142.3,109.6,207.7,231.4,79.8,87.8,289.1,346.7,119.6,128.6,266.5,113.8,160.5,west_coast,14165.0
2019-07-01,151.8,1.2,153.4,144.1,118.7,116.2,259.7,202.5,334.8,81.9,273.8,151.2,266.5,236.6,74.3,254.9,373.8,137.2,319.3,164.5,124.0,242.7,267.2,89.1,102.6,338.1,413.7,138.1,143.8,305.5,132.0,185.9,auckland,730451.0
2019-07-01,151.8,1.2,153.4,144.1,118.7,116.2,259.7,202.5,334.8,81.9,273.8,151.2,266.5,236.6,74.3,254.9,373.8,137.2,319.3,164.5,124.0,242.7,267.2,89.1,102.6,338.1,413.7,138.1,143.8,305.5,132.0,185.9,bay_of_plenty,131523.0
2019-07-01,151.8,1.2,153.4,144.1,118.7,116.2,259.7,202.5,334.8,81.9,273.8,151.2,266.5,236.6,74.3,254.9,373.8,137.2,319.3,164.5,124.0,242.7,267.2,89.1,102.6,338.1,413.7,138.1,143.8,305.5,132.0,185.9,canterbury,284576.0
2019-07-01,151.8,1.2,153.4,144.1,118.7,116.2,259.7,202.5,334.8,81.9,273.8,151.2,266.5,236.6,74.3,254.9,373.8,137.2,319.3,164.5,124.0,242.7,267.2,89.1,102.6,338.1,413.7,138.1,143.8,305.5,132.0,185.9,gisborne,20978.0
2019-07-01,151.8,1.2,153.4,144.1,118.7,116.2,259.7,202.5,334.8,81.9,273.8,151.2,266.5,236.6,74.3,254.9,373.8,137.2,319.3,164.5,124.0,242.7,267.2,89.1,102.6,338.1,413.7,138.1,143.8,305.5,132.0,185.9,hawke's_bay,72615.0
2019-07-01,151.8,1.2,153.4,144.1,118.7,116.2,259.7,202.5,334.8,81.9,273.8,151.2,266.5,236.6,74.3,254.9,373.8,137.2,319.3,164.5,124.0,242.7,267.2,89.1,102.6,338.1,413.7,138.1,143.8,305.5,132.0,185.9,manawatu_whanganui,104819.0
2019-07-01,151.8,1.2,153.4,144.1,118.7,116.2,259.7,202.5,334.8,81.9,273.8,151.2,266.5,236.6,74.3,254.9,373.8,137.2,319.3,164.5,124.0,242.7,267.2,89.1,102.6,338.1,413.7,138.1,143.8,305.5,132.0,185.9,marlborough,25504.0
2019-07-01,151.8,1.2,153.4,144.1,118.7,116.2,259.7,202.5,334.8,81.9,273.8,151.2,266.5,236.6,74.3,254.9,373.8,137.2,319.3,164.5,124.0,242.7,267.2,89.1,102.6,338.1,413.7,138.1,143.8,305.5,132.0,185.9,nelson,19828.0
2019-07-01,151.8,1.2,153.4,144.1,118.7,116.2,259.7,202.5,334.8,81.9,273.8,151.2,266.5,236.6,74.3,254.9,373.8,137.2,319.3,164.5,124.0,242.7,267.2,89.1,102.6,338.1,413.7,138.1,143.8,305.5,132.0,185.9,northland,66296.0
2019-07-01,151.8,1.2,153.4,144.1,118.7,116.2,259.7,202.5,334.8,81.9,273.8,151.2,266.5,236.6,74.3,254.9,373.8,137.2,319.3,164.5,124.0,242.7,267.2,89.1,102.6,338.1,413.7,138.1,143.8,305.5,132.0,185.9,otago,107051.0
2019-07-01,151.8,1.2,153.4,144.1,118.7,116.2,259.7,202.5,334.8,81.9,273.8,151.2,266.5,236.6,74.3,254.9,373.8,137.2,319.3,164.5,124.0,242.7,267.2,89.1,102.6,338.1,413.7,138.1,143.8,305.5,132.0,185.9,southland,44695.0
2019-07-01,151.8,1.2,153.4,144.1,118.7,116.2,259.7,202.5,334.8,81.9,273.8,151.2,266.5,236.6,74.3,254.9,373.8,137.2,319.3,164.5,124.0,242.7,267.2,89.1,102.6,338.1,413.7,138.1,143.8,305.5,132.0,185.9,taranaki,50764.0
2019-07-01,151.8,1.2,153.4,144.1,118.7,116.2,259.7,202.5,334.8,81.9,273.8,151.2,266.5,236.6,74.3,254.9,373.8,137.2,319.3,164.5,124.0,242.7,267.2,89.1,102.6,338.1,413.7,138.1,143.8,305.5,132.0,185.9,tasman,22715.0
2019-07-01,151.8,1.2,153.4,144.1,118.7,116.2,259.7,202.5,334.8,81.9,273.8,151.2,266.5,236.6,74.3,254.9,373.8,137.2,319.3,164.5,124.0,242.7,267.2,89.1,102.6,338.1,413.7,138.1,143.8,305.5,132.0,185.9,waikato,201617.0
2019-07-01,151.8,1.2,153.4,144.1,118.7,116.2,259.7,202.5,334.8,81.9,273.8,151.2,266.5,236.6,74.3,254.9,373.8,137.2,319.3,164.5,124.0,242.7,267.2,89.1,102.6,338.1,413.7,138.1,143.8,305.5,132.0,185.9,wellington,242699.0
2019-07-01,151.8,1.2,153.4,144.1,118.7,116.2,259.7,202.5,334.8,81.9,273.8,151.2,266.5,236.6,74.3,254.9,373.8,137.2,319.3,164.5,124.0,242.7,267.2,89.1,102.6,338.1,413.7,138.1,143.8,305.5,132.0,185.9,west_coast,14026.0
2019-08-01,147.3,-5.8,146.6,141.9,114.6,108.3,250.7,199.1,354.8,79.6,261.8,161.7,251.5,250.6,69.6,244.2,370.2,132.2,314.2,152.1,118.5,240.5,268.7,88.0,101.5,302.8,407.8,129.7,141.4,299.2,126.8,194.2,auckland,732281.0
2019-08-01,147.3,-5.8,146.6,141.9,114.6,108.3,250.7,199.1,354.8,79.6,261.8,161.7,251.5,250.6,69.6,244.2,370.2,132.2,314.2,152.1,118.5,240.5,268.7,88.0,101.5,302.8,407.8,129.7,141.4,299.2,126.8,194.2,bay_of_plenty,131130.0
2019-08-01,147.3,-5.8,146.6,141.9,114.6,108.3,250.7,199.1,354.8,79.6,261.8,161.7,251.5,250.6,69.6,244.2,370.2,132.2,314.2,152.1,118.5,240.5,268.7,88.0,101.5,302.8,407.8,129.7,141.4,299.2,126.8,194.2,canterbury,284882.0
2019-08-01,147.3,-5.8,146.6,141.9,114.6,108.3,250.7,199.1,354.8,79.6,261.8,161.7,251.5,250.6,69.6,244.2,370.2,132.2,314.2,152.1,118.5,240.5,268.7,88.0,101.5,302.8,407.8,129.7,141.4,299.2,126.8,194.2,gisborne,20819.0
2019-08-01,147.3,-5.8,146.6,141.9,114.6,108.3,250.7,199.1,354.8,79.6,261.8,161.7,251.5,250.6,69.6,244.2,370.2,132.2,314.2,152.1,118.5,240.5,268.7,88.0,101.5,302.8,407.8,129.7,141.4,299.2,126.8,194.2,hawke's_bay,72048.0
2019-08-01,147.3,-5.8,146.6,141.9,114.6,108.3,250.7,199.1,354.8,79.6,261.8,161.7,251.5,250.6,69.6,244.2,370.2,132.2,314.2,152.1,118.5,240.5,268.7,88.0,101.5,302.8,407.8,129.7,141.4,299.2,126.8,194.2,manawatu_whanganui,104543.0
2019-08-01,147.3,-5.8,146.6,141.9,114.6,108.3,250.7,199.1,354.8,79.6,261.8,161.7,251.5,250.6,69.6,244.2,370.2,132.2,314.2,152.1,118.5,240.5,268.7,88.0,101.5,302.8,407.8,129.7,141.4,299.2,126.8,194.2,marlborough,25306.0
2019-08-01,147.3,-5.8,146.6,141.9,114.6,108.3,250.7,199.1,354.8,79.6,261.8,161.7,251.5,250.6,69.6,244.2,370.2,132.2,314.2,152.1,118.5,240.5,268.7,88.0,101.5,302.8,407.8,129.7,141.4,299.2,126.8,194.2,nelson,19758.0
2019-08-01,147.3,-5.8,146.6,141.9,114.6,108.3,250.7,199.1,354.8,79.6,261.8,161.7,251.5,250.6,69.6,244.2,370.2,132.2,314.2,152.1,118.5,240.5,268.7,88.0,101.5,302.8,407.8,129.7,141.4,299.2,126.8,194.2,northland,66406.0
2019-08-01,147.3,-5.8,146.6,141.9,114.6,108.3,250.7,199.1,354.8,79.6,261.8,161.7,251.5,250.6,69.6,244.2,370.2,132.2,314.2,152.1,118.5,240.5,268.7,88.0,101.5,302.8,407.8,129.7,141.4,299.2,126.8,194.2,otago,107681.0
2019-08-01,147.3,-5.8,146.6,141.9,114.6,108.3,250.7,199.1,354.8,79.6,261.8,161.7,251.5,250.6,69.6,244.2,370.2,132.2,314.2,152.1,118.5,240.5,268.7,88.0,101.5,302.8,407.8,129.7,141.4,299.2,126.8,194.2,southland,45209.0
2019-08-01,147.3,-5.8,146.6,141.9,114.6,108.3,250.7,199.1,354.8,79.6,261.8,161.7,251.5,250.6,69.6,244.2,370.2,132.2,314.2,152.1,118.5,240.5,268.7,88.0,101.5,302.8,407.8,129.7,141.4,299.2,126.8,194.2,taranaki,50849.0
2019-08-01,147.3,-5.8,146.6,141.9,114.6,108.3,250.7,199.1,354.8,79.6,261.8,161.7,251.5,250.6,69.6,244.2,370.2,132.2,314.2,152.1,118.5,240.5,268.7,88.0,101.5,302.8,407.8,129.7,141.4,299.2,126.8,194.2,tasman,22620.0
2019-08-01,147.3,-5.8,146.6,141.9,114.6,108.3,250.7,199.1,354.8,79.6,261.8,161.7,251.5,250.6,69.6,244.2,370.2,132.2,314.2,152.1,118.5,240.5,268.7,88.0,101.5,302.8,407.8,129.7,141.4,299.2,126.8,194.2,waikato,202308.0
2019-08-01,147.3,-5.8,146.6,141.9,114.6,108.3,250.7,199.1,354.8,79.6,261.8,161.7,251.5,250.6,69.6,244.2,370.2,132.2,314.2,152.1,118.5,240.5,268.7,88.0,101.5,302.8,407.8,129.7,141.4,299.2,126.8,194.2,wellington,242569.0
2019-08-01,147.3,-5.8,146.6,141.9,114.6,108.3,250.7,199.1,354.8,79.6,261.8,161.7,251.5,250.6,69.6,244.2,370.2,132.2,314.2,152.1,118.5,240.5,268.7,88.0,101.5,302.8,407.8,129.7,141.4,299.2,126.8,194.2,west_coast,14159.0
2019-09-01,145.7,1.4,143.2,145.5,113.3,103.4,255.1,198.1,345.0,74.1,255.5,211.5,240.5,258.5,67.1,254.3,334.4,132.9,295.6,147.6,118.3,227.8,264.9,82.4,109.3,354.7,420.6,123.9,150.2,281.2,128.7,203.8,auckland,735992.0
2019-09-01,145.7,1.4,143.2,145.5,113.3,103.4,255.1,198.1,345.0,74.1,255.5,211.5,240.5,258.5,67.1,254.3,334.4,132.9,295.6,147.6,118.3,227.8,264.9,82.4,109.3,354.7,420.6,123.9,150.2,281.2,128.7,203.8,bay_of_plenty,131597.0
2019-09-01,145.7,1.4,143.2,145.5,113.3,103.4,255.1,198.1,345.0,74.1,255.5,211.5,240.5,258.5,67.1,254.3,334.4,132.9,295.6,147.6,118.3,227.8,264.9,82.4,109.3,354.7,420.6,123.9,150.2,281.2,128.7,203.8,canterbury,287426.0
2019-09-01,145.7,1.4,143.2,145.5,113.3,103.4,255.1,198.1,345.0,74.1,255.5,211.5,240.5,258.5,67.1,254.3,334.4,132.9,295.6,147.6,118.3,227.8,264.9,82.4,109.3,354.7,420.6,123.9,150.2,281.2,128.7,203.8,gisborne,20758.0
2019-09-01,145.7,1.4,143.2,145.5,113.3,103.4,255.1,198.1,345.0,74.1,255.5,211.5,240.5,258.5,67.1,254.3,334.4,132.9,295.6,147.6,118.3,227.8,264.9,82.4,109.3,354.7,420.6,123.9,150.2,281.2,128.7,203.8,hawke's_bay,71977.0
2019-09-01,145.7,1.4,143.2,145.5,113.3,103.4,255.1,198.1,345.0,74.1,255.5,211.5,240.5,258.5,67.1,254.3,334.4,132.9,295.6,147.6,118.3,227.8,264.9,82.4,109.3,354.7,420.6,123.9,150.2,281.2,128.7,203.8,manawatu_whanganui,105389.0
2019-09-01,145.7,1.4,143.2,145.5,113.3,103.4,255.1,198.1,345.0,74.1,255.5,211.5,240.5,258.5,67.1,254.3,334.4,132.9,295.6,147.6,118.3,227.8,264.9,82.4,109.3,354.7,420.6,123.9,150.2,281.2,128.7,203.8,marlborough,25364.0
2019-09-01,145.7,1.4,143.2,145.5,113.3,103.4,255.1,198.1,345.0,74.1,255.5,211.5,240.5,258.5,67.1,254.3,334.4,132.9,295.6,147.6,118.3,227.8,264.9,82.4,109.3,354.7,420.6,123.9,150.2,281.2,128.7,203.8,nelson,19845.0
2019-09-01,145.7,1.4,143.2,145.5,113.3,103.4,255.1,198.1,345.0,74.1,255.5,211.5,240.5,258.5,67.1,254.3,334.4,132.9,295.6,147.6,118.3,227.8,264.9,82.4,109.3,354.7,420.6,123.9,150.2,281.2,128.7,203.8,northland,67157.0
2019-09-01,145.7,1.4,143.2,145.5,113.3,103.4,255.1,198.1,345.0,74.1,255.5,211.5,240.5,258.5,67.1,254.3,334.4,132.9,295.6,147.6,118.3,227.8,264.9,82.4,109.3,354.7,420.6,123.9,150.2,281.2,128.7,203.8,otago,108644.0
2019-09-01,145.7,1.4,143.2,145.5,113.3,103.4,255.1,198.1,345.0,74.1,255.5,211.5,240.5,258.5,67.1,254.3,334.4,132.9,295.6,147.6,118.3,227.8,264.9,82.4,109.3,354.7,420.6,123.9,150.2,281.2,128.7,203.8,southland,45949.0
2019-09-01,145.7,1.4,143.2,145.5,113.3,103.4,255.1,198.1,345.0,74.1,255.5,211.5,240.5,258.5,67.1,254.3,334.4,132.9,295.6,147.6,118.3,227.8,264.9,82.4,109.3,354.7,420.6,123.9,150.2,281.2,128.7,203.8,taranaki,51087.0
2019-09-01,145.7,1.4,143.2,145.5,113.3,103.4,255.1,198.1,345.0,74.1,255.5,211.5,240.5,258.5,67.1,254.3,334.4,132.9,295.6,147.6,118.3,227.8,264.9,82.4,109.3,354.7,420.6,123.9,150.2,281.2,128.7,203.8,tasman,22543.0
2019-09-01,145.7,1.4,143.2,145.5,113.3,103.4,255.1,198.1,345.0,74.1,255.5,211.5,240.5,258.5,67.1,254.3,334.4,132.9,295.6,147.6,118.3,227.8,264.9,82.4,109.3,354.7,420.6,123.9,150.2,281.2,128.7,203.8,waikato,204033.0
2019-09-01,145.7,1.4,143.2,145.5,113.3,103.4,255.1,198.1,345.0,74.1,255.5,211.5,240.5,258.5,67.1,254.3,334.4,132.9,295.6,147.6,118.3,227.8,264.9,82.4,109.3,354.7,420.6,123.9,150.2,281.2,128.7,203.8,wellington,243860.0
2019-09-01,145.7,1.4,143.2,145.5,113.3,103.4,255.1,198.1,345.0,74.1,255.5,211.5,240.5,258.5,67.1,254.3,334.4,132.9,295.6,147.6,118.3,227.8,264.9,82.4,109.3,354.7,420.6,123.9,150.2,281.2,128.7,203.8,west_coast,14333.0
2019-10-01,147.0,-4.7,137.4,163.6,113.3,104.8,260.7,198.5,351.3,73.6,258.7,243.6,232.7,268.3,67.6,263.3,334.8,130.3,291.2,126.7,115.5,225.7,270.9,88.5,124.9,412.2,502.9,111.5,161.3,282.6,144.6,228.8,auckland,740153.0
2019-10-01,147.0,-4.7,137.4,163.6,113.3,104.8,260.7,198.5,351.3,73.6,258.7,243.6,232.7,268.3,67.6,263.3,334.8,130.3,291.2,126.7,115.5,225.7,270.9,88.5,124.9,412.2,502.9,111.5,161.3,282.6,144.6,228.8,bay_of_plenty,132229.0
2019-10-01,147.0,-4.7,137.4,163.6,113.3,104.8,260.7,198.5,351.3,73.6,258.7,243.6,232.7,268.3,67.6,263.3,334.8,130.3,291.2,126.7,115.5,225.7,270.9,88.5,124.9,412.2,502.9,111.5,161.3,282.6,144.6,228.8,canterbury,289198.0
2019-10-01,147.0,-4.7,137.4,163.6,113.3,104.8,260.7,198.5,351.3,73.6,258.7,243.6,232.7,268.3,67.6,263.3,334.8,130.3,291.2,126.7,115.5,225.7,270.9,88.5,124.9,412.2,502.9,111.5,161.3,282.6,144.6,228.8,gisborne,21136.0
2019-10-01,147.0,-4.7,137.4,163.6,113.3,104.8,260.7,198.5,351.3,73.6,258.7,243.6,232.7,268.3,67.6,263.3,334.8,130.3,291.2,126.7,115.5,225.7,270.9,88.5,124.9,412.2,502.9,111.5,161.3,282.6,144.6,228.8,hawke's_bay,71891.0
2019-10-01,147.0,-4.7,137.4,163.6,113.3,104.8,260.7,198.5,351.3,73.6,258.7,243.6,232.7,268.3,67.6,263.3,334.8,130.3,291.2,126.7,115.5,225.7,270.9,88.5,124.9,412.2,502.9,111.5,161.3,282.6,144.6,228.8,manawatu_whanganui,106181.0
2019-10-01,147.0,-4.7,137.4,163.6,113.3,104.8,260.7,198.5,351.3,73.6,258.7,243.6,232.7,268.3,67.6,263.3,334.8,130.3,291.2,126.7,115.5,225.7,270.9,88.5,124.9,412.2,502.9,111.5,161.3,282.6,144.6,228.8,marlborough,25057.0
2019-10-01,147.0,-4.7,137.4,163.6,113.3,104.8,260.7,198.5,351.3,73.6,258.7,243.6,232.7,268.3,67.6,263.3,334.8,130.3,291.2,126.7,115.5,225.7,270.9,88.5,124.9,412.2,502.9,111.5,161.3,282.6,144.6,228.8,nelson,19714.0
2019-10-01,147.0,-4.7,137.4,163.6,113.3,104.8,260.7,198.5,351.3,73.6,258.7,243.6,232.7,268.3,67.6,263.3,334.8,130.3,291.2,126.7,115.5,225.7,270.9,88.5,124.9,412.2,502.9,111.5,161.3,282.6,144.6,228.8,northland,67541.0
2019-10-01,147.0,-4.7,137.4,163.6,113.3,104.8,260.7,198.5,351.3,73.6,258.7,243.6,232.7,268.3,67.6,263.3,334.8,130.3,291.2,126.7,115.5,225.7,270.9,88.5,124.9,412.2,502.9,111.5,161.3,282.6,144.6,228.8,otago,108857.0
2019-10-01,147.0,-4.7,137.4,163.6,113.3,104.8,260.7,198.5,351.3,73.6,258.7,243.6,232.7,268.3,67.6,263.3,334.8,130.3,291.2,126.7,115.5,225.7,270.9,88.5,124.9,412.2,502.9,111.5,161.3,282.6,144.6,228.8,southland,46411.0
2019-10-01,147.0,-4.7,137.4,163.6,113.3,104.8,260.7,198.5,351.3,73.6,258.7,243.6,232.7,268.3,67.6,263.3,334.8,130.3,291.2,126.7,115.5,225.7,270.9,88.5,124.9,412.2,502.9,111.5,161.3,282.6,144.6,228.8,taranaki,51189.0
2019-10-01,147.0,-4.7,137.4,163.6,113.3,104.8,260.7,198.5,351.3,73.6,258.7,243.6,232.7,268.3,67.6,263.3,334.8,130.3,291.2,126.7,115.5,225.7,270.9,88.5,124.9,412.2,502.9,111.5,161.3,282.6,144.6,228.8,tasman,22590.0
2019-10-01,147.0,-4.7,137.4,163.6,113.3,104.8,260.7,198.5,351.3,73.6,258.7,243.6,232.7,268.3,67.6,263.3,334.8,130.3,291.2,126.7,115.5,225.7,270.9,88.5,124.9,412.2,502.9,111.5,161.3,282.6,144.6,228.8,waikato,205965.0
2019-10-01,147.0,-4.7,137.4,163.6,113.3,104.8,260.7,198.5,351.3,73.6,258.7,243.6,232.7,268.3,67.6,263.3,334.8,130.3,291.2,126.7,115.5,225.7,270.9,88.5,124.9,412.2,502.9,111.5,161.3,282.6,144.6,228.8,wellington,245043.0
2019-10-01,147.0,-4.7,137.4,163.6,113.3,104.8,260.7,198.5,351.3,73.6,258.7,243.6,232.7,268.3,67.6,263.3,334.8,130.3,291.2,126.7,115.5,225.7,270.9,88.5,124.9,412.2,502.9,111.5,161.3,282.6,144.6,228.8,west_coast,14501.0
2019-11-01,131.8,-6.7,130.3,130.4,102.1,93.0,231.6,173.5,329.4,67.8,238.1,174.6,226.8,230.2,62.4,239.1,274.8,110.9,267.0,135.8,106.4,212.9,232.5,74.7,89.4,350.4,367.2,114.0,129.5,265.6,117.8,173.6,auckland,752591.0
2019-11-01,131.8,-6.7,130.3,130.4,102.1,93.0,231.6,173.5,329.4,67.8,238.1,174.6,226.8,230.2,62.4,239.1,274.8,110.9,267.0,135.8,106.4,212.9,232.5,74.7,89.4,350.4,367.2,114.0,129.5,265.6,117.8,173.6,bay_of_plenty,134962.0
2019-11-01,131.8,-6.7,130.3,130.4,102.1,93.0,231.6,173.5,329.4,67.8,238.1,174.6,226.8,230.2,62.4,239.1,274.8,110.9,267.0,135.8,106.4,212.9,232.5,74.7,89.4,350.4,367.2,114.0,129.5,265.6,117.8,173.6,canterbury,293693.0
2019-11-01,131.8,-6.7,130.3,130.4,102.1,93.0,231.6,173.5,329.4,67.8,238.1,174.6,226.8,230.2,62.4,239.1,274.8,110.9,267.0,135.8,106.4,212.9,232.5,74.7,89.4,350.4,367.2,114.0,129.5,265.6,117.8,173.6,gisborne,21612.0
2019-11-01,131.8,-6.7,130.3,130.4,102.1,93.0,231.6,173.5,329.4,67.8,238.1,174.6,226.8,230.2,62.4,239.1,274.8,110.9,267.0,135.8,106.4,212.9,232.5,74.7,89.4,350.4,367.2,114.0,129.5,265.6,117.8,173.6,hawke's_bay,74938.0
2019-11-01,131.8,-6.7,130.3,130.4,102.1,93.0,231.6,173.5,329.4,67.8,238.1,174.6,226.8,230.2,62.4,239.1,274.8,110.9,267.0,135.8,106.4,212.9,232.5,74.7,89.4,350.4,367.2,114.0,129.5,265.6,117.8,173.6,manawatu_whanganui,107930.0
2019-11-01,131.8,-6.7,130.3,130.4,102.1,93.0,231.6,173.5,329.4,67.8,238.1,174.6,226.8,230.2,62.4,239.1,274.8,110.9,267.0,135.8,106.4,212.9,232.5,74.7,89.4,350.4,367.2,114.0,129.5,265.6,117.8,173.6,marlborough,26405.0
2019-11-01,131.8,-6.7,130.3,130.4,102.1,93.0,231.6,173.5,329.4,67.8,238.1,174.6,226.8,230.2,62.4,239.1,274.8,110.9,267.0,135.8,106.4,212.9,232.5,74.7,89.4,350.4,367.2,114.0,129.5,265.6,117.8,173.6,nelson,20371.0
2019-11-01,131.8,-6.7,130.3,130.4,102.1,93.0,231.6,173.5,329.4,67.8,238.1,174.6,226.8,230.2,62.4,239.1,274.8,110.9,267.0,135.8,106.4,212.9,232.5,74.7,89.4,350.4,367.2,114.0,129.5,265.6,117.8,173.6,northland,69388.0
2019-11-01,131.8,-6.7,130.3,130.4,102.1,93.0,231.6,173.5,329.4,67.8,238.1,174.6,226.8,230.2,62.4,239.1,274.8,110.9,267.0,135.8,106.4,212.9,232.5,74.7,89.4,350.4,367.2,114.0,129.5,265.6,117.8,173.6,otago,111707.0
2019-11-01,131.8,-6.7,130.3,130.4,102.1,93.0,231.6,173.5,329.4,67.8,238.1,174.6,226.8,230.2,62.4,239.1,274.8,110.9,267.0,135.8,106.4,212.9,232.5,74.7,89.4,350.4,367.2,114.0,129.5,265.6,117.8,173.6,southland,47608.0
2019-11-01,131.8,-6.7,130.3,130.4,102.1,93.0,231.6,173.5,329.4,67.8,238.1,174.6,226.8,230.2,62.4,239.1,274.8,110.9,267.0,135.8,106.4,212.9,232.5,74.7,89.4,350.4,367.2,114.0,129.5,265.6,117.8,173.6,taranaki,52401.0
2019-11-01,131.8,-6.7,130.3,130.4,102.1,93.0,231.6,173.5,329.4,67.8,238.1,174.6,226.8,230.2,62.4,239.1,274.8,110.9,267.0,135.8,106.4,212.9,232.5,74.7,89.4,350.4,367.2,114.0,129.5,265.6,117.8,173.6,tasman,23521.0
2019-11-01,131.8,-6.7,130.3,130.4,102.1,93.0,231.6,173.5,329.4,67.8,238.1,174.6,226.8,230.2,62.4,239.1,274.8,110.9,267.0,135.8,106.4,212.9,232.5,74.7,89.4,350.4,367.2,114.0,129.5,265.6,117.8,173.6,waikato,209351.0
2019-11-01,131.8,-6.7,130.3,130.4,102.1,93.0,231.6,173.5,329.4,67.8,238.1,174.6,226.8,230.2,62.4,239.1,274.8,110.9,267.0,135.8,106.4,212.9,232.5,74.7,89.4,350.4,367.2,114.0,129.5,265.6,117.8,173.6,wellington,247600.0
2019-11-01,131.8,-6.7,130.3,130.4,102.1,93.0,231.6,173.5,329.4,67.8,238.1,174.6,226.8,230.2,62.4,239.1,274.8,110.9,267.0,135.8,106.4,212.9,232.5,74.7,89.4,350.4,367.2,114.0,129.5,265.6,117.8,173.6,west_coast,14779.0
2019-12-01,93.7,2.2,94.0,90.0,69.9,66.0,173.5,123.7,242.1,48.2,167.1,117.3,175.5,170.2,47.6,158.5,241.1,77.2,172.6,99.5,77.0,153.7,176.3,51.2,58.5,235.6,246.7,84.8,86.5,189.3,82.6,115.7,auckland,757208.0
2019-12-01,93.7,2.2,94.0,90.0,69.9,66.0,173.5,123.7,242.1,48.2,167.1,117.3,175.5,170.2,47.6,158.5,241.1,77.2,172.6,99.5,77.0,153.7,176.3,51.2,58.5,235.6,246.7,84.8,86.5,189.3,82.6,115.7,bay_of_plenty,136485.0
2019-12-01,93.7,2.2,94.0,90.0,69.9,66.0,173.5,123.7,242.1,48.2,167.1,117.3,175.5,170.2,47.6,158.5,241.1,77.2,172.6,99.5,77.0,153.7,176.3,51.2,58.5,235.6,246.7,84.8,86.5,189.3,82.6,115.7,canterbury,296665.0
2019-12-01,93.7,2.2,94.0,90.0,69.9,66.0,173.5,123.7,242.1,48.2,167.1,117.3,175.5,170.2,47.6,158.5,241.1,77.2,172.6,99.5,77.0,153.7,176.3,51.2,58.5,235.6,246.7,84.8,86.5,189.3,82.6,115.7,gisborne,22148.0
2019-12-01,93.7,2.2,94.0,90.0,69.9,66.0,173.5,123.7,242.1,48.2,167.1,117.3,175.5,170.2,47.6,158.5,241.1,77.2,172.6,99.5,77.0,153.7,176.3,51.2,58.5,235.6,246.7,84.8,86.5,189.3,82.6,115.7,hawke's_bay,78101.0
2019-12-01,93.7,2.2,94.0,90.0,69.9,66.0,173.5,123.7,242.1,48.2,167.1,117.3,175.5,170.2,47.6,158.5,241.1,77.2,172.6,99.5,77.0,153.7,176.3,51.2,58.5,235.6,246.7,84.8,86.5,189.3,82.6,115.7,manawatu_whanganui,108919.0
2019-12-01,93.7,2.2,94.0,90.0,69.9,66.0,173.5,123.7,242.1,48.2,167.1,117.3,175.5,170.2,47.6,158.5,241.1,77.2,172.6,99.5,77.0,153.7,176.3,51.2,58.5,235.6,246.7,84.8,86.5,189.3,82.6,115.7,marlborough,26826.0
2019-12-01,93.7,2.2,94.0,90.0,69.9,66.0,173.5,123.7,242.1,48.2,167.1,117.3,175.5,170.2,47.6,158.5,241.1,77.2,172.6,99.5,77.0,153.7,176.3,51.2,58.5,235.6,246.7,84.8,86.5,189.3,82.6,115.7,nelson,20620.0
2019-12-01,93.7,2.2,94.0,90.0,69.9,66.0,173.5,123.7,242.1,48.2,167.1,117.3,175.5,170.2,47.6,158.5,241.1,77.2,172.6,99.5,77.0,153.7,176.3,51.2,58.5,235.6,246.7,84.8,86.5,189.3,82.6,115.7,northland,70265.0
2019-12-01,93.7,2.2,94.0,90.0,69.9,66.0,173.5,123.7,242.1,48.2,167.1,117.3,175.5,170.2,47.6,158.5,241.1,77.2,172.6,99.5,77.0,153.7,176.3,51.2,58.5,235.6,246.7,84.8,86.5,189.3,82.6,115.7,otago,112988.0
2019-12-01,93.7,2.2,94.0,90.0,69.9,66.0,173.5,123.7,242.1,48.2,167.1,117.3,175.5,170.2,47.6,158.5,241.1,77.2,172.6,99.5,77.0,153.7,176.3,51.2,58.5,235.6,246.7,84.8,86.5,189.3,82.6,115.7,southland,48688.0
2019-12-01,93.7,2.2,94.0,90.0,69.9,66.0,173.5,123.7,242.1,48.2,167.1,117.3,175.5,170.2,47.6,158.5,241.1,77.2,172.6,99.5,77.0,153.7,176.3,51.2,58.5,235.6,246.7,84.8,86.5,189.3,82.6,115.7,taranaki,52801.0
2019-12-01,93.7,2.2,94.0,90.0,69.9,66.0,173.5,123.7,242.1,48.2,167.1,117.3,175.5,170.2,47.6,158.5,241.1,77.2,172.6,99.5,77.0,153.7,176.3,51.2,58.5,235.6,246.7,84.8,86.5,189.3,82.6,115.7,tasman,24187.0
2019-12-01,93.7,2.2,94.0,90.0,69.9,66.0,173.5,123.7,242.1,48.2,167.1,117.3,175.5,170.2,47.6,158.5,241.1,77.2,172.6,99.5,77.0,153.7,176.3,51.2,58.5,235.6,246.7,84.8,86.5,189.3,82.6,115.7,waikato,211395.0
2019-12-01,93.7,2.2,94.0,90.0,69.9,66.0,173.5,123.7,242.1,48.2,167.1,117.3,175.5,170.2,47.6,158.5,241.1,77.2,172.6,99.5,77.0,153.7,176.3,51.2,58.5,235.6,246.7,84.8,86.5,189.3,82.6,115.7,wellington,248996.0
2019-12-01,93.7,2.2,94.0,90.0,69.9,66.0,173.5,123.7,242.1,48.2,167.1,117.3,175.5,170.2,47.6,158.5,241.1,77.2,172.6,99.5,77.0,153.7,176.3,51.2,58.5,235.6,246.7,84.8,86.5,189.3,82.6,115.7,west_coast,15010.0
2020-01-01,152.9,-0.1,149.3,152.9,117.0,110.6,273.8,201.6,369.5,79.3,277.9,132.1,267.3,264.4,66.2,275.1,368.4,140.6,328.9,154.5,117.5,252.9,297.8,87.5,113.3,343.6,452.7,131.3,137.5,328.8,135.2,214.3,auckland,735996.0
2020-01-01,152.9,-0.1,149.3,152.9,117.0,110.6,273.8,201.6,369.5,79.3,277.9,132.1,267.3,264.4,66.2,275.1,368.4,140.6,328.9,154.5,117.5,252.9,297.8,87.5,113.3,343.6,452.7,131.3,137.5,328.8,135.2,214.3,bay_of_plenty,133912.0
2020-01-01,152.9,-0.1,149.3,152.9,117.0,110.6,273.8,201.6,369.5,79.3,277.9,132.1,267.3,264.4,66.2,275.1,368.4,140.6,328.9,154.5,117.5,252.9,297.8,87.5,113.3,343.6,452.7,131.3,137.5,328.8,135.2,214.3,canterbury,288323.0
2020-01-01,152.9,-0.1,149.3,152.9,117.0,110.6,273.8,201.6,369.5,79.3,277.9,132.1,267.3,264.4,66.2,275.1,368.4,140.6,328.9,154.5,117.5,252.9,297.8,87.5,113.3,343.6,452.7,131.3,137.5,328.8,135.2,214.3,gisborne,21759.0
2020-01-01,152.9,-0.1,149.3,152.9,117.0,110.6,273.8,201.6,369.5,79.3,277.9,132.1,267.3,264.4,66.2,275.1,368.4,140.6,328.9,154.5,117.5,252.9,297.8,87.5,113.3,343.6,452.7,131.3,137.5,328.8,135.2,214.3,hawke's_bay,75959.0
2020-01-01,152.9,-0.1,149.3,152.9,117.0,110.6,273.8,201.6,369.5,79.3,277.9,132.1,267.3,264.4,66.2,275.1,368.4,140.6,328.9,154.5,117.5,252.9,297.8,87.5,113.3,343.6,452.7,131.3,137.5,328.8,135.2,214.3,manawatu_whanganui,106286.0
2020-01-01,152.9,-0.1,149.3,152.9,117.0,110.6,273.8,201.6,369.5,79.3,277.9,132.1,267.3,264.4,66.2,275.1,368.4,140.6,328.9,154.5,117.5,252.9,297.8,87.5,113.3,343.6,452.7,131.3,137.5,328.8,135.2,214.3,marlborough,26227.0
2020-01-01,152.9,-0.1,149.3,152.9,117.0,110.6,273.8,201.6,369.5,79.3,277.9,132.1,267.3,264.4,66.2,275.1,368.4,140.6,328.9,154.5,117.5,252.9,297.8,87.5,113.3,343.6,452.7,131.3,137.5,328.8,135.2,214.3,nelson,20137.0
2020-01-01,152.9,-0.1,149.3,152.9,117.0,110.6,273.8,201.6,369.5,79.3,277.9,132.1,267.3,264.4,66.2,275.1,368.4,140.6,328.9,154.5,117.5,252.9,297.8,87.5,113.3,343.6,452.7,131.3,137.5,328.8,135.2,214.3,northland,68396.0
2020-01-01,152.9,-0.1,149.3,152.9,117.0,110.6,273.8,201.6,369.5,79.3,277.9,132.1,267.3,264.4,66.2,275.1,368.4,140.6,328.9,154.5,117.5,252.9,297.8,87.5,113.3,343.6,452.7,131.3,137.5,328.8,135.2,214.3,otago,110701.0
2020-01-01,152.9,-0.1,149.3,152.9,117.0,110.6,273.8,201.6,369.5,79.3,277.9,132.1,267.3,264.4,66.2,275.1,368.4,140.6,328.9,154.5,117.5,252.9,297.8,87.5,113.3,343.6,452.7,131.3,137.5,328.8,135.2,214.3,southland,48096.0
2020-01-01,152.9,-0.1,149.3,152.9,117.0,110.6,273.8,201.6,369.5,79.3,277.9,132.1,267.3,264.4,66.2,275.1,368.4,140.6,328.9,154.5,117.5,252.9,297.8,87.5,113.3,343.6,452.7,131.3,137.5,328.8,135.2,214.3,taranaki,51656.0
2020-01-01,152.9,-0.1,149.3,152.9,117.0,110.6,273.8,201.6,369.5,79.3,277.9,132.1,267.3,264.4,66.2,275.1,368.4,140.6,328.9,154.5,117.5,252.9,297.8,87.5,113.3,343.6,452.7,131.3,137.5,328.8,135.2,214.3,tasman,23621.0
2020-01-01,152.9,-0.1,149.3,152.9,117.0,110.6,273.8,201.6,369.5,79.3,277.9,132.1,267.3,264.4,66.2,275.1,368.4,140.6,328.9,154.5,117.5,252.9,297.8,87.5,113.3,343.6,452.7,131.3,137.5,328.8,135.2,214.3,waikato,206534.0
2020-01-01,152.9,-0.1,149.3,152.9,117.0,110.6,273.8,201.6,369.5,79.3,277.9,132.1,267.3,264.4,66.2,275.1,368.4,140.6,328.9,154.5,117.5,252.9,297.8,87.5,113.3,343.6,452.7,131.3,137.5,328.8,135.2,214.3,wellington,243008.0
2020-01-01,152.9,-0.1,149.3,152.9,117.0,110.6,273.8,201.6,369.5,79.3,277.9,132.1,267.3,264.4,66.2,275.1,368.4,140.6,328.9,154.5,117.5,252.9,297.8,87.5,113.3,343.6,452.7,131.3,137.5,328.8,135.2,214.3,west_coast,14676.0
2020-02-01,135.1,-10.3,134.1,131.8,105.5,98.9,244.0,170.4,303.5,72.4,250.2,146.2,228.2,229.7,63.0,240.1,302.5,115.7,268.9,139.5,106.1,224.0,244.8,79.9,89.9,313.9,395.0,116.8,130.4,285.6,118.6,177.2,auckland,747535.0
2020-02-01,135.1,-10.3,134.1,131.8,105.5,98.9,244.0,170.4,303.5,72.4,250.2,146.2,228.2,229.7,63.0,240.1,302.5,115.7,268.9,139.5,106.1,224.0,244.8,79.9,89.9,313.9,395.0,116.8,130.4,285.6,118.6,177.2,bay_of_plenty,133621.0
2020-02-01,135.1,-10.3,134.1,131.8,105.5,98.9,244.0,170.4,303.5,72.4,250.2,146.2,228.2,229.7,63.0,240.1,302.5,115.7,268.9,139.5,106.1,224.0,244.8,79.9,89.9,313.9,395.0,116.8,130.4,285.6,118.6,177.2,canterbury,292328.0
2020-02-01,135.1,-10.3,134.1,131.8,105.5,98.9,244.0,170.4,303.5,72.4,250.2,146.2,228.2,229.7,63.0,240.1,302.5,115.7,268.9,139.5,106.1,224.0,244.8,79.9,89.9,313.9,395.0,116.8,130.4,285.6,118.6,177.2,gisborne,21997.0
2020-02-01,135.1,-10.3,134.1,131.8,105.5,98.9,244.0,170.4,303.5,72.4,250.2,146.2,228.2,229.7,63.0,240.1,302.5,115.7,268.9,139.5,106.1,224.0,244.8,79.9,89.9,313.9,395.0,116.8,130.4,285.6,118.6,177.2,hawke's_bay,77609.0
2020-02-01,135.1,-10.3,134.1,131.8,105.5,98.9,244.0,170.4,303.5,72.4,250.2,146.2,228.2,229.7,63.0,240.1,302.5,115.7,268.9,139.5,106.1,224.0,244.8,79.9,89.9,313.9,395.0,116.8,130.4,285.6,118.6,177.2,manawatu_whanganui,107538.0
2020-02-01,135.1,-10.3,134.1,131.8,105.5,98.9,244.0,170.4,303.5,72.4,250.2,146.2,228.2,229.7,63.0,240.1,302.5,115.7,268.9,139.5,106.1,224.0,244.8,79.9,89.9,313.9,395.0,116.8,130.4,285.6,118.6,177.2,marlborough,26468.0
2020-02-01,135.1,-10.3,134.1,131.8,105.5,98.9,244.0,170.4,303.5,72.4,250.2,146.2,228.2,229.7,63.0,240.1,302.5,115.7,268.9,139.5,106.1,224.0,244.8,79.9,89.9,313.9,395.0,116.8,130.4,285.6,118.6,177.2,nelson,20266.0
2020-02-01,135.1,-10.3,134.1,131.8,105.5,98.9,244.0,170.4,303.5,72.4,250.2,146.2,228.2,229.7,63.0,240.1,302.5,115.7,268.9,139.5,106.1,224.0,244.8,79.9,89.9,313.9,395.0,116.8,130.4,285.6,118.6,177.2,northland,68798.0
2020-02-01,135.1,-10.3,134.1,131.8,105.5,98.9,244.0,170.4,303.5,72.4,250.2,146.2,228.2,229.7,63.0,240.1,302.5,115.7,268.9,139.5,106.1,224.0,244.8,79.9,89.9,313.9,395.0,116.8,130.4,285.6,118.6,177.2,otago,112351.0
2020-02-01,135.1,-10.3,134.1,131.8,105.5,98.9,244.0,170.4,303.5,72.4,250.2,146.2,228.2,229.7,63.0,240.1,302.5,115.7,268.9,139.5,106.1,224.0,244.8,79.9,89.9,313.9,395.0,116.8,130.4,285.6,118.6,177.2,southland,48798.0
2020-02-01,135.1,-10.3,134.1,131.8,105.5,98.9,244.0,170.4,303.5,72.4,250.2,146.2,228.2,229.7,63.0,240.1,302.5,115.7,268.9,139.5,106.1,224.0,244.8,79.9,89.9,313.9,395.0,116.8,130.4,285.6,118.6,177.2,taranaki,52401.0
2020-02-01,135.1,-10.3,134.1,131.8,105.5,98.9,244.0,170.4,303.5,72.4,250.2,146.2,228.2,229.7,63.0,240.1,302.5,115.7,268.9,139.5,106.1,224.0,244.8,79.9,89.9,313.9,395.0,116.8,130.4,285.6,118.6,177.2,tasman,23864.0
2020-02-01,135.1,-10.3,134.1,131.8,105.5,98.9,244.0,170.4,303.5,72.4,250.2,146.2,228.2,229.7,63.0,240.1,302.5,115.7,268.9,139.5,106.1,224.0,244.8,79.9,89.9,313.9,395.0,116.8,130.4,285.6,118.6,177.2,waikato,208804.0
2020-02-01,135.1,-10.3,134.1,131.8,105.5,98.9,244.0,170.4,303.5,72.4,250.2,146.2,228.2,229.7,63.0,240.1,302.5,115.7,268.9,139.5,106.1,224.0,244.8,79.9,89.9,313.9,395.0,116.8,130.4,285.6,118.6,177.2,wellington,246505.0
2020-02-01,135.1,-10.3,134.1,131.8,105.5,98.9,244.0,170.4,303.5,72.4,250.2,146.2,228.2,229.7,63.0,240.1,302.5,115.7,268.9,139.5,106.1,224.0,244.8,79.9,89.9,313.9,395.0,116.8,130.4,285.6,118.6,177.2,west_coast,14778.0
2020-03-01,104.3,-29.9,102.2,104.7,81.1,79.7,191.8,127.0,220.8,55.1,189.2,133.5,211.5,137.3,53.5,189.0,261.0,81.0,198.4,100.6,87.2,147.9,193.9,61.6,67.6,275.9,348.8,90.0,105.5,193.2,93.6,143.1,auckland,748944.0
2020-03-01,104.3,-29.9,102.2,104.7,81.1,79.7,191.8,127.0,220.8,55.1,189.2,133.5,211.5,137.3,53.5,189.0,261.0,81.0,198.4,100.6,87.2,147.9,193.9,61.6,67.6,275.9,348.8,90.0,105.5,193.2,93.6,143.1,bay_of_plenty,135287.0
2020-03-01,104.3,-29.9,102.2,104.7,81.1,79.7,191.8,127.0,220.8,55.1,189.2,133.5,211.5,137.3,53.5,189.0,261.0,81.0,198.4,100.6,87.2,147.9,193.9,61.6,67.6,275.9,348.8,90.0,105.5,193.2,93.6,143.1,canterbury,291702.0
2020-03-01,104.3,-29.9,102.2,104.7,81.1,79.7,191.8,127.0,220.8,55.1,189.2,133.5,211.5,137.3,53.5,189.0,261.0,81.0,198.4,100.6,87.2,147.9,193.9,61.6,67.6,275.9,348.8,90.0,105.5,193.2,93.6,143.1,gisborne,22131.0
2020-03-01,104.3,-29.9,102.2,104.7,81.1,79.7,191.8,127.0,220.8,55.1,189.2,133.5,211.5,137.3,53.5,189.0,261.0,81.0,198.4,100.6,87.2,147.9,193.9,61.6,67.6,275.9,348.8,90.0,105.5,193.2,93.6,143.1,hawke's_bay,78981.0
2020-03-01,104.3,-29.9,102.2,104.7,81.1,79.7,191.8,127.0,220.8,55.1,189.2,133.5,211.5,137.3,53.5,189.0,261.0,81.0,198.4,100.6,87.2,147.9,193.9,61.6,67.6,275.9,348.8,90.0,105.5,193.2,93.6,143.1,manawatu_whanganui,107107.0
2020-03-01,104.3,-29.9,102.2,104.7,81.1,79.7,191.8,127.0,220.8,55.1,189.2,133.5,211.5,137.3,53.5,189.0,261.0,81.0,198.4,100.6,87.2,147.9,193.9,61.6,67.6,275.9,348.8,90.0,105.5,193.2,93.6,143.1,marlborough,27069.0
2020-03-01,104.3,-29.9,102.2,104.7,81.1,79.7,191.8,127.0,220.8,55.1,189.2,133.5,211.5,137.3,53.5,189.0,261.0,81.0,198.4,100.6,87.2,147.9,193.9,61.6,67.6,275.9,348.8,90.0,105.5,193.2,93.6,143.1,nelson,20360.0
2020-03-01,104.3,-29.9,102.2,104.7,81.1,79.7,191.8,127.0,220.8,55.1,189.2,133.5,211.5,137.3,53.5,189.0,261.0,81.0,198.4,100.6,87.2,147.9,193.9,61.6,67.6,275.9,348.8,90.0,105.5,193.2,93.6,143.1,northland,68916.0
2020-03-01,104.3,-29.9,102.2,104.7,81.1,79.7,191.8,127.0,220.8,55.1,189.2,133.5,211.5,137.3,53.5,189.0,261.0,81.0,198.4,100.6,87.2,147.9,193.9,61.6,67.6,275.9,348.8,90.0,105.5,193.2,93.6,143.1,otago,111898.0
2020-03-01,104.3,-29.9,102.2,104.7,81.1,79.7,191.8,127.0,220.8,55.1,189.2,133.5,211.5,137.3,53.5,189.0,261.0,81.0,198.4,100.6,87.2,147.9,193.9,61.6,67.6,275.9,348.8,90.0,105.5,193.2,93.6,143.1,southland,48156.0
2020-03-01,104.3,-29.9,102.2,104.7,81.1,79.7,191.8,127.0,220.8,55.1,189.2,133.5,211.5,137.3,53.5,189.0,261.0,81.0,198.4,100.6,87.2,147.9,193.9,61.6,67.6,275.9,348.8,90.0,105.5,193.2,93.6,143.1,taranaki,52138.0
2020-03-01,104.3,-29.9,102.2,104.7,81.1,79.7,191.8,127.0,220.8,55.1,189.2,133.5,211.5,137.3,53.5,189.0,261.0,81.0,198.4,100.6,87.2,147.9,193.9,61.6,67.6,275.9,348.8,90.0,105.5,193.2,93.6,143.1,tasman,24558.0
2020-03-01,104.3,-29.9,102.2,104.7,81.1,79.7,191.8,127.0,220.8,55.1,189.2,133.5,211.5,137.3,53.5,189.0,261.0,81.0,198.4,100.6,87.2,147.9,193.9,61.6,67.6,275.9,348.8,90.0,105.5,193.2,93.6,143.1,waikato,208173.0
2020-03-01,104.3,-29.9,102.2,104.7,81.1,79.7,191.8,127.0,220.8,55.1,189.2,133.5,211.5,137.3,53.5,189.0,261.0,81.0,198.4,100.6,87.2,147.9,193.9,61.6,67.6,275.9,348.8,90.0,105.5,193.2,93.6,143.1,wellington,246927.0
2020-03-01,104.3,-29.9,102.2,104.7,81.1,79.7,191.8,127.0,220.8,55.1,189.2,133.5,211.5,137.3,53.5,189.0,261.0,81.0,198.4,100.6,87.2,147.9,193.9,61.6,67.6,275.9,348.8,90.0,105.5,193.2,93.6,143.1,west_coast,14698.0
2020-04-01,39.5,-70.6,41.9,32.8,29.4,30.2,79.2,47.8,80.6,18.0,77.0,78.2,117.6,17.9,24.2,70.1,127.0,16.3,67.3,39.0,40.1,56.3,70.6,17.4,13.3,92.0,135.0,39.1,36.9,79.0,29.7,43.3,auckland,741269.0
2020-04-01,39.5,-70.6,41.9,32.8,29.4,30.2,79.2,47.8,80.6,18.0,77.0,78.2,117.6,17.9,24.2,70.1,127.0,16.3,67.3,39.0,40.1,56.3,70.6,17.4,13.3,92.0,135.0,39.1,36.9,79.0,29.7,43.3,bay_of_plenty,134099.0
2020-04-01,39.5,-70.6,41.9,32.8,29.4,30.2,79.2,47.8,80.6,18.0,77.0,78.2,117.6,17.9,24.2,70.1,127.0,16.3,67.3,39.0,40.1,56.3,70.6,17.4,13.3,92.0,135.0,39.1,36.9,79.0,29.7,43.3,canterbury,287095.0
2020-04-01,39.5,-70.6,41.9,32.8,29.4,30.2,79.2,47.8,80.6,18.0,77.0,78.2,117.6,17.9,24.2,70.1,127.0,16.3,67.3,39.0,40.1,56.3,70.6,17.4,13.3,92.0,135.0,39.1,36.9,79.0,29.7,43.3,gisborne,21142.0
2020-04-01,39.5,-70.6,41.9,32.8,29.4,30.2,79.2,47.8,80.6,18.0,77.0,78.2,117.6,17.9,24.2,70.1,127.0,16.3,67.3,39.0,40.1,56.3,70.6,17.4,13.3,92.0,135.0,39.1,36.9,79.0,29.7,43.3,hawke's_bay,76854.0
2020-04-01,39.5,-70.6,41.9,32.8,29.4,30.2,79.2,47.8,80.6,18.0,77.0,78.2,117.6,17.9,24.2,70.1,127.0,16.3,67.3,39.0,40.1,56.3,70.6,17.4,13.3,92.0,135.0,39.1,36.9,79.0,29.7,43.3,manawatu_whanganui,105000.0
2020-04-01,39.5,-70.6,41.9,32.8,29.4,30.2,79.2,47.8,80.6,18.0,77.0,78.2,117.6,17.9,24.2,70.1,127.0,16.3,67.3,39.0,40.1,56.3,70.6,17.4,13.3,92.0,135.0,39.1,36.9,79.0,29.7,43.3,marlborough,26516.0
2020-04-01,39.5,-70.6,41.9,32.8,29.4,30.2,79.2,47.8,80.6,18.0,77.0,78.2,117.6,17.9,24.2,70.1,127.0,16.3,67.3,39.0,40.1,56.3,70.6,17.4,13.3,92.0,135.0,39.1,36.9,79.0,29.7,43.3,nelson,19969.0
2020-04-01,39.5,-70.6,41.9,32.8,29.4,30.2,79.2,47.8,80.6,18.0,77.0,78.2,117.6,17.9,24.2,70.1,127.0,16.3,67.3,39.0,40.1,56.3,70.6,17.4,13.3,92.0,135.0,39.1,36.9,79.0,29.7,43.3,northland,67303.0
2020-04-01,39.5,-70.6,41.9,32.8,29.4,30.2,79.2,47.8,80.6,18.0,77.0,78.2,117.6,17.9,24.2,70.1,127.0,16.3,67.3,39.0,40.1,56.3,70.6,17.4,13.3,92.0,135.0,39.1,36.9,79.0,29.7,43.3,otago,109173.0
2020-04-01,39.5,-70.6,41.9,32.8,29.4,30.2,79.2,47.8,80.6,18.0,77.0,78.2,117.6,17.9,24.2,70.1,127.0,16.3,67.3,39.0,40.1,56.3,70.6,17.4,13.3,92.0,135.0,39.1,36.9,79.0,29.7,43.3,southland,46684.0
2020-04-01,39.5,-70.6,41.9,32.8,29.4,30.2,79.2,47.8,80.6,18.0,77.0,78.2,117.6,17.9,24.2,70.1,127.0,16.3,67.3,39.0,40.1,56.3,70.6,17.4,13.3,92.0,135.0,39.1,36.9,79.0,29.7,43.3,taranaki,51089.0
2020-04-01,39.5,-70.6,41.9,32.8,29.4,30.2,79.2,47.8,80.6,18.0,77.0,78.2,117.6,17.9,24.2,70.1,127.0,16.3,67.3,39.0,40.1,56.3,70.6,17.4,13.3,92.0,135.0,39.1,36.9,79.0,29.7,43.3,tasman,24058.0
2020-04-01,39.5,-70.6,41.9,32.8,29.4,30.2,79.2,47.8,80.6,18.0,77.0,78.2,117.6,17.9,24.2,70.1,127.0,16.3,67.3,39.0,40.1,56.3,70.6,17.4,13.3,92.0,135.0,39.1,36.9,79.0,29.7,43.3,waikato,204846.0
2020-04-01,39.5,-70.6,41.9,32.8,29.4,30.2,79.2,47.8,80.6,18.0,77.0,78.2,117.6,17.9,24.2,70.1,127.0,16.3,67.3,39.0,40.1,56.3,70.6,17.4,13.3,92.0,135.0,39.1,36.9,79.0,29.7,43.3,wellington,243830.0
2020-04-01,39.5,-70.6,41.9,32.8,29.4,30.2,79.2,47.8,80.6,18.0,77.0,78.2,117.6,17.9,24.2,70.1,127.0,16.3,67.3,39.0,40.1,56.3,70.6,17.4,13.3,92.0,135.0,39.1,36.9,79.0,29.7,43.3,west_coast,14382.0
2020-05-01,71.0,-55.0,72.7,63.4,49.4,52.7,154.9,88.8,152.5,32.0,150.6,66.5,171.3,75.0,33.6,125.5,241.1,43.6,153.7,71.8,58.6,125.8,127.9,33.7,33.9,172.5,244.1,64.0,60.0,179.9,56.4,87.5,auckland,746596.0
2020-05-01,71.0,-55.0,72.7,63.4,49.4,52.7,154.9,88.8,152.5,32.0,150.6,66.5,171.3,75.0,33.6,125.5,241.1,43.6,153.7,71.8,58.6,125.8,127.9,33.7,33.9,172.5,244.1,64.0,60.0,179.9,56.4,87.5,bay_of_plenty,135774.0
2020-05-01,71.0,-55.0,72.7,63.4,49.4,52.7,154.9,88.8,152.5,32.0,150.6,66.5,171.3,75.0,33.6,125.5,241.1,43.6,153.7,71.8,58.6,125.8,127.9,33.7,33.9,172.5,244.1,64.0,60.0,179.9,56.4,87.5,canterbury,288308.0
2020-05-01,71.0,-55.0,72.7,63.4,49.4,52.7,154.9,88.8,152.5,32.0,150.6,66.5,171.3,75.0,33.6,125.5,241.1,43.6,153.7,71.8,58.6,125.8,127.9,33.7,33.9,172.5,244.1,64.0,60.0,179.9,56.4,87.5,gisborne,21422.0
2020-05-01,71.0,-55.0,72.7,63.4,49.4,52.7,154.9,88.8,152.5,32.0,150.6,66.5,171.3,75.0,33.6,125.5,241.1,43.6,153.7,71.8,58.6,125.8,127.9,33.7,33.9,172.5,244.1,64.0,60.0,179.9,56.4,87.5,hawke's_bay,77023.0
2020-05-01,71.0,-55.0,72.7,63.4,49.4,52.7,154.9,88.8,152.5,32.0,150.6,66.5,171.3,75.0,33.6,125.5,241.1,43.6,153.7,71.8,58.6,125.8,127.9,33.7,33.9,172.5,244.1,64.0,60.0,179.9,56.4,87.5,manawatu_whanganui,106163.0
2020-05-01,71.0,-55.0,72.7,63.4,49.4,52.7,154.9,88.8,152.5,32.0,150.6,66.5,171.3,75.0,33.6,125.5,241.1,43.6,153.7,71.8,58.6,125.8,127.9,33.7,33.9,172.5,244.1,64.0,60.0,179.9,56.4,87.5,marlborough,26461.0
2020-05-01,71.0,-55.0,72.7,63.4,49.4,52.7,154.9,88.8,152.5,32.0,150.6,66.5,171.3,75.0,33.6,125.5,241.1,43.6,153.7,71.8,58.6,125.8,127.9,33.7,33.9,172.5,244.1,64.0,60.0,179.9,56.4,87.5,nelson,20022.0
2020-05-01,71.0,-55.0,72.7,63.4,49.4,52.7,154.9,88.8,152.5,32.0,150.6,66.5,171.3,75.0,33.6,125.5,241.1,43.6,153.7,71.8,58.6,125.8,127.9,33.7,33.9,172.5,244.1,64.0,60.0,179.9,56.4,87.5,northland,67613.0
2020-05-01,71.0,-55.0,72.7,63.4,49.4,52.7,154.9,88.8,152.5,32.0,150.6,66.5,171.3,75.0,33.6,125.5,241.1,43.6,153.7,71.8,58.6,125.8,127.9,33.7,33.9,172.5,244.1,64.0,60.0,179.9,56.4,87.5,otago,109707.0
2020-05-01,71.0,-55.0,72.7,63.4,49.4,52.7,154.9,88.8,152.5,32.0,150.6,66.5,171.3,75.0,33.6,125.5,241.1,43.6,153.7,71.8,58.6,125.8,127.9,33.7,33.9,172.5,244.1,64.0,60.0,179.9,56.4,87.5,southland,46985.0
2020-05-01,71.0,-55.0,72.7,63.4,49.4,52.7,154.9,88.8,152.5,32.0,150.6,66.5,171.3,75.0,33.6,125.5,241.1,43.6,153.7,71.8,58.6,125.8,127.9,33.7,33.9,172.5,244.1,64.0,60.0,179.9,56.4,87.5,taranaki,51340.0
2020-05-01,71.0,-55.0,72.7,63.4,49.4,52.7,154.9,88.8,152.5,32.0,150.6,66.5,171.3,75.0,33.6,125.5,241.1,43.6,153.7,71.8,58.6,125.8,127.9,33.7,33.9,172.5,244.1,64.0,60.0,179.9,56.4,87.5,tasman,24122.0
2020-05-01,71.0,-55.0,72.7,63.4,49.4,52.7,154.9,88.8,152.5,32.0,150.6,66.5,171.3,75.0,33.6,125.5,241.1,43.6,153.7,71.8,58.6,125.8,127.9,33.7,33.9,172.5,244.1,64.0,60.0,179.9,56.4,87.5,waikato,206799.0
2020-05-01,71.0,-55.0,72.7,63.4,49.4,52.7,154.9,88.8,152.5,32.0,150.6,66.5,171.3,75.0,33.6,125.5,241.1,43.6,153.7,71.8,58.6,125.8,127.9,33.7,33.9,172.5,244.1,64.0,60.0,179.9,56.4,87.5,wellington,245366.0
2020-05-01,71.0,-55.0,72.7,63.4,49.4,52.7,154.9,88.8,152.5,32.0,150.6,66.5,171.3,75.0,33.6,125.5,241.1,43.6,153.7,71.8,58.6,125.8,127.9,33.7,33.9,172.5,244.1,64.0,60.0,179.9,56.4,87.5,west_coast,14409.0
2020-06-01,100.7,-23.7,103.7,89.5,68.7,74.4,219.9,127.1,234.7,43.1,195.7,120.7,231.5,169.7,40.4,168.1,356.7,72.5,228.1,107.0,80.1,184.1,196.4,47.4,54.2,230.8,312.9,86.6,101.9,247.9,79.6,123.7,auckland,747086.0
2020-06-01,100.7,-23.7,103.7,89.5,68.7,74.4,219.9,127.1,234.7,43.1,195.7,120.7,231.5,169.7,40.4,168.1,356.7,72.5,228.1,107.0,80.1,184.1,196.4,47.4,54.2,230.8,312.9,86.6,101.9,247.9,79.6,123.7,bay_of_plenty,133803.0
2020-06-01,100.7,-23.7,103.7,89.5,68.7,74.4,219.9,127.1,234.7,43.1,195.7,120.7,231.5,169.7,40.4,168.1,356.7,72.5,228.1,107.0,80.1,184.1,196.4,47.4,54.2,230.8,312.9,86.6,101.9,247.9,79.6,123.7,canterbury,288508.0
2020-06-01,100.7,-23.7,103.7,89.5,68.7,74.4,219.9,127.1,234.7,43.1,195.7,120.7,231.5,169.7,40.4,168.1,356.7,72.5,228.1,107.0,80.1,184.1,196.4,47.4,54.2,230.8,312.9,86.6,101.9,247.9,79.6,123.7,gisborne,21519.0
2020-06-01,100.7,-23.7,103.7,89.5,68.7,74.4,219.9,127.1,234.7,43.1,195.7,120.7,231.5,169.7,40.4,168.1,356.7,72.5,228.1,107.0,80.1,184.1,196.4,47.4,54.2,230.8,312.9,86.6,101.9,247.9,79.6,123.7,hawke's_bay,76488.0
2020-06-01,100.7,-23.7,103.7,89.5,68.7,74.4,219.9,127.1,234.7,43.1,195.7,120.7,231.5,169.7,40.4,168.1,356.7,72.5,228.1,107.0,80.1,184.1,196.4,47.4,54.2,230.8,312.9,86.6,101.9,247.9,79.6,123.7,manawatu_whanganui,106034.0
2020-06-01,100.7,-23.7,103.7,89.5,68.7,74.4,219.9,127.1,234.7,43.1,195.7,120.7,231.5,169.7,40.4,168.1,356.7,72.5,228.1,107.0,80.1,184.1,196.4,47.4,54.2,230.8,312.9,86.6,101.9,247.9,79.6,123.7,marlborough,26295.0
2020-06-01,100.7,-23.7,103.7,89.5,68.7,74.4,219.9,127.1,234.7,43.1,195.7,120.7,231.5,169.7,40.4,168.1,356.7,72.5,228.1,107.0,80.1,184.1,196.4,47.4,54.2,230.8,312.9,86.6,101.9,247.9,79.6,123.7,nelson,20126.0
2020-06-01,100.7,-23.7,103.7,89.5,68.7,74.4,219.9,127.1,234.7,43.1,195.7,120.7,231.5,169.7,40.4,168.1,356.7,72.5,228.1,107.0,80.1,184.1,196.4,47.4,54.2,230.8,312.9,86.6,101.9,247.9,79.6,123.7,northland,67646.0
2020-06-01,100.7,-23.7,103.7,89.5,68.7,74.4,219.9,127.1,234.7,43.1,195.7,120.7,231.5,169.7,40.4,168.1,356.7,72.5,228.1,107.0,80.1,184.1,196.4,47.4,54.2,230.8,312.9,86.6,101.9,247.9,79.6,123.7,otago,109395.0
2020-06-01,100.7,-23.7,103.7,89.5,68.7,74.4,219.9,127.1,234.7,43.1,195.7,120.7,231.5,169.7,40.4,168.1,356.7,72.5,228.1,107.0,80.1,184.1,196.4,47.4,54.2,230.8,312.9,86.6,101.9,247.9,79.6,123.7,southland,46433.0
2020-06-01,100.7,-23.7,103.7,89.5,68.7,74.4,219.9,127.1,234.7,43.1,195.7,120.7,231.5,169.7,40.4,168.1,356.7,72.5,228.1,107.0,80.1,184.1,196.4,47.4,54.2,230.8,312.9,86.6,101.9,247.9,79.6,123.7,taranaki,51485.0
2020-06-01,100.7,-23.7,103.7,89.5,68.7,74.4,219.9,127.1,234.7,43.1,195.7,120.7,231.5,169.7,40.4,168.1,356.7,72.5,228.1,107.0,80.1,184.1,196.4,47.4,54.2,230.8,312.9,86.6,101.9,247.9,79.6,123.7,tasman,23934.0
2020-06-01,100.7,-23.7,103.7,89.5,68.7,74.4,219.9,127.1,234.7,43.1,195.7,120.7,231.5,169.7,40.4,168.1,356.7,72.5,228.1,107.0,80.1,184.1,196.4,47.4,54.2,230.8,312.9,86.6,101.9,247.9,79.6,123.7,waikato,207140.0
2020-06-01,100.7,-23.7,103.7,89.5,68.7,74.4,219.9,127.1,234.7,43.1,195.7,120.7,231.5,169.7,40.4,168.1,356.7,72.5,228.1,107.0,80.1,184.1,196.4,47.4,54.2,230.8,312.9,86.6,101.9,247.9,79.6,123.7,wellington,246355.0
2020-06-01,100.7,-23.7,103.7,89.5,68.7,74.4,219.9,127.1,234.7,43.1,195.7,120.7,231.5,169.7,40.4,168.1,356.7,72.5,228.1,107.0,80.1,184.1,196.4,47.4,54.2,230.8,312.9,86.6,101.9,247.9,79.6,123.7,west_coast,14400.0
2020-07-01,114.5,-24.6,114.9,106.8,78.4,83.9,248.2,144.2,271.9,54.3,225.7,107.8,222.6,177.4,49.5,209.0,347.5,85.3,269.5,113.2,90.2,205.1,211.0,59.0,65.0,278.0,370.7,98.1,105.0,279.6,94.6,148.9,auckland,740274.0
2020-07-01,114.5,-24.6,114.9,106.8,78.4,83.9,248.2,144.2,271.9,54.3,225.7,107.8,222.6,177.4,49.5,209.0,347.5,85.3,269.5,113.2,90.2,205.1,211.0,59.0,65.0,278.0,370.7,98.1,105.0,279.6,94.6,148.9,bay_of_plenty,132331.0
2020-07-01,114.5,-24.6,114.9,106.8,78.4,83.9,248.2,144.2,271.9,54.3,225.7,107.8,222.6,177.4,49.5,209.0,347.5,85.3,269.5,113.2,90.2,205.1,211.0,59.0,65.0,278.0,370.7,98.1,105.0,279.6,94.6,148.9,canterbury,286853.0
2020-07-01,114.5,-24.6,114.9,106.8,78.4,83.9,248.2,144.2,271.9,54.3,225.7,107.8,222.6,177.4,49.5,209.0,347.5,85.3,269.5,113.2,90.2,205.1,211.0,59.0,65.0,278.0,370.7,98.1,105.0,279.6,94.6,148.9,gisborne,21330.0
2020-07-01,114.5,-24.6,114.9,106.8,78.4,83.9,248.2,144.2,271.9,54.3,225.7,107.8,222.6,177.4,49.5,209.0,347.5,85.3,269.5,113.2,90.2,205.1,211.0,59.0,65.0,278.0,370.7,98.1,105.0,279.6,94.6,148.9,hawke's_bay,75400.0
2020-07-01,114.5,-24.6,114.9,106.8,78.4,83.9,248.2,144.2,271.9,54.3,225.7,107.8,222.6,177.4,49.5,209.0,347.5,85.3,269.5,113.2,90.2,205.1,211.0,59.0,65.0,278.0,370.7,98.1,105.0,279.6,94.6,148.9,manawatu_whanganui,105914.0
2020-07-01,114.5,-24.6,114.9,106.8,78.4,83.9,248.2,144.2,271.9,54.3,225.7,107.8,222.6,177.4,49.5,209.0,347.5,85.3,269.5,113.2,90.2,205.1,211.0,59.0,65.0,278.0,370.7,98.1,105.0,279.6,94.6,148.9,marlborough,25962.0
2020-07-01,114.5,-24.6,114.9,106.8,78.4,83.9,248.2,144.2,271.9,54.3,225.7,107.8,222.6,177.4,49.5,209.0,347.5,85.3,269.5,113.2,90.2,205.1,211.0,59.0,65.0,278.0,370.7,98.1,105.0,279.6,94.6,148.9,nelson,19965.0
2020-07-01,114.5,-24.6,114.9,106.8,78.4,83.9,248.2,144.2,271.9,54.3,225.7,107.8,222.6,177.4,49.5,209.0,347.5,85.3,269.5,113.2,90.2,205.1,211.0,59.0,65.0,278.0,370.7,98.1,105.0,279.6,94.6,148.9,northland,67314.0
2020-07-01,114.5,-24.6,114.9,106.8,78.4,83.9,248.2,144.2,271.9,54.3,225.7,107.8,222.6,177.4,49.5,209.0,347.5,85.3,269.5,113.2,90.2,205.1,211.0,59.0,65.0,278.0,370.7,98.1,105.0,279.6,94.6,148.9,otago,108281.0
2020-07-01,114.5,-24.6,114.9,106.8,78.4,83.9,248.2,144.2,271.9,54.3,225.7,107.8,222.6,177.4,49.5,209.0,347.5,85.3,269.5,113.2,90.2,205.1,211.0,59.0,65.0,278.0,370.7,98.1,105.0,279.6,94.6,148.9,southland,45701.0
2020-07-01,114.5,-24.6,114.9,106.8,78.4,83.9,248.2,144.2,271.9,54.3,225.7,107.8,222.6,177.4,49.5,209.0,347.5,85.3,269.5,113.2,90.2,205.1,211.0,59.0,65.0,278.0,370.7,98.1,105.0,279.6,94.6,148.9,taranaki,51308.0
2020-07-01,114.5,-24.6,114.9,106.8,78.4,83.9,248.2,144.2,271.9,54.3,225.7,107.8,222.6,177.4,49.5,209.0,347.5,85.3,269.5,113.2,90.2,205.1,211.0,59.0,65.0,278.0,370.7,98.1,105.0,279.6,94.6,148.9,tasman,23591.0
2020-07-01,114.5,-24.6,114.9,106.8,78.4,83.9,248.2,144.2,271.9,54.3,225.7,107.8,222.6,177.4,49.5,209.0,347.5,85.3,269.5,113.2,90.2,205.1,211.0,59.0,65.0,278.0,370.7,98.1,105.0,279.6,94.6,148.9,waikato,206398.0
2020-07-01,114.5,-24.6,114.9,106.8,78.4,83.9,248.2,144.2,271.9,54.3,225.7,107.8,222.6,177.4,49.5,209.0,347.5,85.3,269.5,113.2,90.2,205.1,211.0,59.0,65.0,278.0,370.7,98.1,105.0,279.6,94.6,148.9,wellington,245368.0
2020-07-01,114.5,-24.6,114.9,106.8,78.4,83.9,248.2,144.2,271.9,54.3,225.7,107.8,222.6,177.4,49.5,209.0,347.5,85.3,269.5,113.2,90.2,205.1,211.0,59.0,65.0,278.0,370.7,98.1,105.0,279.6,94.6,148.9,west_coast,14167.0
2020-08-01,109.0,-26.0,106.2,109.4,69.1,86.0,220.4,151.3,275.2,48.8,212.4,121.7,236.0,147.0,50.0,207.4,338.3,80.0,250.4,98.1,86.9,177.6,204.5,57.0,70.2,336.3,371.0,91.6,101.6,238.2,97.5,150.3,auckland,738251.0
2020-08-01,109.0,-26.0,106.2,109.4,69.1,86.0,220.4,151.3,275.2,48.8,212.4,121.7,236.0,147.0,50.0,207.4,338.3,80.0,250.4,98.1,86.9,177.6,204.5,57.0,70.2,336.3,371.0,91.6,101.6,238.2,97.5,150.3,bay_of_plenty,132575.0
2020-08-01,109.0,-26.0,106.2,109.4,69.1,86.0,220.4,151.3,275.2,48.8,212.4,121.7,236.0,147.0,50.0,207.4,338.3,80.0,250.4,98.1,86.9,177.6,204.5,57.0,70.2,336.3,371.0,91.6,101.6,238.2,97.5,150.3,canterbury,287234.0
2020-08-01,109.0,-26.0,106.2,109.4,69.1,86.0,220.4,151.3,275.2,48.8,212.4,121.7,236.0,147.0,50.0,207.4,338.3,80.0,250.4,98.1,86.9,177.6,204.5,57.0,70.2,336.3,371.0,91.6,101.6,238.2,97.5,150.3,gisborne,21396.0
2020-08-01,109.0,-26.0,106.2,109.4,69.1,86.0,220.4,151.3,275.2,48.8,212.4,121.7,236.0,147.0,50.0,207.4,338.3,80.0,250.4,98.1,86.9,177.6,204.5,57.0,70.2,336.3,371.0,91.6,101.6,238.2,97.5,150.3,hawke's_bay,74820.0
2020-08-01,109.0,-26.0,106.2,109.4,69.1,86.0,220.4,151.3,275.2,48.8,212.4,121.7,236.0,147.0,50.0,207.4,338.3,80.0,250.4,98.1,86.9,177.6,204.5,57.0,70.2,336.3,371.0,91.6,101.6,238.2,97.5,150.3,manawatu_whanganui,106215.0
2020-08-01,109.0,-26.0,106.2,109.4,69.1,86.0,220.4,151.3,275.2,48.8,212.4,121.7,236.0,147.0,50.0,207.4,338.3,80.0,250.4,98.1,86.9,177.6,204.5,57.0,70.2,336.3,371.0,91.6,101.6,238.2,97.5,150.3,marlborough,26006.0
2020-08-01,109.0,-26.0,106.2,109.4,69.1,86.0,220.4,151.3,275.2,48.8,212.4,121.7,236.0,147.0,50.0,207.4,338.3,80.0,250.4,98.1,86.9,177.6,204.5,57.0,70.2,336.3,371.0,91.6,101.6,238.2,97.5,150.3,nelson,19984.0
2020-08-01,109.0,-26.0,106.2,109.4,69.1,86.0,220.4,151.3,275.2,48.8,212.4,121.7,236.0,147.0,50.0,207.4,338.3,80.0,250.4,98.1,86.9,177.6,204.5,57.0,70.2,336.3,371.0,91.6,101.6,238.2,97.5,150.3,northland,67475.0
2020-08-01,109.0,-26.0,106.2,109.4,69.1,86.0,220.4,151.3,275.2,48.8,212.4,121.7,236.0,147.0,50.0,207.4,338.3,80.0,250.4,98.1,86.9,177.6,204.5,57.0,70.2,336.3,371.0,91.6,101.6,238.2,97.5,150.3,otago,108020.0
2020-08-01,109.0,-26.0,106.2,109.4,69.1,86.0,220.4,151.3,275.2,48.8,212.4,121.7,236.0,147.0,50.0,207.4,338.3,80.0,250.4,98.1,86.9,177.6,204.5,57.0,70.2,336.3,371.0,91.6,101.6,238.2,97.5,150.3,southland,45702.0
2020-08-01,109.0,-26.0,106.2,109.4,69.1,86.0,220.4,151.3,275.2,48.8,212.4,121.7,236.0,147.0,50.0,207.4,338.3,80.0,250.4,98.1,86.9,177.6,204.5,57.0,70.2,336.3,371.0,91.6,101.6,238.2,97.5,150.3,taranaki,51614.0
2020-08-01,109.0,-26.0,106.2,109.4,69.1,86.0,220.4,151.3,275.2,48.8,212.4,121.7,236.0,147.0,50.0,207.4,338.3,80.0,250.4,98.1,86.9,177.6,204.5,57.0,70.2,336.3,371.0,91.6,101.6,238.2,97.5,150.3,tasman,23718.0
2020-08-01,109.0,-26.0,106.2,109.4,69.1,86.0,220.4,151.3,275.2,48.8,212.4,121.7,236.0,147.0,50.0,207.4,338.3,80.0,250.4,98.1,86.9,177.6,204.5,57.0,70.2,336.3,371.0,91.6,101.6,238.2,97.5,150.3,waikato,207187.0
2020-08-01,109.0,-26.0,106.2,109.4,69.1,86.0,220.4,151.3,275.2,48.8,212.4,121.7,236.0,147.0,50.0,207.4,338.3,80.0,250.4,98.1,86.9,177.6,204.5,57.0,70.2,336.3,371.0,91.6,101.6,238.2,97.5,150.3,wellington,246359.0
2020-08-01,109.0,-26.0,106.2,109.4,69.1,86.0,220.4,151.3,275.2,48.8,212.4,121.7,236.0,147.0,50.0,207.4,338.3,80.0,250.4,98.1,86.9,177.6,204.5,57.0,70.2,336.3,371.0,91.6,101.6,238.2,97.5,150.3,west_coast,14262.0
2020-09-01,132.0,-9.4,126.7,136.4,86.4,99.6,283.7,178.7,334.8,57.2,262.4,175.4,253.9,205.8,58.2,252.8,411.0,98.8,290.6,118.9,102.9,215.7,252.1,66.9,92.2,418.3,454.5,106.1,128.1,291.9,122.0,186.1,auckland,736078.0
2020-09-01,132.0,-9.4,126.7,136.4,86.4,99.6,283.7,178.7,334.8,57.2,262.4,175.4,253.9,205.8,58.2,252.8,411.0,98.8,290.6,118.9,102.9,215.7,252.1,66.9,92.2,418.3,454.5,106.1,128.1,291.9,122.0,186.1,bay_of_plenty,132958.0
2020-09-01,132.0,-9.4,126.7,136.4,86.4,99.6,283.7,178.7,334.8,57.2,262.4,175.4,253.9,205.8,58.2,252.8,411.0,98.8,290.6,118.9,102.9,215.7,252.1,66.9,92.2,418.3,454.5,106.1,128.1,291.9,122.0,186.1,canterbury,287590.0
2020-09-01,132.0,-9.4,126.7,136.4,86.4,99.6,283.7,178.7,334.8,57.2,262.4,175.4,253.9,205.8,58.2,252.8,411.0,98.8,290.6,118.9,102.9,215.7,252.1,66.9,92.2,418.3,454.5,106.1,128.1,291.9,122.0,186.1,gisborne,21502.0
2020-09-01,132.0,-9.4,126.7,136.4,86.4,99.6,283.7,178.7,334.8,57.2,262.4,175.4,253.9,205.8,58.2,252.8,411.0,98.8,290.6,118.9,102.9,215.7,252.1,66.9,92.2,418.3,454.5,106.1,128.1,291.9,122.0,186.1,hawke's_bay,74864.0
2020-09-01,132.0,-9.4,126.7,136.4,86.4,99.6,283.7,178.7,334.8,57.2,262.4,175.4,253.9,205.8,58.2,252.8,411.0,98.8,290.6,118.9,102.9,215.7,252.1,66.9,92.2,418.3,454.5,106.1,128.1,291.9,122.0,186.1,manawatu_whanganui,106641.0
2020-09-01,132.0,-9.4,126.7,136.4,86.4,99.6,283.7,178.7,334.8,57.2,262.4,175.4,253.9,205.8,58.2,252.8,411.0,98.8,290.6,118.9,102.9,215.7,252.1,66.9,92.2,418.3,454.5,106.1,128.1,291.9,122.0,186.1,marlborough,25951.0
2020-09-01,132.0,-9.4,126.7,136.4,86.4,99.6,283.7,178.7,334.8,57.2,262.4,175.4,253.9,205.8,58.2,252.8,411.0,98.8,290.6,118.9,102.9,215.7,252.1,66.9,92.2,418.3,454.5,106.1,128.1,291.9,122.0,186.1,nelson,19889.0
2020-09-01,132.0,-9.4,126.7,136.4,86.4,99.6,283.7,178.7,334.8,57.2,262.4,175.4,253.9,205.8,58.2,252.8,411.0,98.8,290.6,118.9,102.9,215.7,252.1,66.9,92.2,418.3,454.5,106.1,128.1,291.9,122.0,186.1,northland,67833.0
2020-09-01,132.0,-9.4,126.7,136.4,86.4,99.6,283.7,178.7,334.8,57.2,262.4,175.4,253.9,205.8,58.2,252.8,411.0,98.8,290.6,118.9,102.9,215.7,252.1,66.9,92.2,418.3,454.5,106.1,128.1,291.9,122.0,186.1,otago,107283.0
2020-09-01,132.0,-9.4,126.7,136.4,86.4,99.6,283.7,178.7,334.8,57.2,262.4,175.4,253.9,205.8,58.2,252.8,411.0,98.8,290.6,118.9,102.9,215.7,252.1,66.9,92.2,418.3,454.5,106.1,128.1,291.9,122.0,186.1,southland,45890.0
2020-09-01,132.0,-9.4,126.7,136.4,86.4,99.6,283.7,178.7,334.8,57.2,262.4,175.4,253.9,205.8,58.2,252.8,411.0,98.8,290.6,118.9,102.9,215.7,252.1,66.9,92.2,418.3,454.5,106.1,128.1,291.9,122.0,186.1,taranaki,51722.0
2020-09-01,132.0,-9.4,126.7,136.4,86.4,99.6,283.7,178.7,334.8,57.2,262.4,175.4,253.9,205.8,58.2,252.8,411.0,98.8,290.6,118.9,102.9,215.7,252.1,66.9,92.2,418.3,454.5,106.1,128.1,291.9,122.0,186.1,tasman,23633.0
2020-09-01,132.0,-9.4,126.7,136.4,86.4,99.6,283.7,178.7,334.8,57.2,262.4,175.4,253.9,205.8,58.2,252.8,411.0,98.8,290.6,118.9,102.9,215.7,252.1,66.9,92.2,418.3,454.5,106.1,128.1,291.9,122.0,186.1,waikato,207776.0
2020-09-01,132.0,-9.4,126.7,136.4,86.4,99.6,283.7,178.7,334.8,57.2,262.4,175.4,253.9,205.8,58.2,252.8,411.0,98.8,290.6,118.9,102.9,215.7,252.1,66.9,92.2,418.3,454.5,106.1,128.1,291.9,122.0,186.1,wellington,246893.0
2020-09-01,132.0,-9.4,126.7,136.4,86.4,99.6,283.7,178.7,334.8,57.2,262.4,175.4,253.9,205.8,58.2,252.8,411.0,98.8,290.6,118.9,102.9,215.7,252.1,66.9,92.2,418.3,454.5,106.1,128.1,291.9,122.0,186.1,west_coast,14153.0
2020-10-01,136.5,-7.1,135.1,134.5,92.5,101.7,286.3,182.9,338.5,57.9,260.3,179.7,254.7,249.4,61.0,280.4,382.6,103.2,295.7,133.9,107.6,233.9,267.6,67.5,88.7,371.4,452.1,113.5,138.3,302.9,117.5,192.9,auckland,742847.0
2020-10-01,136.5,-7.1,135.1,134.5,92.5,101.7,286.3,182.9,338.5,57.9,260.3,179.7,254.7,249.4,61.0,280.4,382.6,103.2,295.7,133.9,107.6,233.9,267.6,67.5,88.7,371.4,452.1,113.5,138.3,302.9,117.5,192.9,bay_of_plenty,135157.0
2020-10-01,136.5,-7.1,135.1,134.5,92.5,101.7,286.3,182.9,338.5,57.9,260.3,179.7,254.7,249.4,61.0,280.4,382.6,103.2,295.7,133.9,107.6,233.9,267.6,67.5,88.7,371.4,452.1,113.5,138.3,302.9,117.5,192.9,canterbury,290009.0
2020-10-01,136.5,-7.1,135.1,134.5,92.5,101.7,286.3,182.9,338.5,57.9,260.3,179.7,254.7,249.4,61.0,280.4,382.6,103.2,295.7,133.9,107.6,233.9,267.6,67.5,88.7,371.4,452.1,113.5,138.3,302.9,117.5,192.9,gisborne,22094.0
2020-10-01,136.5,-7.1,135.1,134.5,92.5,101.7,286.3,182.9,338.5,57.9,260.3,179.7,254.7,249.4,61.0,280.4,382.6,103.2,295.7,133.9,107.6,233.9,267.6,67.5,88.7,371.4,452.1,113.5,138.3,302.9,117.5,192.9,hawke's_bay,75769.0
2020-10-01,136.5,-7.1,135.1,134.5,92.5,101.7,286.3,182.9,338.5,57.9,260.3,179.7,254.7,249.4,61.0,280.4,382.6,103.2,295.7,133.9,107.6,233.9,267.6,67.5,88.7,371.4,452.1,113.5,138.3,302.9,117.5,192.9,manawatu_whanganui,108156.0
2020-10-01,136.5,-7.1,135.1,134.5,92.5,101.7,286.3,182.9,338.5,57.9,260.3,179.7,254.7,249.4,61.0,280.4,382.6,103.2,295.7,133.9,107.6,233.9,267.6,67.5,88.7,371.4,452.1,113.5,138.3,302.9,117.5,192.9,marlborough,26061.0
2020-10-01,136.5,-7.1,135.1,134.5,92.5,101.7,286.3,182.9,338.5,57.9,260.3,179.7,254.7,249.4,61.0,280.4,382.6,103.2,295.7,133.9,107.6,233.9,267.6,67.5,88.7,371.4,452.1,113.5,138.3,302.9,117.5,192.9,nelson,20171.0
2020-10-01,136.5,-7.1,135.1,134.5,92.5,101.7,286.3,182.9,338.5,57.9,260.3,179.7,254.7,249.4,61.0,280.4,382.6,103.2,295.7,133.9,107.6,233.9,267.6,67.5,88.7,371.4,452.1,113.5,138.3,302.9,117.5,192.9,northland,69186.0
2020-10-01,136.5,-7.1,135.1,134.5,92.5,101.7,286.3,182.9,338.5,57.9,260.3,179.7,254.7,249.4,61.0,280.4,382.6,103.2,295.7,133.9,107.6,233.9,267.6,67.5,88.7,371.4,452.1,113.5,138.3,302.9,117.5,192.9,otago,108693.0
2020-10-01,136.5,-7.1,135.1,134.5,92.5,101.7,286.3,182.9,338.5,57.9,260.3,179.7,254.7,249.4,61.0,280.4,382.6,103.2,295.7,133.9,107.6,233.9,267.6,67.5,88.7,371.4,452.1,113.5,138.3,302.9,117.5,192.9,southland,46523.0
2020-10-01,136.5,-7.1,135.1,134.5,92.5,101.7,286.3,182.9,338.5,57.9,260.3,179.7,254.7,249.4,61.0,280.4,382.6,103.2,295.7,133.9,107.6,233.9,267.6,67.5,88.7,371.4,452.1,113.5,138.3,302.9,117.5,192.9,taranaki,51869.0
2020-10-01,136.5,-7.1,135.1,134.5,92.5,101.7,286.3,182.9,338.5,57.9,260.3,179.7,254.7,249.4,61.0,280.4,382.6,103.2,295.7,133.9,107.6,233.9,267.6,67.5,88.7,371.4,452.1,113.5,138.3,302.9,117.5,192.9,tasman,23788.0
2020-10-01,136.5,-7.1,135.1,134.5,92.5,101.7,286.3,182.9,338.5,57.9,260.3,179.7,254.7,249.4,61.0,280.4,382.6,103.2,295.7,133.9,107.6,233.9,267.6,67.5,88.7,371.4,452.1,113.5,138.3,302.9,117.5,192.9,waikato,210051.0
2020-10-01,136.5,-7.1,135.1,134.5,92.5,101.7,286.3,182.9,338.5,57.9,260.3,179.7,254.7,249.4,61.0,280.4,382.6,103.2,295.7,133.9,107.6,233.9,267.6,67.5,88.7,371.4,452.1,113.5,138.3,302.9,117.5,192.9,wellington,249249.0
2020-10-01,136.5,-7.1,135.1,134.5,92.5,101.7,286.3,182.9,338.5,57.9,260.3,179.7,254.7,249.4,61.0,280.4,382.6,103.2,295.7,133.9,107.6,233.9,267.6,67.5,88.7,371.4,452.1,113.5,138.3,302.9,117.5,192.9,west_coast,14390.0
2020-11-01,132.3,0.4,131.0,128.6,90.6,98.3,273.3,171.2,339.3,60.1,243.8,167.6,256.3,223.9,61.1,260.7,373.8,101.6,294.6,134.7,105.5,218.8,249.8,66.2,88.7,336.8,421.8,114.2,125.5,282.5,114.3,177.9,auckland,746399.0
2020-11-01,132.3,0.4,131.0,128.6,90.6,98.3,273.3,171.2,339.3,60.1,243.8,167.6,256.3,223.9,61.1,260.7,373.8,101.6,294.6,134.7,105.5,218.8,249.8,66.2,88.7,336.8,421.8,114.2,125.5,282.5,114.3,177.9,bay_of_plenty,137094.0
2020-11-01,132.3,0.4,131.0,128.6,90.6,98.3,273.3,171.2,339.3,60.1,243.8,167.6,256.3,223.9,61.1,260.7,373.8,101.6,294.6,134.7,105.5,218.8,249.8,66.2,88.7,336.8,421.8,114.2,125.5,282.5,114.3,177.9,canterbury,291714.0
2020-11-01,132.3,0.4,131.0,128.6,90.6,98.3,273.3,171.2,339.3,60.1,243.8,167.6,256.3,223.9,61.1,260.7,373.8,101.6,294.6,134.7,105.5,218.8,249.8,66.2,88.7,336.8,421.8,114.2,125.5,282.5,114.3,177.9,gisborne,22320.0
2020-11-01,132.3,0.4,131.0,128.6,90.6,98.3,273.3,171.2,339.3,60.1,243.8,167.6,256.3,223.9,61.1,260.7,373.8,101.6,294.6,134.7,105.5,218.8,249.8,66.2,88.7,336.8,421.8,114.2,125.5,282.5,114.3,177.9,hawke's_bay,77357.0
2020-11-01,132.3,0.4,131.0,128.6,90.6,98.3,273.3,171.2,339.3,60.1,243.8,167.6,256.3,223.9,61.1,260.7,373.8,101.6,294.6,134.7,105.5,218.8,249.8,66.2,88.7,336.8,421.8,114.2,125.5,282.5,114.3,177.9,manawatu_whanganui,109023.0
2020-11-01,132.3,0.4,131.0,128.6,90.6,98.3,273.3,171.2,339.3,60.1,243.8,167.6,256.3,223.9,61.1,260.7,373.8,101.6,294.6,134.7,105.5,218.8,249.8,66.2,88.7,336.8,421.8,114.2,125.5,282.5,114.3,177.9,marlborough,26353.0
2020-11-01,132.3,0.4,131.0,128.6,90.6,98.3,273.3,171.2,339.3,60.1,243.8,167.6,256.3,223.9,61.1,260.7,373.8,101.6,294.6,134.7,105.5,218.8,249.8,66.2,88.7,336.8,421.8,114.2,125.5,282.5,114.3,177.9,nelson,20416.0
2020-11-01,132.3,0.4,131.0,128.6,90.6,98.3,273.3,171.2,339.3,60.1,243.8,167.6,256.3,223.9,61.1,260.7,373.8,101.6,294.6,134.7,105.5,218.8,249.8,66.2,88.7,336.8,421.8,114.2,125.5,282.5,114.3,177.9,northland,69948.0
2020-11-01,132.3,0.4,131.0,128.6,90.6,98.3,273.3,171.2,339.3,60.1,243.8,167.6,256.3,223.9,61.1,260.7,373.8,101.6,294.6,134.7,105.5,218.8,249.8,66.2,88.7,336.8,421.8,114.2,125.5,282.5,114.3,177.9,otago,109379.0
2020-11-01,132.3,0.4,131.0,128.6,90.6,98.3,273.3,171.2,339.3,60.1,243.8,167.6,256.3,223.9,61.1,260.7,373.8,101.6,294.6,134.7,105.5,218.8,249.8,66.2,88.7,336.8,421.8,114.2,125.5,282.5,114.3,177.9,southland,47353.0
2020-11-01,132.3,0.4,131.0,128.6,90.6,98.3,273.3,171.2,339.3,60.1,243.8,167.6,256.3,223.9,61.1,260.7,373.8,101.6,294.6,134.7,105.5,218.8,249.8,66.2,88.7,336.8,421.8,114.2,125.5,282.5,114.3,177.9,taranaki,52755.0
2020-11-01,132.3,0.4,131.0,128.6,90.6,98.3,273.3,171.2,339.3,60.1,243.8,167.6,256.3,223.9,61.1,260.7,373.8,101.6,294.6,134.7,105.5,218.8,249.8,66.2,88.7,336.8,421.8,114.2,125.5,282.5,114.3,177.9,tasman,24144.0
2020-11-01,132.3,0.4,131.0,128.6,90.6,98.3,273.3,171.2,339.3,60.1,243.8,167.6,256.3,223.9,61.1,260.7,373.8,101.6,294.6,134.7,105.5,218.8,249.8,66.2,88.7,336.8,421.8,114.2,125.5,282.5,114.3,177.9,waikato,211752.0
2020-11-01,132.3,0.4,131.0,128.6,90.6,98.3,273.3,171.2,339.3,60.1,243.8,167.6,256.3,223.9,61.1,260.7,373.8,101.6,294.6,134.7,105.5,218.8,249.8,66.2,88.7,336.8,421.8,114.2,125.5,282.5,114.3,177.9,wellington,250218.0
2020-11-01,132.3,0.4,131.0,128.6,90.6,98.3,273.3,171.2,339.3,60.1,243.8,167.6,256.3,223.9,61.1,260.7,373.8,101.6,294.6,134.7,105.5,218.8,249.8,66.2,88.7,336.8,421.8,114.2,125.5,282.5,114.3,177.9,west_coast,14517.0
2020-12-01,103.7,10.7,107.3,92.6,69.6,73.7,217.8,141.0,279.3,48.2,186.3,170.5,219.8,172.1,47.5,197.2,272.7,72.4,225.2,110.3,89.4,170.0,193.9,50.7,59.5,244.4,296.6,94.1,105.2,220.3,84.3,121.1,auckland,754819.0
2020-12-01,103.7,10.7,107.3,92.6,69.6,73.7,217.8,141.0,279.3,48.2,186.3,170.5,219.8,172.1,47.5,197.2,272.7,72.4,225.2,110.3,89.4,170.0,193.9,50.7,59.5,244.4,296.6,94.1,105.2,220.3,84.3,121.1,bay_of_plenty,138735.0
2020-12-01,103.7,10.7,107.3,92.6,69.6,73.7,217.8,141.0,279.3,48.2,186.3,170.5,219.8,172.1,47.5,197.2,272.7,72.4,225.2,110.3,89.4,170.0,193.9,50.7,59.5,244.4,296.6,94.1,105.2,220.3,84.3,121.1,canterbury,295180.0
2020-12-01,103.7,10.7,107.3,92.6,69.6,73.7,217.8,141.0,279.3,48.2,186.3,170.5,219.8,172.1,47.5,197.2,272.7,72.4,225.2,110.3,89.4,170.0,193.9,50.7,59.5,244.4,296.6,94.1,105.2,220.3,84.3,121.1,gisborne,23015.0
2020-12-01,103.7,10.7,107.3,92.6,69.6,73.7,217.8,141.0,279.3,48.2,186.3,170.5,219.8,172.1,47.5,197.2,272.7,72.4,225.2,110.3,89.4,170.0,193.9,50.7,59.5,244.4,296.6,94.1,105.2,220.3,84.3,121.1,hawke's_bay,80369.0
2020-12-01,103.7,10.7,107.3,92.6,69.6,73.7,217.8,141.0,279.3,48.2,186.3,170.5,219.8,172.1,47.5,197.2,272.7,72.4,225.2,110.3,89.4,170.0,193.9,50.7,59.5,244.4,296.6,94.1,105.2,220.3,84.3,121.1,manawatu_whanganui,110420.0
2020-12-01,103.7,10.7,107.3,92.6,69.6,73.7,217.8,141.0,279.3,48.2,186.3,170.5,219.8,172.1,47.5,197.2,272.7,72.4,225.2,110.3,89.4,170.0,193.9,50.7,59.5,244.4,296.6,94.1,105.2,220.3,84.3,121.1,marlborough,26639.0
2020-12-01,103.7,10.7,107.3,92.6,69.6,73.7,217.8,141.0,279.3,48.2,186.3,170.5,219.8,172.1,47.5,197.2,272.7,72.4,225.2,110.3,89.4,170.0,193.9,50.7,59.5,244.4,296.6,94.1,105.2,220.3,84.3,121.1,nelson,20733.0
2020-12-01,103.7,10.7,107.3,92.6,69.6,73.7,217.8,141.0,279.3,48.2,186.3,170.5,219.8,172.1,47.5,197.2,272.7,72.4,225.2,110.3,89.4,170.0,193.9,50.7,59.5,244.4,296.6,94.1,105.2,220.3,84.3,121.1,northland,70895.0
2020-12-01,103.7,10.7,107.3,92.6,69.6,73.7,217.8,141.0,279.3,48.2,186.3,170.5,219.8,172.1,47.5,197.2,272.7,72.4,225.2,110.3,89.4,170.0,193.9,50.7,59.5,244.4,296.6,94.1,105.2,220.3,84.3,121.1,otago,111347.0
2020-12-01,103.7,10.7,107.3,92.6,69.6,73.7,217.8,141.0,279.3,48.2,186.3,170.5,219.8,172.1,47.5,197.2,272.7,72.4,225.2,110.3,89.4,170.0,193.9,50.7,59.5,244.4,296.6,94.1,105.2,220.3,84.3,121.1,southland,49013.0
2020-12-01,103.7,10.7,107.3,92.6,69.6,73.7,217.8,141.0,279.3,48.2,186.3,170.5,219.8,172.1,47.5,197.2,272.7,72.4,225.2,110.3,89.4,170.0,193.9,50.7,59.5,244.4,296.6,94.1,105.2,220.3,84.3,121.1,taranaki,53449.0
2020-12-01,103.7,10.7,107.3,92.6,69.6,73.7,217.8,141.0,279.3,48.2,186.3,170.5,219.8,172.1,47.5,197.2,272.7,72.4,225.2,110.3,89.4,170.0,193.9,50.7,59.5,244.4,296.6,94.1,105.2,220.3,84.3,121.1,tasman,24806.0
2020-12-01,103.7,10.7,107.3,92.6,69.6,73.7,217.8,141.0,279.3,48.2,186.3,170.5,219.8,172.1,47.5,197.2,272.7,72.4,225.2,110.3,89.4,170.0,193.9,50.7,59.5,244.4,296.6,94.1,105.2,220.3,84.3,121.1,waikato,214839.0
2020-12-01,103.7,10.7,107.3,92.6,69.6,73.7,217.8,141.0,279.3,48.2,186.3,170.5,219.8,172.1,47.5,197.2,272.7,72.4,225.2,110.3,89.4,170.0,193.9,50.7,59.5,244.4,296.6,94.1,105.2,220.3,84.3,121.1,wellington,253026.0
2020-12-01,103.7,10.7,107.3,92.6,69.6,73.7,217.8,141.0,279.3,48.2,186.3,170.5,219.8,172.1,47.5,197.2,272.7,72.4,225.2,110.3,89.4,170.0,193.9,50.7,59.5,244.4,296.6,94.1,105.2,220.3,84.3,121.1,west_coast,14748.0
2021-01-01,148.3,-3.0,139.4,159.8,102.3,106.1,314.2,195.6,359.8,67.4,283.6,155.0,282.3,235.1,62.9,295.1,412.1,119.9,350.1,131.8,108.9,247.8,287.5,80.2,115.8,468.8,504.9,117.3,136.7,328.1,144.5,212.7,auckland,733686.0
2021-01-01,148.3,-3.0,139.4,159.8,102.3,106.1,314.2,195.6,359.8,67.4,283.6,155.0,282.3,235.1,62.9,295.1,412.1,119.9,350.1,131.8,108.9,247.8,287.5,80.2,115.8,468.8,504.9,117.3,136.7,328.1,144.5,212.7,bay_of_plenty,134508.0
2021-01-01,148.3,-3.0,139.4,159.8,102.3,106.1,314.2,195.6,359.8,67.4,283.6,155.0,282.3,235.1,62.9,295.1,412.1,119.9,350.1,131.8,108.9,247.8,287.5,80.2,115.8,468.8,504.9,117.3,136.7,328.1,144.5,212.7,canterbury,287079.0
2021-01-01,148.3,-3.0,139.4,159.8,102.3,106.1,314.2,195.6,359.8,67.4,283.6,155.0,282.3,235.1,62.9,295.1,412.1,119.9,350.1,131.8,108.9,247.8,287.5,80.2,115.8,468.8,504.9,117.3,136.7,328.1,144.5,212.7,gisborne,22342.0
2021-01-01,148.3,-3.0,139.4,159.8,102.3,106.1,314.2,195.6,359.8,67.4,283.6,155.0,282.3,235.1,62.9,295.1,412.1,119.9,350.1,131.8,108.9,247.8,287.5,80.2,115.8,468.8,504.9,117.3,136.7,328.1,144.5,212.7,hawke's_bay,77643.0
2021-01-01,148.3,-3.0,139.4,159.8,102.3,106.1,314.2,195.6,359.8,67.4,283.6,155.0,282.3,235.1,62.9,295.1,412.1,119.9,350.1,131.8,108.9,247.8,287.5,80.2,115.8,468.8,504.9,117.3,136.7,328.1,144.5,212.7,manawatu_whanganui,107653.0
2021-01-01,148.3,-3.0,139.4,159.8,102.3,106.1,314.2,195.6,359.8,67.4,283.6,155.0,282.3,235.1,62.9,295.1,412.1,119.9,350.1,131.8,108.9,247.8,287.5,80.2,115.8,468.8,504.9,117.3,136.7,328.1,144.5,212.7,marlborough,26002.0
2021-01-01,148.3,-3.0,139.4,159.8,102.3,106.1,314.2,195.6,359.8,67.4,283.6,155.0,282.3,235.1,62.9,295.1,412.1,119.9,350.1,131.8,108.9,247.8,287.5,80.2,115.8,468.8,504.9,117.3,136.7,328.1,144.5,212.7,nelson,20285.0
2021-01-01,148.3,-3.0,139.4,159.8,102.3,106.1,314.2,195.6,359.8,67.4,283.6,155.0,282.3,235.1,62.9,295.1,412.1,119.9,350.1,131.8,108.9,247.8,287.5,80.2,115.8,468.8,504.9,117.3,136.7,328.1,144.5,212.7,northland,68821.0
2021-01-01,148.3,-3.0,139.4,159.8,102.3,106.1,314.2,195.6,359.8,67.4,283.6,155.0,282.3,235.1,62.9,295.1,412.1,119.9,350.1,131.8,108.9,247.8,287.5,80.2,115.8,468.8,504.9,117.3,136.7,328.1,144.5,212.7,otago,108696.0
2021-01-01,148.3,-3.0,139.4,159.8,102.3,106.1,314.2,195.6,359.8,67.4,283.6,155.0,282.3,235.1,62.9,295.1,412.1,119.9,350.1,131.8,108.9,247.8,287.5,80.2,115.8,468.8,504.9,117.3,136.7,328.1,144.5,212.7,southland,48078.0
2021-01-01,148.3,-3.0,139.4,159.8,102.3,106.1,314.2,195.6,359.8,67.4,283.6,155.0,282.3,235.1,62.9,295.1,412.1,119.9,350.1,131.8,108.9,247.8,287.5,80.2,115.8,468.8,504.9,117.3,136.7,328.1,144.5,212.7,taranaki,52429.0
2021-01-01,148.3,-3.0,139.4,159.8,102.3,106.1,314.2,195.6,359.8,67.4,283.6,155.0,282.3,235.1,62.9,295.1,412.1,119.9,350.1,131.8,108.9,247.8,287.5,80.2,115.8,468.8,504.9,117.3,136.7,328.1,144.5,212.7,tasman,24219.0
2021-01-01,148.3,-3.0,139.4,159.8,102.3,106.1,314.2,195.6,359.8,67.4,283.6,155.0,282.3,235.1,62.9,295.1,412.1,119.9,350.1,131.8,108.9,247.8,287.5,80.2,115.8,468.8,504.9,117.3,136.7,328.1,144.5,212.7,waikato,209267.0
2021-01-01,148.3,-3.0,139.4,159.8,102.3,106.1,314.2,195.6,359.8,67.4,283.6,155.0,282.3,235.1,62.9,295.1,412.1,119.9,350.1,131.8,108.9,247.8,287.5,80.2,115.8,468.8,504.9,117.3,136.7,328.1,144.5,212.7,wellington,246263.0
2021-01-01,148.3,-3.0,139.4,159.8,102.3,106.1,314.2,195.6,359.8,67.4,283.6,155.0,282.3,235.1,62.9,295.1,412.1,119.9,350.1,131.8,108.9,247.8,287.5,80.2,115.8,468.8,504.9,117.3,136.7,328.1,144.5,212.7,west_coast,14402.0
2021-02-01,146.0,8.1,144.0,145.1,99.3,113.2,300.1,193.5,353.7,68.7,281.1,171.2,266.4,205.3,68.0,293.5,381.6,116.7,325.1,146.6,111.6,251.7,260.9,77.1,98.4,398.8,492.9,122.1,140.7,331.7,128.0,204.2,auckland,742549.0
2021-02-01,146.0,8.1,144.0,145.1,99.3,113.2,300.1,193.5,353.7,68.7,281.1,171.2,266.4,205.3,68.0,293.5,381.6,116.7,325.1,146.6,111.6,251.7,260.9,77.1,98.4,398.8,492.9,122.1,140.7,331.7,128.0,204.2,bay_of_plenty,135294.0
2021-02-01,146.0,8.1,144.0,145.1,99.3,113.2,300.1,193.5,353.7,68.7,281.1,171.2,266.4,205.3,68.0,293.5,381.6,116.7,325.1,146.6,111.6,251.7,260.9,77.1,98.4,398.8,492.9,122.1,140.7,331.7,128.0,204.2,canterbury,290456.0
2021-02-01,146.0,8.1,144.0,145.1,99.3,113.2,300.1,193.5,353.7,68.7,281.1,171.2,266.4,205.3,68.0,293.5,381.6,116.7,325.1,146.6,111.6,251.7,260.9,77.1,98.4,398.8,492.9,122.1,140.7,331.7,128.0,204.2,gisborne,22581.0
2021-02-01,146.0,8.1,144.0,145.1,99.3,113.2,300.1,193.5,353.7,68.7,281.1,171.2,266.4,205.3,68.0,293.5,381.6,116.7,325.1,146.6,111.6,251.7,260.9,77.1,98.4,398.8,492.9,122.1,140.7,331.7,128.0,204.2,hawke's_bay,79243.0
2021-02-01,146.0,8.1,144.0,145.1,99.3,113.2,300.1,193.5,353.7,68.7,281.1,171.2,266.4,205.3,68.0,293.5,381.6,116.7,325.1,146.6,111.6,251.7,260.9,77.1,98.4,398.8,492.9,122.1,140.7,331.7,128.0,204.2,manawatu_whanganui,108937.0
2021-02-01,146.0,8.1,144.0,145.1,99.3,113.2,300.1,193.5,353.7,68.7,281.1,171.2,266.4,205.3,68.0,293.5,381.6,116.7,325.1,146.6,111.6,251.7,260.9,77.1,98.4,398.8,492.9,122.1,140.7,331.7,128.0,204.2,marlborough,26173.0
2021-02-01,146.0,8.1,144.0,145.1,99.3,113.2,300.1,193.5,353.7,68.7,281.1,171.2,266.4,205.3,68.0,293.5,381.6,116.7,325.1,146.6,111.6,251.7,260.9,77.1,98.4,398.8,492.9,122.1,140.7,331.7,128.0,204.2,nelson,20356.0
2021-02-01,146.0,8.1,144.0,145.1,99.3,113.2,300.1,193.5,353.7,68.7,281.1,171.2,266.4,205.3,68.0,293.5,381.6,116.7,325.1,146.6,111.6,251.7,260.9,77.1,98.4,398.8,492.9,122.1,140.7,331.7,128.0,204.2,northland,69529.0
2021-02-01,146.0,8.1,144.0,145.1,99.3,113.2,300.1,193.5,353.7,68.7,281.1,171.2,266.4,205.3,68.0,293.5,381.6,116.7,325.1,146.6,111.6,251.7,260.9,77.1,98.4,398.8,492.9,122.1,140.7,331.7,128.0,204.2,otago,109469.0
2021-02-01,146.0,8.1,144.0,145.1,99.3,113.2,300.1,193.5,353.7,68.7,281.1,171.2,266.4,205.3,68.0,293.5,381.6,116.7,325.1,146.6,111.6,251.7,260.9,77.1,98.4,398.8,492.9,122.1,140.7,331.7,128.0,204.2,southland,48577.0
2021-02-01,146.0,8.1,144.0,145.1,99.3,113.2,300.1,193.5,353.7,68.7,281.1,171.2,266.4,205.3,68.0,293.5,381.6,116.7,325.1,146.6,111.6,251.7,260.9,77.1,98.4,398.8,492.9,122.1,140.7,331.7,128.0,204.2,taranaki,53013.0
2021-02-01,146.0,8.1,144.0,145.1,99.3,113.2,300.1,193.5,353.7,68.7,281.1,171.2,266.4,205.3,68.0,293.5,381.6,116.7,325.1,146.6,111.6,251.7,260.9,77.1,98.4,398.8,492.9,122.1,140.7,331.7,128.0,204.2,tasman,24294.0
2021-02-01,146.0,8.1,144.0,145.1,99.3,113.2,300.1,193.5,353.7,68.7,281.1,171.2,266.4,205.3,68.0,293.5,381.6,116.7,325.1,146.6,111.6,251.7,260.9,77.1,98.4,398.8,492.9,122.1,140.7,331.7,128.0,204.2,waikato,211881.0
2021-02-01,146.0,8.1,144.0,145.1,99.3,113.2,300.1,193.5,353.7,68.7,281.1,171.2,266.4,205.3,68.0,293.5,381.6,116.7,325.1,146.6,111.6,251.7,260.9,77.1,98.4,398.8,492.9,122.1,140.7,331.7,128.0,204.2,wellington,249465.0
2021-02-01,146.0,8.1,144.0,145.1,99.3,113.2,300.1,193.5,353.7,68.7,281.1,171.2,266.4,205.3,68.0,293.5,381.6,116.7,325.1,146.6,111.6,251.7,260.9,77.1,98.4,398.8,492.9,122.1,140.7,331.7,128.0,204.2,west_coast,14522.0
2021-03-01,186.2,78.5,186.0,180.6,131.1,136.6,382.9,243.6,439.3,91.7,347.6,229.8,379.3,259.0,85.7,358.6,435.8,141.1,421.7,182.4,154.3,300.8,341.4,102.0,119.6,455.3,602.5,163.5,174.7,401.4,160.6,249.6,auckland,747388.0
2021-03-01,186.2,78.5,186.0,180.6,131.1,136.6,382.9,243.6,439.3,91.7,347.6,229.8,379.3,259.0,85.7,358.6,435.8,141.1,421.7,182.4,154.3,300.8,341.4,102.0,119.6,455.3,602.5,163.5,174.7,401.4,160.6,249.6,bay_of_plenty,138027.0
2021-03-01,186.2,78.5,186.0,180.6,131.1,136.6,382.9,243.6,439.3,91.7,347.6,229.8,379.3,259.0,85.7,358.6,435.8,141.1,421.7,182.4,154.3,300.8,341.4,102.0,119.6,455.3,602.5,163.5,174.7,401.4,160.6,249.6,canterbury,292015.0
2021-03-01,186.2,78.5,186.0,180.6,131.1,136.6,382.9,243.6,439.3,91.7,347.6,229.8,379.3,259.0,85.7,358.6,435.8,141.1,421.7,182.4,154.3,300.8,341.4,102.0,119.6,455.3,602.5,163.5,174.7,401.4,160.6,249.6,gisborne,22925.0
2021-03-01,186.2,78.5,186.0,180.6,131.1,136.6,382.9,243.6,439.3,91.7,347.6,229.8,379.3,259.0,85.7,358.6,435.8,141.1,421.7,182.4,154.3,300.8,341.4,102.0,119.6,455.3,602.5,163.5,174.7,401.4,160.6,249.6,hawke's_bay,80031.0
2021-03-01,186.2,78.5,186.0,180.6,131.1,136.6,382.9,243.6,439.3,91.7,347.6,229.8,379.3,259.0,85.7,358.6,435.8,141.1,421.7,182.4,154.3,300.8,341.4,102.0,119.6,455.3,602.5,163.5,174.7,401.4,160.6,249.6,manawatu_whanganui,109370.0
2021-03-01,186.2,78.5,186.0,180.6,131.1,136.6,382.9,243.6,439.3,91.7,347.6,229.8,379.3,259.0,85.7,358.6,435.8,141.1,421.7,182.4,154.3,300.8,341.4,102.0,119.6,455.3,602.5,163.5,174.7,401.4,160.6,249.6,marlborough,26542.0
2021-03-01,186.2,78.5,186.0,180.6,131.1,136.6,382.9,243.6,439.3,91.7,347.6,229.8,379.3,259.0,85.7,358.6,435.8,141.1,421.7,182.4,154.3,300.8,341.4,102.0,119.6,455.3,602.5,163.5,174.7,401.4,160.6,249.6,nelson,20428.0
2021-03-01,186.2,78.5,186.0,180.6,131.1,136.6,382.9,243.6,439.3,91.7,347.6,229.8,379.3,259.0,85.7,358.6,435.8,141.1,421.7,182.4,154.3,300.8,341.4,102.0,119.6,455.3,602.5,163.5,174.7,401.4,160.6,249.6,northland,70138.0
2021-03-01,186.2,78.5,186.0,180.6,131.1,136.6,382.9,243.6,439.3,91.7,347.6,229.8,379.3,259.0,85.7,358.6,435.8,141.1,421.7,182.4,154.3,300.8,341.4,102.0,119.6,455.3,602.5,163.5,174.7,401.4,160.6,249.6,otago,109820.0
2021-03-01,186.2,78.5,186.0,180.6,131.1,136.6,382.9,243.6,439.3,91.7,347.6,229.8,379.3,259.0,85.7,358.6,435.8,141.1,421.7,182.4,154.3,300.8,341.4,102.0,119.6,455.3,602.5,163.5,174.7,401.4,160.6,249.6,southland,48104.0
2021-03-01,186.2,78.5,186.0,180.6,131.1,136.6,382.9,243.6,439.3,91.7,347.6,229.8,379.3,259.0,85.7,358.6,435.8,141.1,421.7,182.4,154.3,300.8,341.4,102.0,119.6,455.3,602.5,163.5,174.7,401.4,160.6,249.6,taranaki,53065.0
2021-03-01,186.2,78.5,186.0,180.6,131.1,136.6,382.9,243.6,439.3,91.7,347.6,229.8,379.3,259.0,85.7,358.6,435.8,141.1,421.7,182.4,154.3,300.8,341.4,102.0,119.6,455.3,602.5,163.5,174.7,401.4,160.6,249.6,tasman,24588.0
2021-03-01,186.2,78.5,186.0,180.6,131.1,136.6,382.9,243.6,439.3,91.7,347.6,229.8,379.3,259.0,85.7,358.6,435.8,141.1,421.7,182.4,154.3,300.8,341.4,102.0,119.6,455.3,602.5,163.5,174.7,401.4,160.6,249.6,waikato,212767.0
2021-03-01,186.2,78.5,186.0,180.6,131.1,136.6,382.9,243.6,439.3,91.7,347.6,229.8,379.3,259.0,85.7,358.6,435.8,141.1,421.7,182.4,154.3,300.8,341.4,102.0,119.6,455.3,602.5,163.5,174.7,401.4,160.6,249.6,wellington,250462.0
2021-03-01,186.2,78.5,186.0,180.6,131.1,136.6,382.9,243.6,439.3,91.7,347.6,229.8,379.3,259.0,85.7,358.6,435.8,141.1,421.7,182.4,154.3,300.8,341.4,102.0,119.6,455.3,602.5,163.5,174.7,401.4,160.6,249.6,west_coast,14510.0
2021-04-01,165.6,319.7,158.2,175.0,121.3,118.8,330.2,208.7,392.0,80.1,302.2,178.1,311.7,284.4,78.6,324.0,408.5,134.4,355.3,149.6,129.0,264.4,311.3,94.0,124.8,472.8,560.6,135.2,161.2,338.2,160.2,226.1,auckland,750679.0
2021-04-01,165.6,319.7,158.2,175.0,121.3,118.8,330.2,208.7,392.0,80.1,302.2,178.1,311.7,284.4,78.6,324.0,408.5,134.4,355.3,149.6,129.0,264.4,311.3,94.0,124.8,472.8,560.6,135.2,161.2,338.2,160.2,226.1,bay_of_plenty,140418.0
2021-04-01,165.6,319.7,158.2,175.0,121.3,118.8,330.2,208.7,392.0,80.1,302.2,178.1,311.7,284.4,78.6,324.0,408.5,134.4,355.3,149.6,129.0,264.4,311.3,94.0,124.8,472.8,560.6,135.2,161.2,338.2,160.2,226.1,canterbury,292591.0
2021-04-01,165.6,319.7,158.2,175.0,121.3,118.8,330.2,208.7,392.0,80.1,302.2,178.1,311.7,284.4,78.6,324.0,408.5,134.4,355.3,149.6,129.0,264.4,311.3,94.0,124.8,472.8,560.6,135.2,161.2,338.2,160.2,226.1,gisborne,22647.0
2021-04-01,165.6,319.7,158.2,175.0,121.3,118.8,330.2,208.7,392.0,80.1,302.2,178.1,311.7,284.4,78.6,324.0,408.5,134.4,355.3,149.6,129.0,264.4,311.3,94.0,124.8,472.8,560.6,135.2,161.2,338.2,160.2,226.1,hawke's_bay,79968.0
2021-04-01,165.6,319.7,158.2,175.0,121.3,118.8,330.2,208.7,392.0,80.1,302.2,178.1,311.7,284.4,78.6,324.0,408.5,134.4,355.3,149.6,129.0,264.4,311.3,94.0,124.8,472.8,560.6,135.2,161.2,338.2,160.2,226.1,manawatu_whanganui,108949.0
2021-04-01,165.6,319.7,158.2,175.0,121.3,118.8,330.2,208.7,392.0,80.1,302.2,178.1,311.7,284.4,78.6,324.0,408.5,134.4,355.3,149.6,129.0,264.4,311.3,94.0,124.8,472.8,560.6,135.2,161.2,338.2,160.2,226.1,marlborough,26454.0
2021-04-01,165.6,319.7,158.2,175.0,121.3,118.8,330.2,208.7,392.0,80.1,302.2,178.1,311.7,284.4,78.6,324.0,408.5,134.4,355.3,149.6,129.0,264.4,311.3,94.0,124.8,472.8,560.6,135.2,161.2,338.2,160.2,226.1,nelson,20356.0
2021-04-01,165.6,319.7,158.2,175.0,121.3,118.8,330.2,208.7,392.0,80.1,302.2,178.1,311.7,284.4,78.6,324.0,408.5,134.4,355.3,149.6,129.0,264.4,311.3,94.0,124.8,472.8,560.6,135.2,161.2,338.2,160.2,226.1,northland,70658.0
2021-04-01,165.6,319.7,158.2,175.0,121.3,118.8,330.2,208.7,392.0,80.1,302.2,178.1,311.7,284.4,78.6,324.0,408.5,134.4,355.3,149.6,129.0,264.4,311.3,94.0,124.8,472.8,560.6,135.2,161.2,338.2,160.2,226.1,otago,109748.0
2021-04-01,165.6,319.7,158.2,175.0,121.3,118.8,330.2,208.7,392.0,80.1,302.2,178.1,311.7,284.4,78.6,324.0,408.5,134.4,355.3,149.6,129.0,264.4,311.3,94.0,124.8,472.8,560.6,135.2,161.2,338.2,160.2,226.1,southland,47866.0
2021-04-01,165.6,319.7,158.2,175.0,121.3,118.8,330.2,208.7,392.0,80.1,302.2,178.1,311.7,284.4,78.6,324.0,408.5,134.4,355.3,149.6,129.0,264.4,311.3,94.0,124.8,472.8,560.6,135.2,161.2,338.2,160.2,226.1,taranaki,53076.0
2021-04-01,165.6,319.7,158.2,175.0,121.3,118.8,330.2,208.7,392.0,80.1,302.2,178.1,311.7,284.4,78.6,324.0,408.5,134.4,355.3,149.6,129.0,264.4,311.3,94.0,124.8,472.8,560.6,135.2,161.2,338.2,160.2,226.1,tasman,24470.0
2021-04-01,165.6,319.7,158.2,175.0,121.3,118.8,330.2,208.7,392.0,80.1,302.2,178.1,311.7,284.4,78.6,324.0,408.5,134.4,355.3,149.6,129.0,264.4,311.3,94.0,124.8,472.8,560.6,135.2,161.2,338.2,160.2,226.1,waikato,213584.0
2021-04-01,165.6,319.7,158.2,175.0,121.3,118.8,330.2,208.7,392.0,80.1,302.2,178.1,311.7,284.4,78.6,324.0,408.5,134.4,355.3,149.6,129.0,264.4,311.3,94.0,124.8,472.8,560.6,135.2,161.2,338.2,160.2,226.1,wellington,250419.0
2021-04-01,165.6,319.7,158.2,175.0,121.3,118.8,330.2,208.7,392.0,80.1,302.2,178.1,311.7,284.4,78.6,324.0,408.5,134.4,355.3,149.6,129.0,264.4,311.3,94.0,124.8,472.8,560.6,135.2,161.2,338.2,160.2,226.1,west_coast,14535.0
2021-05-01,187.6,164.4,179.4,199.1,137.9,136.1,347.5,235.9,430.8,92.1,339.2,207.0,362.1,316.4,88.4,372.5,458.2,148.9,398.4,165.4,148.0,299.0,346.2,110.2,138.1,553.3,624.3,154.0,179.5,386.9,181.2,260.9,auckland,754059.0
2021-05-01,187.6,164.4,179.4,199.1,137.9,136.1,347.5,235.9,430.8,92.1,339.2,207.0,362.1,316.4,88.4,372.5,458.2,148.9,398.4,165.4,148.0,299.0,346.2,110.2,138.1,553.3,624.3,154.0,179.5,386.9,181.2,260.9,bay_of_plenty,141343.0
2021-05-01,187.6,164.4,179.4,199.1,137.9,136.1,347.5,235.9,430.8,92.1,339.2,207.0,362.1,316.4,88.4,372.5,458.2,148.9,398.4,165.4,148.0,299.0,346.2,110.2,138.1,553.3,624.3,154.0,179.5,386.9,181.2,260.9,canterbury,292925.0
2021-05-01,187.6,164.4,179.4,199.1,137.9,136.1,347.5,235.9,430.8,92.1,339.2,207.0,362.1,316.4,88.4,372.5,458.2,148.9,398.4,165.4,148.0,299.0,346.2,110.2,138.1,553.3,624.3,154.0,179.5,386.9,181.2,260.9,gisborne,22643.0
2021-05-01,187.6,164.4,179.4,199.1,137.9,136.1,347.5,235.9,430.8,92.1,339.2,207.0,362.1,316.4,88.4,372.5,458.2,148.9,398.4,165.4,148.0,299.0,346.2,110.2,138.1,553.3,624.3,154.0,179.5,386.9,181.2,260.9,hawke's_bay,79147.0
2021-05-01,187.6,164.4,179.4,199.1,137.9,136.1,347.5,235.9,430.8,92.1,339.2,207.0,362.1,316.4,88.4,372.5,458.2,148.9,398.4,165.4,148.0,299.0,346.2,110.2,138.1,553.3,624.3,154.0,179.5,386.9,181.2,260.9,manawatu_whanganui,109485.0
2021-05-01,187.6,164.4,179.4,199.1,137.9,136.1,347.5,235.9,430.8,92.1,339.2,207.0,362.1,316.4,88.4,372.5,458.2,148.9,398.4,165.4,148.0,299.0,346.2,110.2,138.1,553.3,624.3,154.0,179.5,386.9,181.2,260.9,marlborough,26229.0
2021-05-01,187.6,164.4,179.4,199.1,137.9,136.1,347.5,235.9,430.8,92.1,339.2,207.0,362.1,316.4,88.4,372.5,458.2,148.9,398.4,165.4,148.0,299.0,346.2,110.2,138.1,553.3,624.3,154.0,179.5,386.9,181.2,260.9,nelson,20448.0
2021-05-01,187.6,164.4,179.4,199.1,137.9,136.1,347.5,235.9,430.8,92.1,339.2,207.0,362.1,316.4,88.4,372.5,458.2,148.9,398.4,165.4,148.0,299.0,346.2,110.2,138.1,553.3,624.3,154.0,179.5,386.9,181.2,260.9,northland,70783.0
2021-05-01,187.6,164.4,179.4,199.1,137.9,136.1,347.5,235.9,430.8,92.1,339.2,207.0,362.1,316.4,88.4,372.5,458.2,148.9,398.4,165.4,148.0,299.0,346.2,110.2,138.1,553.3,624.3,154.0,179.5,386.9,181.2,260.9,otago,109352.0
2021-05-01,187.6,164.4,179.4,199.1,137.9,136.1,347.5,235.9,430.8,92.1,339.2,207.0,362.1,316.4,88.4,372.5,458.2,148.9,398.4,165.4,148.0,299.0,346.2,110.2,138.1,553.3,624.3,154.0,179.5,386.9,181.2,260.9,southland,47642.0
2021-05-01,187.6,164.4,179.4,199.1,137.9,136.1,347.5,235.9,430.8,92.1,339.2,207.0,362.1,316.4,88.4,372.5,458.2,148.9,398.4,165.4,148.0,299.0,346.2,110.2,138.1,553.3,624.3,154.0,179.5,386.9,181.2,260.9,taranaki,53235.0
2021-05-01,187.6,164.4,179.4,199.1,137.9,136.1,347.5,235.9,430.8,92.1,339.2,207.0,362.1,316.4,88.4,372.5,458.2,148.9,398.4,165.4,148.0,299.0,346.2,110.2,138.1,553.3,624.3,154.0,179.5,386.9,181.2,260.9,tasman,24381.0
2021-05-01,187.6,164.4,179.4,199.1,137.9,136.1,347.5,235.9,430.8,92.1,339.2,207.0,362.1,316.4,88.4,372.5,458.2,148.9,398.4,165.4,148.0,299.0,346.2,110.2,138.1,553.3,624.3,154.0,179.5,386.9,181.2,260.9,waikato,214181.0
2021-05-01,187.6,164.4,179.4,199.1,137.9,136.1,347.5,235.9,430.8,92.1,339.2,207.0,362.1,316.4,88.4,372.5,458.2,148.9,398.4,165.4,148.0,299.0,346.2,110.2,138.1,553.3,624.3,154.0,179.5,386.9,181.2,260.9,wellington,250895.0
2021-05-01,187.6,164.4,179.4,199.1,137.9,136.1,347.5,235.9,430.8,92.1,339.2,207.0,362.1,316.4,88.4,372.5,458.2,148.9,398.4,165.4,148.0,299.0,346.2,110.2,138.1,553.3,624.3,154.0,179.5,386.9,181.2,260.9,west_coast,14433.0
2021-06-01,194.7,93.4,187.1,205.0,142.4,140.8,388.2,252.4,443.3,95.6,349.3,228.2,373.7,322.0,88.8,377.0,514.2,156.2,433.4,172.8,156.9,306.6,355.0,112.8,144.8,566.8,633.8,160.1,192.9,390.6,187.5,265.4,auckland,757326.0
2021-06-01,194.7,93.4,187.1,205.0,142.4,140.8,388.2,252.4,443.3,95.6,349.3,228.2,373.7,322.0,88.8,377.0,514.2,156.2,433.4,172.8,156.9,306.6,355.0,112.8,144.8,566.8,633.8,160.1,192.9,390.6,187.5,265.4,bay_of_plenty,140592.0
2021-06-01,194.7,93.4,187.1,205.0,142.4,140.8,388.2,252.4,443.3,95.6,349.3,228.2,373.7,322.0,88.8,377.0,514.2,156.2,433.4,172.8,156.9,306.6,355.0,112.8,144.8,566.8,633.8,160.1,192.9,390.6,187.5,265.4,canterbury,294297.0
2021-06-01,194.7,93.4,187.1,205.0,142.4,140.8,388.2,252.4,443.3,95.6,349.3,228.2,373.7,322.0,88.8,377.0,514.2,156.2,433.4,172.8,156.9,306.6,355.0,112.8,144.8,566.8,633.8,160.1,192.9,390.6,187.5,265.4,gisborne,22700.0
2021-06-01,194.7,93.4,187.1,205.0,142.4,140.8,388.2,252.4,443.3,95.6,349.3,228.2,373.7,322.0,88.8,377.0,514.2,156.2,433.4,172.8,156.9,306.6,355.0,112.8,144.8,566.8,633.8,160.1,192.9,390.6,187.5,265.4,hawke's_bay,79214.0
2021-06-01,194.7,93.4,187.1,205.0,142.4,140.8,388.2,252.4,443.3,95.6,349.3,228.2,373.7,322.0,88.8,377.0,514.2,156.2,433.4,172.8,156.9,306.6,355.0,112.8,144.8,566.8,633.8,160.1,192.9,390.6,187.5,265.4,manawatu_whanganui,110057.0
2021-06-01,194.7,93.4,187.1,205.0,142.4,140.8,388.2,252.4,443.3,95.6,349.3,228.2,373.7,322.0,88.8,377.0,514.2,156.2,433.4,172.8,156.9,306.6,355.0,112.8,144.8,566.8,633.8,160.1,192.9,390.6,187.5,265.4,marlborough,26160.0
2021-06-01,194.7,93.4,187.1,205.0,142.4,140.8,388.2,252.4,443.3,95.6,349.3,228.2,373.7,322.0,88.8,377.0,514.2,156.2,433.4,172.8,156.9,306.6,355.0,112.8,144.8,566.8,633.8,160.1,192.9,390.6,187.5,265.4,nelson,20534.0
2021-06-01,194.7,93.4,187.1,205.0,142.4,140.8,388.2,252.4,443.3,95.6,349.3,228.2,373.7,322.0,88.8,377.0,514.2,156.2,433.4,172.8,156.9,306.6,355.0,112.8,144.8,566.8,633.8,160.1,192.9,390.6,187.5,265.4,northland,70898.0
2021-06-01,194.7,93.4,187.1,205.0,142.4,140.8,388.2,252.4,443.3,95.6,349.3,228.2,373.7,322.0,88.8,377.0,514.2,156.2,433.4,172.8,156.9,306.6,355.0,112.8,144.8,566.8,633.8,160.1,192.9,390.6,187.5,265.4,otago,109869.0
2021-06-01,194.7,93.4,187.1,205.0,142.4,140.8,388.2,252.4,443.3,95.6,349.3,228.2,373.7,322.0,88.8,377.0,514.2,156.2,433.4,172.8,156.9,306.6,355.0,112.8,144.8,566.8,633.8,160.1,192.9,390.6,187.5,265.4,southland,47341.0
2021-06-01,194.7,93.4,187.1,205.0,142.4,140.8,388.2,252.4,443.3,95.6,349.3,228.2,373.7,322.0,88.8,377.0,514.2,156.2,433.4,172.8,156.9,306.6,355.0,112.8,144.8,566.8,633.8,160.1,192.9,390.6,187.5,265.4,taranaki,53466.0
2021-06-01,194.7,93.4,187.1,205.0,142.4,140.8,388.2,252.4,443.3,95.6,349.3,228.2,373.7,322.0,88.8,377.0,514.2,156.2,433.4,172.8,156.9,306.6,355.0,112.8,144.8,566.8,633.8,160.1,192.9,390.6,187.5,265.4,tasman,24335.0
2021-06-01,194.7,93.4,187.1,205.0,142.4,140.8,388.2,252.4,443.3,95.6,349.3,228.2,373.7,322.0,88.8,377.0,514.2,156.2,433.4,172.8,156.9,306.6,355.0,112.8,144.8,566.8,633.8,160.1,192.9,390.6,187.5,265.4,waikato,215147.0
2021-06-01,194.7,93.4,187.1,205.0,142.4,140.8,388.2,252.4,443.3,95.6,349.3,228.2,373.7,322.0,88.8,377.0,514.2,156.2,433.4,172.8,156.9,306.6,355.0,112.8,144.8,566.8,633.8,160.1,192.9,390.6,187.5,265.4,wellington,252315.0
2021-06-01,194.7,93.4,187.1,205.0,142.4,140.8,388.2,252.4,443.3,95.6,349.3,228.2,373.7,322.0,88.8,377.0,514.2,156.2,433.4,172.8,156.9,306.6,355.0,112.8,144.8,566.8,633.8,160.1,192.9,390.6,187.5,265.4,west_coast,14461.0
2021-07-01,220.1,92.3,206.0,241.6,156.5,161.2,444.4,297.3,505.9,106.5,391.9,211.4,467.4,326.6,100.9,451.4,553.6,179.9,476.5,185.0,173.5,332.7,414.0,130.2,172.4,680.6,757.1,180.1,201.2,431.1,217.7,324.3,auckland,758256.0
2021-07-01,220.1,92.3,206.0,241.6,156.5,161.2,444.4,297.3,505.9,106.5,391.9,211.4,467.4,326.6,100.9,451.4,553.6,179.9,476.5,185.0,173.5,332.7,414.0,130.2,172.4,680.6,757.1,180.1,201.2,431.1,217.7,324.3,bay_of_plenty,138395.0
2021-07-01,220.1,92.3,206.0,241.6,156.5,161.2,444.4,297.3,505.9,106.5,391.9,211.4,467.4,326.6,100.9,451.4,553.6,179.9,476.5,185.0,173.5,332.7,414.0,130.2,172.4,680.6,757.1,180.1,201.2,431.1,217.7,324.3,canterbury,294478.0
2021-07-01,220.1,92.3,206.0,241.6,156.5,161.2,444.4,297.3,505.9,106.5,391.9,211.4,467.4,326.6,100.9,451.4,553.6,179.9,476.5,185.0,173.5,332.7,414.0,130.2,172.4,680.6,757.1,180.1,201.2,431.1,217.7,324.3,gisborne,22448.0
2021-07-01,220.1,92.3,206.0,241.6,156.5,161.2,444.4,297.3,505.9,106.5,391.9,211.4,467.4,326.6,100.9,451.4,553.6,179.9,476.5,185.0,173.5,332.7,414.0,130.2,172.4,680.6,757.1,180.1,201.2,431.1,217.7,324.3,hawke's_bay,78601.0
2021-07-01,220.1,92.3,206.0,241.6,156.5,161.2,444.4,297.3,505.9,106.5,391.9,211.4,467.4,326.6,100.9,451.4,553.6,179.9,476.5,185.0,173.5,332.7,414.0,130.2,172.4,680.6,757.1,180.1,201.2,431.1,217.7,324.3,manawatu_whanganui,110226.0
2021-07-01,220.1,92.3,206.0,241.6,156.5,161.2,444.4,297.3,505.9,106.5,391.9,211.4,467.4,326.6,100.9,451.4,553.6,179.9,476.5,185.0,173.5,332.7,414.0,130.2,172.4,680.6,757.1,180.1,201.2,431.1,217.7,324.3,marlborough,26332.0
2021-07-01,220.1,92.3,206.0,241.6,156.5,161.2,444.4,297.3,505.9,106.5,391.9,211.4,467.4,326.6,100.9,451.4,553.6,179.9,476.5,185.0,173.5,332.7,414.0,130.2,172.4,680.6,757.1,180.1,201.2,431.1,217.7,324.3,nelson,20554.0
2021-07-01,220.1,92.3,206.0,241.6,156.5,161.2,444.4,297.3,505.9,106.5,391.9,211.4,467.4,326.6,100.9,451.4,553.6,179.9,476.5,185.0,173.5,332.7,414.0,130.2,172.4,680.6,757.1,180.1,201.2,431.1,217.7,324.3,northland,71081.0
2021-07-01,220.1,92.3,206.0,241.6,156.5,161.2,444.4,297.3,505.9,106.5,391.9,211.4,467.4,326.6,100.9,451.4,553.6,179.9,476.5,185.0,173.5,332.7,414.0,130.2,172.4,680.6,757.1,180.1,201.2,431.1,217.7,324.3,otago,109851.0
2021-07-01,220.1,92.3,206.0,241.6,156.5,161.2,444.4,297.3,505.9,106.5,391.9,211.4,467.4,326.6,100.9,451.4,553.6,179.9,476.5,185.0,173.5,332.7,414.0,130.2,172.4,680.6,757.1,180.1,201.2,431.1,217.7,324.3,southland,47224.0
2021-07-01,220.1,92.3,206.0,241.6,156.5,161.2,444.4,297.3,505.9,106.5,391.9,211.4,467.4,326.6,100.9,451.4,553.6,179.9,476.5,185.0,173.5,332.7,414.0,130.2,172.4,680.6,757.1,180.1,201.2,431.1,217.7,324.3,taranaki,53653.0
2021-07-01,220.1,92.3,206.0,241.6,156.5,161.2,444.4,297.3,505.9,106.5,391.9,211.4,467.4,326.6,100.9,451.4,553.6,179.9,476.5,185.0,173.5,332.7,414.0,130.2,172.4,680.6,757.1,180.1,201.2,431.1,217.7,324.3,tasman,24337.0
2021-07-01,220.1,92.3,206.0,241.6,156.5,161.2,444.4,297.3,505.9,106.5,391.9,211.4,467.4,326.6,100.9,451.4,553.6,179.9,476.5,185.0,173.5,332.7,414.0,130.2,172.4,680.6,757.1,180.1,201.2,431.1,217.7,324.3,waikato,215313.0
2021-07-01,220.1,92.3,206.0,241.6,156.5,161.2,444.4,297.3,505.9,106.5,391.9,211.4,467.4,326.6,100.9,451.4,553.6,179.9,476.5,185.0,173.5,332.7,414.0,130.2,172.4,680.6,757.1,180.1,201.2,431.1,217.7,324.3,wellington,251853.0
2021-07-01,220.1,92.3,206.0,241.6,156.5,161.2,444.4,297.3,505.9,106.5,391.9,211.4,467.4,326.6,100.9,451.4,553.6,179.9,476.5,185.0,173.5,332.7,414.0,130.2,172.4,680.6,757.1,180.1,201.2,431.1,217.7,324.3,west_coast,14406.0
2021-08-01,168.4,54.5,163.7,169.5,118.3,127.3,334.4,231.5,398.0,87.4,284.6,175.5,345.9,207.8,92.1,326.2,458.5,132.2,403.1,148.6,146.4,235.9,284.1,98.3,122.3,474.7,522.0,149.8,153.2,306.6,154.6,221.1,auckland,764248.0
2021-08-01,168.4,54.5,163.7,169.5,118.3,127.3,334.4,231.5,398.0,87.4,284.6,175.5,345.9,207.8,92.1,326.2,458.5,132.2,403.1,148.6,146.4,235.9,284.1,98.3,122.3,474.7,522.0,149.8,153.2,306.6,154.6,221.1,bay_of_plenty,139118.0
2021-08-01,168.4,54.5,163.7,169.5,118.3,127.3,334.4,231.5,398.0,87.4,284.6,175.5,345.9,207.8,92.1,326.2,458.5,132.2,403.1,148.6,146.4,235.9,284.1,98.3,122.3,474.7,522.0,149.8,153.2,306.6,154.6,221.1,canterbury,295798.0
2021-08-01,168.4,54.5,163.7,169.5,118.3,127.3,334.4,231.5,398.0,87.4,284.6,175.5,345.9,207.8,92.1,326.2,458.5,132.2,403.1,148.6,146.4,235.9,284.1,98.3,122.3,474.7,522.0,149.8,153.2,306.6,154.6,221.1,gisborne,22327.0
2021-08-01,168.4,54.5,163.7,169.5,118.3,127.3,334.4,231.5,398.0,87.4,284.6,175.5,345.9,207.8,92.1,326.2,458.5,132.2,403.1,148.6,146.4,235.9,284.1,98.3,122.3,474.7,522.0,149.8,153.2,306.6,154.6,221.1,hawke's_bay,78113.0
2021-08-01,168.4,54.5,163.7,169.5,118.3,127.3,334.4,231.5,398.0,87.4,284.6,175.5,345.9,207.8,92.1,326.2,458.5,132.2,403.1,148.6,146.4,235.9,284.1,98.3,122.3,474.7,522.0,149.8,153.2,306.6,154.6,221.1,manawatu_whanganui,110107.0
2021-08-01,168.4,54.5,163.7,169.5,118.3,127.3,334.4,231.5,398.0,87.4,284.6,175.5,345.9,207.8,92.1,326.2,458.5,132.2,403.1,148.6,146.4,235.9,284.1,98.3,122.3,474.7,522.0,149.8,153.2,306.6,154.6,221.1,marlborough,26396.0
2021-08-01,168.4,54.5,163.7,169.5,118.3,127.3,334.4,231.5,398.0,87.4,284.6,175.5,345.9,207.8,92.1,326.2,458.5,132.2,403.1,148.6,146.4,235.9,284.1,98.3,122.3,474.7,522.0,149.8,153.2,306.6,154.6,221.1,nelson,20539.0
2021-08-01,168.4,54.5,163.7,169.5,118.3,127.3,334.4,231.5,398.0,87.4,284.6,175.5,345.9,207.8,92.1,326.2,458.5,132.2,403.1,148.6,146.4,235.9,284.1,98.3,122.3,474.7,522.0,149.8,153.2,306.6,154.6,221.1,northland,71642.0
2021-08-01,168.4,54.5,163.7,169.5,118.3,127.3,334.4,231.5,398.0,87.4,284.6,175.5,345.9,207.8,92.1,326.2,458.5,132.2,403.1,148.6,146.4,235.9,284.1,98.3,122.3,474.7,522.0,149.8,153.2,306.6,154.6,221.1,otago,110206.0
2021-08-01,168.4,54.5,163.7,169.5,118.3,127.3,334.4,231.5,398.0,87.4,284.6,175.5,345.9,207.8,92.1,326.2,458.5,132.2,403.1,148.6,146.4,235.9,284.1,98.3,122.3,474.7,522.0,149.8,153.2,306.6,154.6,221.1,southland,47163.0
2021-08-01,168.4,54.5,163.7,169.5,118.3,127.3,334.4,231.5,398.0,87.4,284.6,175.5,345.9,207.8,92.1,326.2,458.5,132.2,403.1,148.6,146.4,235.9,284.1,98.3,122.3,474.7,522.0,149.8,153.2,306.6,154.6,221.1,taranaki,53751.0
2021-08-01,168.4,54.5,163.7,169.5,118.3,127.3,334.4,231.5,398.0,87.4,284.6,175.5,345.9,207.8,92.1,326.2,458.5,132.2,403.1,148.6,146.4,235.9,284.1,98.3,122.3,474.7,522.0,149.8,153.2,306.6,154.6,221.1,tasman,24336.0
2021-08-01,168.4,54.5,163.7,169.5,118.3,127.3,334.4,231.5,398.0,87.4,284.6,175.5,345.9,207.8,92.1,326.2,458.5,132.2,403.1,148.6,146.4,235.9,284.1,98.3,122.3,474.7,522.0,149.8,153.2,306.6,154.6,221.1,waikato,216834.0
2021-08-01,168.4,54.5,163.7,169.5,118.3,127.3,334.4,231.5,398.0,87.4,284.6,175.5,345.9,207.8,92.1,326.2,458.5,132.2,403.1,148.6,146.4,235.9,284.1,98.3,122.3,474.7,522.0,149.8,153.2,306.6,154.6,221.1,wellington,253645.0
2021-08-01,168.4,54.5,163.7,169.5,118.3,127.3,334.4,231.5,398.0,87.4,284.6,175.5,345.9,207.8,92.1,326.2,458.5,132.2,403.1,148.6,146.4,235.9,284.1,98.3,122.3,474.7,522.0,149.8,153.2,306.6,154.6,221.1,west_coast,14415.0
2021-09-01,176.8,34.0,170.3,181.9,108.6,137.6,382.0,268.7,452.6,86.6,317.7,218.3,354.0,193.8,93.4,363.6,465.6,135.1,408.1,158.7,150.0,254.1,273.6,98.7,133.7,543.6,581.8,152.3,162.0,340.8,163.4,245.8,auckland,763723.0
2021-09-01,176.8,34.0,170.3,181.9,108.6,137.6,382.0,268.7,452.6,86.6,317.7,218.3,354.0,193.8,93.4,363.6,465.6,135.1,408.1,158.7,150.0,254.1,273.6,98.7,133.7,543.6,581.8,152.3,162.0,340.8,163.4,245.8,bay_of_plenty,139534.0
2021-09-01,176.8,34.0,170.3,181.9,108.6,137.6,382.0,268.7,452.6,86.6,317.7,218.3,354.0,193.8,93.4,363.6,465.6,135.1,408.1,158.7,150.0,254.1,273.6,98.7,133.7,543.6,581.8,152.3,162.0,340.8,163.4,245.8,canterbury,297385.0
2021-09-01,176.8,34.0,170.3,181.9,108.6,137.6,382.0,268.7,452.6,86.6,317.7,218.3,354.0,193.8,93.4,363.6,465.6,135.1,408.1,158.7,150.0,254.1,273.6,98.7,133.7,543.6,581.8,152.3,162.0,340.8,163.4,245.8,gisborne,22297.0
2021-09-01,176.8,34.0,170.3,181.9,108.6,137.6,382.0,268.7,452.6,86.6,317.7,218.3,354.0,193.8,93.4,363.6,465.6,135.1,408.1,158.7,150.0,254.1,273.6,98.7,133.7,543.6,581.8,152.3,162.0,340.8,163.4,245.8,hawke's_bay,78284.0
2021-09-01,176.8,34.0,170.3,181.9,108.6,137.6,382.0,268.7,452.6,86.6,317.7,218.3,354.0,193.8,93.4,363.6,465.6,135.1,408.1,158.7,150.0,254.1,273.6,98.7,133.7,543.6,581.8,152.3,162.0,340.8,163.4,245.8,manawatu_whanganui,110286.0
2021-09-01,176.8,34.0,170.3,181.9,108.6,137.6,382.0,268.7,452.6,86.6,317.7,218.3,354.0,193.8,93.4,363.6,465.6,135.1,408.1,158.7,150.0,254.1,273.6,98.7,133.7,543.6,581.8,152.3,162.0,340.8,163.4,245.8,marlborough,26406.0
2021-09-01,176.8,34.0,170.3,181.9,108.6,137.6,382.0,268.7,452.6,86.6,317.7,218.3,354.0,193.8,93.4,363.6,465.6,135.1,408.1,158.7,150.0,254.1,273.6,98.7,133.7,543.6,581.8,152.3,162.0,340.8,163.4,245.8,nelson,20457.0
2021-09-01,176.8,34.0,170.3,181.9,108.6,137.6,382.0,268.7,452.6,86.6,317.7,218.3,354.0,193.8,93.4,363.6,465.6,135.1,408.1,158.7,150.0,254.1,273.6,98.7,133.7,543.6,581.8,152.3,162.0,340.8,163.4,245.8,northland,71791.0
2021-09-01,176.8,34.0,170.3,181.9,108.6,137.6,382.0,268.7,452.6,86.6,317.7,218.3,354.0,193.8,93.4,363.6,465.6,135.1,408.1,158.7,150.0,254.1,273.6,98.7,133.7,543.6,581.8,152.3,162.0,340.8,163.4,245.8,otago,110283.0
2021-09-01,176.8,34.0,170.3,181.9,108.6,137.6,382.0,268.7,452.6,86.6,317.7,218.3,354.0,193.8,93.4,363.6,465.6,135.1,408.1,158.7,150.0,254.1,273.6,98.7,133.7,543.6,581.8,152.3,162.0,340.8,163.4,245.8,southland,47070.0
2021-09-01,176.8,34.0,170.3,181.9,108.6,137.6,382.0,268.7,452.6,86.6,317.7,218.3,354.0,193.8,93.4,363.6,465.6,135.1,408.1,158.7,150.0,254.1,273.6,98.7,133.7,543.6,581.8,152.3,162.0,340.8,163.4,245.8,taranaki,54015.0
2021-09-01,176.8,34.0,170.3,181.9,108.6,137.6,382.0,268.7,452.6,86.6,317.7,218.3,354.0,193.8,93.4,363.6,465.6,135.1,408.1,158.7,150.0,254.1,273.6,98.7,133.7,543.6,581.8,152.3,162.0,340.8,163.4,245.8,tasman,24449.0
2021-09-01,176.8,34.0,170.3,181.9,108.6,137.6,382.0,268.7,452.6,86.6,317.7,218.3,354.0,193.8,93.4,363.6,465.6,135.1,408.1,158.7,150.0,254.1,273.6,98.7,133.7,543.6,581.8,152.3,162.0,340.8,163.4,245.8,waikato,217652.0
2021-09-01,176.8,34.0,170.3,181.9,108.6,137.6,382.0,268.7,452.6,86.6,317.7,218.3,354.0,193.8,93.4,363.6,465.6,135.1,408.1,158.7,150.0,254.1,273.6,98.7,133.7,543.6,581.8,152.3,162.0,340.8,163.4,245.8,wellington,254287.0
2021-09-01,176.8,34.0,170.3,181.9,108.6,137.6,382.0,268.7,452.6,86.6,317.7,218.3,354.0,193.8,93.4,363.6,465.6,135.1,408.1,158.7,150.0,254.1,273.6,98.7,133.7,543.6,581.8,152.3,162.0,340.8,163.4,245.8,west_coast,14504.0
2021-10-01,176.5,29.3,168.7,183.6,113.1,130.6,375.8,261.7,455.5,85.3,316.2,205.9,405.9,209.9,81.1,364.4,431.6,134.1,393.6,147.7,150.5,260.6,277.9,97.6,133.9,554.3,585.5,149.9,162.0,341.1,164.3,250.5,auckland,767568.0
2021-10-01,176.5,29.3,168.7,183.6,113.1,130.6,375.8,261.7,455.5,85.3,316.2,205.9,405.9,209.9,81.1,364.4,431.6,134.1,393.6,147.7,150.5,260.6,277.9,97.6,133.9,554.3,585.5,149.9,162.0,341.1,164.3,250.5,bay_of_plenty,141212.0
2021-10-01,176.5,29.3,168.7,183.6,113.1,130.6,375.8,261.7,455.5,85.3,316.2,205.9,405.9,209.9,81.1,364.4,431.6,134.1,393.6,147.7,150.5,260.6,277.9,97.6,133.9,554.3,585.5,149.9,162.0,341.1,164.3,250.5,canterbury,300329.0
2021-10-01,176.5,29.3,168.7,183.6,113.1,130.6,375.8,261.7,455.5,85.3,316.2,205.9,405.9,209.9,81.1,364.4,431.6,134.1,393.6,147.7,150.5,260.6,277.9,97.6,133.9,554.3,585.5,149.9,162.0,341.1,164.3,250.5,gisborne,22836.0
2021-10-01,176.5,29.3,168.7,183.6,113.1,130.6,375.8,261.7,455.5,85.3,316.2,205.9,405.9,209.9,81.1,364.4,431.6,134.1,393.6,147.7,150.5,260.6,277.9,97.6,133.9,554.3,585.5,149.9,162.0,341.1,164.3,250.5,hawke's_bay,79216.0
2021-10-01,176.5,29.3,168.7,183.6,113.1,130.6,375.8,261.7,455.5,85.3,316.2,205.9,405.9,209.9,81.1,364.4,431.6,134.1,393.6,147.7,150.5,260.6,277.9,97.6,133.9,554.3,585.5,149.9,162.0,341.1,164.3,250.5,manawatu_whanganui,111612.0
2021-10-01,176.5,29.3,168.7,183.6,113.1,130.6,375.8,261.7,455.5,85.3,316.2,205.9,405.9,209.9,81.1,364.4,431.6,134.1,393.6,147.7,150.5,260.6,277.9,97.6,133.9,554.3,585.5,149.9,162.0,341.1,164.3,250.5,marlborough,26478.0
2021-10-01,176.5,29.3,168.7,183.6,113.1,130.6,375.8,261.7,455.5,85.3,316.2,205.9,405.9,209.9,81.1,364.4,431.6,134.1,393.6,147.7,150.5,260.6,277.9,97.6,133.9,554.3,585.5,149.9,162.0,341.1,164.3,250.5,nelson,20675.0
2021-10-01,176.5,29.3,168.7,183.6,113.1,130.6,375.8,261.7,455.5,85.3,316.2,205.9,405.9,209.9,81.1,364.4,431.6,134.1,393.6,147.7,150.5,260.6,277.9,97.6,133.9,554.3,585.5,149.9,162.0,341.1,164.3,250.5,northland,72366.0
2021-10-01,176.5,29.3,168.7,183.6,113.1,130.6,375.8,261.7,455.5,85.3,316.2,205.9,405.9,209.9,81.1,364.4,431.6,134.1,393.6,147.7,150.5,260.6,277.9,97.6,133.9,554.3,585.5,149.9,162.0,341.1,164.3,250.5,otago,111767.0
2021-10-01,176.5,29.3,168.7,183.6,113.1,130.6,375.8,261.7,455.5,85.3,316.2,205.9,405.9,209.9,81.1,364.4,431.6,134.1,393.6,147.7,150.5,260.6,277.9,97.6,133.9,554.3,585.5,149.9,162.0,341.1,164.3,250.5,southland,47896.0
2021-10-01,176.5,29.3,168.7,183.6,113.1,130.6,375.8,261.7,455.5,85.3,316.2,205.9,405.9,209.9,81.1,364.4,431.6,134.1,393.6,147.7,150.5,260.6,277.9,97.6,133.9,554.3,585.5,149.9,162.0,341.1,164.3,250.5,taranaki,54322.0
2021-10-01,176.5,29.3,168.7,183.6,113.1,130.6,375.8,261.7,455.5,85.3,316.2,205.9,405.9,209.9,81.1,364.4,431.6,134.1,393.6,147.7,150.5,260.6,277.9,97.6,133.9,554.3,585.5,149.9,162.0,341.1,164.3,250.5,tasman,24605.0
2021-10-01,176.5,29.3,168.7,183.6,113.1,130.6,375.8,261.7,455.5,85.3,316.2,205.9,405.9,209.9,81.1,364.4,431.6,134.1,393.6,147.7,150.5,260.6,277.9,97.6,133.9,554.3,585.5,149.9,162.0,341.1,164.3,250.5,waikato,219163.0
2021-10-01,176.5,29.3,168.7,183.6,113.1,130.6,375.8,261.7,455.5,85.3,316.2,205.9,405.9,209.9,81.1,364.4,431.6,134.1,393.6,147.7,150.5,260.6,277.9,97.6,133.9,554.3,585.5,149.9,162.0,341.1,164.3,250.5,wellington,256291.0
2021-10-01,176.5,29.3,168.7,183.6,113.1,130.6,375.8,261.7,455.5,85.3,316.2,205.9,405.9,209.9,81.1,364.4,431.6,134.1,393.6,147.7,150.5,260.6,277.9,97.6,133.9,554.3,585.5,149.9,162.0,341.1,164.3,250.5,west_coast,14732.0
2021-11-01,184.7,39.6,174.4,196.5,123.2,127.9,391.7,264.0,482.4,87.3,320.7,326.4,372.0,270.4,83.2,380.0,415.3,137.6,416.4,152.8,153.7,266.6,343.5,105.5,138.9,557.2,618.0,148.1,191.5,341.1,177.0,264.1,auckland,778083.0
2021-11-01,184.7,39.6,174.4,196.5,123.2,127.9,391.7,264.0,482.4,87.3,320.7,326.4,372.0,270.4,83.2,380.0,415.3,137.6,416.4,152.8,153.7,266.6,343.5,105.5,138.9,557.2,618.0,148.1,191.5,341.1,177.0,264.1,bay_of_plenty,143700.0
2021-11-01,184.7,39.6,174.4,196.5,123.2,127.9,391.7,264.0,482.4,87.3,320.7,326.4,372.0,270.4,83.2,380.0,415.3,137.6,416.4,152.8,153.7,266.6,343.5,105.5,138.9,557.2,618.0,148.1,191.5,341.1,177.0,264.1,canterbury,303826.0
2021-11-01,184.7,39.6,174.4,196.5,123.2,127.9,391.7,264.0,482.4,87.3,320.7,326.4,372.0,270.4,83.2,380.0,415.3,137.6,416.4,152.8,153.7,266.6,343.5,105.5,138.9,557.2,618.0,148.1,191.5,341.1,177.0,264.1,gisborne,23163.0
2021-11-01,184.7,39.6,174.4,196.5,123.2,127.9,391.7,264.0,482.4,87.3,320.7,326.4,372.0,270.4,83.2,380.0,415.3,137.6,416.4,152.8,153.7,266.6,343.5,105.5,138.9,557.2,618.0,148.1,191.5,341.1,177.0,264.1,hawke's_bay,80674.0
2021-11-01,184.7,39.6,174.4,196.5,123.2,127.9,391.7,264.0,482.4,87.3,320.7,326.4,372.0,270.4,83.2,380.0,415.3,137.6,416.4,152.8,153.7,266.6,343.5,105.5,138.9,557.2,618.0,148.1,191.5,341.1,177.0,264.1,manawatu_whanganui,113245.0
2021-11-01,184.7,39.6,174.4,196.5,123.2,127.9,391.7,264.0,482.4,87.3,320.7,326.4,372.0,270.4,83.2,380.0,415.3,137.6,416.4,152.8,153.7,266.6,343.5,105.5,138.9,557.2,618.0,148.1,191.5,341.1,177.0,264.1,marlborough,27129.0
2021-11-01,184.7,39.6,174.4,196.5,123.2,127.9,391.7,264.0,482.4,87.3,320.7,326.4,372.0,270.4,83.2,380.0,415.3,137.6,416.4,152.8,153.7,266.6,343.5,105.5,138.9,557.2,618.0,148.1,191.5,341.1,177.0,264.1,nelson,21003.0
2021-11-01,184.7,39.6,174.4,196.5,123.2,127.9,391.7,264.0,482.4,87.3,320.7,326.4,372.0,270.4,83.2,380.0,415.3,137.6,416.4,152.8,153.7,266.6,343.5,105.5,138.9,557.2,618.0,148.1,191.5,341.1,177.0,264.1,northland,73999.0
2021-11-01,184.7,39.6,174.4,196.5,123.2,127.9,391.7,264.0,482.4,87.3,320.7,326.4,372.0,270.4,83.2,380.0,415.3,137.6,416.4,152.8,153.7,266.6,343.5,105.5,138.9,557.2,618.0,148.1,191.5,341.1,177.0,264.1,otago,113061.0
2021-11-01,184.7,39.6,174.4,196.5,123.2,127.9,391.7,264.0,482.4,87.3,320.7,326.4,372.0,270.4,83.2,380.0,415.3,137.6,416.4,152.8,153.7,266.6,343.5,105.5,138.9,557.2,618.0,148.1,191.5,341.1,177.0,264.1,southland,48611.0
2021-11-01,184.7,39.6,174.4,196.5,123.2,127.9,391.7,264.0,482.4,87.3,320.7,326.4,372.0,270.4,83.2,380.0,415.3,137.6,416.4,152.8,153.7,266.6,343.5,105.5,138.9,557.2,618.0,148.1,191.5,341.1,177.0,264.1,taranaki,55278.0
2021-11-01,184.7,39.6,174.4,196.5,123.2,127.9,391.7,264.0,482.4,87.3,320.7,326.4,372.0,270.4,83.2,380.0,415.3,137.6,416.4,152.8,153.7,266.6,343.5,105.5,138.9,557.2,618.0,148.1,191.5,341.1,177.0,264.1,tasman,25110.0
2021-11-01,184.7,39.6,174.4,196.5,123.2,127.9,391.7,264.0,482.4,87.3,320.7,326.4,372.0,270.4,83.2,380.0,415.3,137.6,416.4,152.8,153.7,266.6,343.5,105.5,138.9,557.2,618.0,148.1,191.5,341.1,177.0,264.1,waikato,222138.0
2021-11-01,184.7,39.6,174.4,196.5,123.2,127.9,391.7,264.0,482.4,87.3,320.7,326.4,372.0,270.4,83.2,380.0,415.3,137.6,416.4,152.8,153.7,266.6,343.5,105.5,138.9,557.2,618.0,148.1,191.5,341.1,177.0,264.1,wellington,259169.0
2021-11-01,184.7,39.6,174.4,196.5,123.2,127.9,391.7,264.0,482.4,87.3,320.7,326.4,372.0,270.4,83.2,380.0,415.3,137.6,416.4,152.8,153.7,266.6,343.5,105.5,138.9,557.2,618.0,148.1,191.5,341.1,177.0,264.1,west_coast,14937.0
2021-12-01,141.1,36.0,134.5,148.8,89.6,96.3,316.4,195.4,395.9,67.7,244.8,192.2,348.0,232.7,55.7,264.8,330.5,103.8,312.6,117.5,114.9,214.9,296.5,80.5,103.1,408.1,449.9,116.2,140.2,267.8,136.8,190.3,auckland,782763.0
2021-12-01,141.1,36.0,134.5,148.8,89.6,96.3,316.4,195.4,395.9,67.7,244.8,192.2,348.0,232.7,55.7,264.8,330.5,103.8,312.6,117.5,114.9,214.9,296.5,80.5,103.1,408.1,449.9,116.2,140.2,267.8,136.8,190.3,bay_of_plenty,143533.0
2021-12-01,141.1,36.0,134.5,148.8,89.6,96.3,316.4,195.4,395.9,67.7,244.8,192.2,348.0,232.7,55.7,264.8,330.5,103.8,312.6,117.5,114.9,214.9,296.5,80.5,103.1,408.1,449.9,116.2,140.2,267.8,136.8,190.3,canterbury,306189.0
2021-12-01,141.1,36.0,134.5,148.8,89.6,96.3,316.4,195.4,395.9,67.7,244.8,192.2,348.0,232.7,55.7,264.8,330.5,103.8,312.6,117.5,114.9,214.9,296.5,80.5,103.1,408.1,449.9,116.2,140.2,267.8,136.8,190.3,gisborne,23521.0
2021-12-01,141.1,36.0,134.5,148.8,89.6,96.3,316.4,195.4,395.9,67.7,244.8,192.2,348.0,232.7,55.7,264.8,330.5,103.8,312.6,117.5,114.9,214.9,296.5,80.5,103.1,408.1,449.9,116.2,140.2,267.8,136.8,190.3,hawke's_bay,82577.0
2021-12-01,141.1,36.0,134.5,148.8,89.6,96.3,316.4,195.4,395.9,67.7,244.8,192.2,348.0,232.7,55.7,264.8,330.5,103.8,312.6,117.5,114.9,214.9,296.5,80.5,103.1,408.1,449.9,116.2,140.2,267.8,136.8,190.3,manawatu_whanganui,113999.0
2021-12-01,141.1,36.0,134.5,148.8,89.6,96.3,316.4,195.4,395.9,67.7,244.8,192.2,348.0,232.7,55.7,264.8,330.5,103.8,312.6,117.5,114.9,214.9,296.5,80.5,103.1,408.1,449.9,116.2,140.2,267.8,136.8,190.3,marlborough,27309.0
2021-12-01,141.1,36.0,134.5,148.8,89.6,96.3,316.4,195.4,395.9,67.7,244.8,192.2,348.0,232.7,55.7,264.8,330.5,103.8,312.6,117.5,114.9,214.9,296.5,80.5,103.1,408.1,449.9,116.2,140.2,267.8,136.8,190.3,nelson,21136.0
2021-12-01,141.1,36.0,134.5,148.8,89.6,96.3,316.4,195.4,395.9,67.7,244.8,192.2,348.0,232.7,55.7,264.8,330.5,103.8,312.6,117.5,114.9,214.9,296.5,80.5,103.1,408.1,449.9,116.2,140.2,267.8,136.8,190.3,northland,74423.0
2021-12-01,141.1,36.0,134.5,148.8,89.6,96.3,316.4,195.4,395.9,67.7,244.8,192.2,348.0,232.7,55.7,264.8,330.5,103.8,312.6,117.5,114.9,214.9,296.5,80.5,103.1,408.1,449.9,116.2,140.2,267.8,136.8,190.3,otago,114439.0
2021-12-01,141.1,36.0,134.5,148.8,89.6,96.3,316.4,195.4,395.9,67.7,244.8,192.2,348.0,232.7,55.7,264.8,330.5,103.8,312.6,117.5,114.9,214.9,296.5,80.5,103.1,408.1,449.9,116.2,140.2,267.8,136.8,190.3,southland,49811.0
2021-12-01,141.1,36.0,134.5,148.8,89.6,96.3,316.4,195.4,395.9,67.7,244.8,192.2,348.0,232.7,55.7,264.8,330.5,103.8,312.6,117.5,114.9,214.9,296.5,80.5,103.1,408.1,449.9,116.2,140.2,267.8,136.8,190.3,taranaki,55533.0
2021-12-01,141.1,36.0,134.5,148.8,89.6,96.3,316.4,195.4,395.9,67.7,244.8,192.2,348.0,232.7,55.7,264.8,330.5,103.8,312.6,117.5,114.9,214.9,296.5,80.5,103.1,408.1,449.9,116.2,140.2,267.8,136.8,190.3,tasman,25553.0
2021-12-01,141.1,36.0,134.5,148.8,89.6,96.3,316.4,195.4,395.9,67.7,244.8,192.2,348.0,232.7,55.7,264.8,330.5,103.8,312.6,117.5,114.9,214.9,296.5,80.5,103.1,408.1,449.9,116.2,140.2,267.8,136.8,190.3,waikato,223871.0
2021-12-01,141.1,36.0,134.5,148.8,89.6,96.3,316.4,195.4,395.9,67.7,244.8,192.2,348.0,232.7,55.7,264.8,330.5,103.8,312.6,117.5,114.9,214.9,296.5,80.5,103.1,408.1,449.9,116.2,140.2,267.8,136.8,190.3,wellington,259950.0
2021-12-01,141.1,36.0,134.5,148.8,89.6,96.3,316.4,195.4,395.9,67.7,244.8,192.2,348.0,232.7,55.7,264.8,330.5,103.8,312.6,117.5,114.9,214.9,296.5,80.5,103.1,408.1,449.9,116.2,140.2,267.8,136.8,190.3,west_coast,15023.0
2022-01-01,201.4,35.8,190.6,214.6,135.0,137.7,433.6,289.8,502.1,97.5,365.6,210.2,399.4,330.4,78.7,420.0,479.4,167.1,452.5,177.2,152.6,333.0,403.1,116.0,153.2,555.1,659.1,163.1,180.6,443.3,191.9,292.9,auckland,765370.0
2022-01-01,201.4,35.8,190.6,214.6,135.0,137.7,433.6,289.8,502.1,97.5,365.6,210.2,399.4,330.4,78.7,420.0,479.4,167.1,452.5,177.2,152.6,333.0,403.1,116.0,153.2,555.1,659.1,163.1,180.6,443.3,191.9,292.9,bay_of_plenty,140008.0
2022-01-01,201.4,35.8,190.6,214.6,135.0,137.7,433.6,289.8,502.1,97.5,365.6,210.2,399.4,330.4,78.7,420.0,479.4,167.1,452.5,177.2,152.6,333.0,403.1,116.0,153.2,555.1,659.1,163.1,180.6,443.3,191.9,292.9,canterbury,299037.0
2022-01-01,201.4,35.8,190.6,214.6,135.0,137.7,433.6,289.8,502.1,97.5,365.6,210.2,399.4,330.4,78.7,420.0,479.4,167.1,452.5,177.2,152.6,333.0,403.1,116.0,153.2,555.1,659.1,163.1,180.6,443.3,191.9,292.9,gisborne,22813.0
2022-01-01,201.4,35.8,190.6,214.6,135.0,137.7,433.6,289.8,502.1,97.5,365.6,210.2,399.4,330.4,78.7,420.0,479.4,167.1,452.5,177.2,152.6,333.0,403.1,116.0,153.2,555.1,659.1,163.1,180.6,443.3,191.9,292.9,hawke's_bay,80643.0
2022-01-01,201.4,35.8,190.6,214.6,135.0,137.7,433.6,289.8,502.1,97.5,365.6,210.2,399.4,330.4,78.7,420.0,479.4,167.1,452.5,177.2,152.6,333.0,403.1,116.0,153.2,555.1,659.1,163.1,180.6,443.3,191.9,292.9,manawatu_whanganui,111920.0
2022-01-01,201.4,35.8,190.6,214.6,135.0,137.7,433.6,289.8,502.1,97.5,365.6,210.2,399.4,330.4,78.7,420.0,479.4,167.1,452.5,177.2,152.6,333.0,403.1,116.0,153.2,555.1,659.1,163.1,180.6,443.3,191.9,292.9,marlborough,26650.0
2022-01-01,201.4,35.8,190.6,214.6,135.0,137.7,433.6,289.8,502.1,97.5,365.6,210.2,399.4,330.4,78.7,420.0,479.4,167.1,452.5,177.2,152.6,333.0,403.1,116.0,153.2,555.1,659.1,163.1,180.6,443.3,191.9,292.9,nelson,20717.0
2022-01-01,201.4,35.8,190.6,214.6,135.0,137.7,433.6,289.8,502.1,97.5,365.6,210.2,399.4,330.4,78.7,420.0,479.4,167.1,452.5,177.2,152.6,333.0,403.1,116.0,153.2,555.1,659.1,163.1,180.6,443.3,191.9,292.9,northland,72455.0
2022-01-01,201.4,35.8,190.6,214.6,135.0,137.7,433.6,289.8,502.1,97.5,365.6,210.2,399.4,330.4,78.7,420.0,479.4,167.1,452.5,177.2,152.6,333.0,403.1,116.0,153.2,555.1,659.1,163.1,180.6,443.3,191.9,292.9,otago,112472.0
2022-01-01,201.4,35.8,190.6,214.6,135.0,137.7,433.6,289.8,502.1,97.5,365.6,210.2,399.4,330.4,78.7,420.0,479.4,167.1,452.5,177.2,152.6,333.0,403.1,116.0,153.2,555.1,659.1,163.1,180.6,443.3,191.9,292.9,southland,49066.0
2022-01-01,201.4,35.8,190.6,214.6,135.0,137.7,433.6,289.8,502.1,97.5,365.6,210.2,399.4,330.4,78.7,420.0,479.4,167.1,452.5,177.2,152.6,333.0,403.1,116.0,153.2,555.1,659.1,163.1,180.6,443.3,191.9,292.9,taranaki,54575.0
2022-01-01,201.4,35.8,190.6,214.6,135.0,137.7,433.6,289.8,502.1,97.5,365.6,210.2,399.4,330.4,78.7,420.0,479.4,167.1,452.5,177.2,152.6,333.0,403.1,116.0,153.2,555.1,659.1,163.1,180.6,443.3,191.9,292.9,tasman,24994.0
2022-01-01,201.4,35.8,190.6,214.6,135.0,137.7,433.6,289.8,502.1,97.5,365.6,210.2,399.4,330.4,78.7,420.0,479.4,167.1,452.5,177.2,152.6,333.0,403.1,116.0,153.2,555.1,659.1,163.1,180.6,443.3,191.9,292.9,waikato,219072.0
2022-01-01,201.4,35.8,190.6,214.6,135.0,137.7,433.6,289.8,502.1,97.5,365.6,210.2,399.4,330.4,78.7,420.0,479.4,167.1,452.5,177.2,152.6,333.0,403.1,116.0,153.2,555.1,659.1,163.1,180.6,443.3,191.9,292.9,wellington,254953.0
2022-01-01,201.4,35.8,190.6,214.6,135.0,137.7,433.6,289.8,502.1,97.5,365.6,210.2,399.4,330.4,78.7,420.0,479.4,167.1,452.5,177.2,152.6,333.0,403.1,116.0,153.2,555.1,659.1,163.1,180.6,443.3,191.9,292.9,west_coast,14759.0
2022-02-01,189.6,29.9,180.1,199.8,128.3,133.6,404.6,274.4,444.2,95.7,333.1,205.5,384.8,221.0,83.4,431.9,427.7,153.5,432.6,167.9,150.6,291.9,342.3,112.9,139.0,540.5,619.5,160.2,162.8,390.8,178.7,272.5,auckland,769747.0
2022-02-01,189.6,29.9,180.1,199.8,128.3,133.6,404.6,274.4,444.2,95.7,333.1,205.5,384.8,221.0,83.4,431.9,427.7,153.5,432.6,167.9,150.6,291.9,342.3,112.9,139.0,540.5,619.5,160.2,162.8,390.8,178.7,272.5,bay_of_plenty,139991.0
2022-02-01,189.6,29.9,180.1,199.8,128.3,133.6,404.6,274.4,444.2,95.7,333.1,205.5,384.8,221.0,83.4,431.9,427.7,153.5,432.6,167.9,150.6,291.9,342.3,112.9,139.0,540.5,619.5,160.2,162.8,390.8,178.7,272.5,canterbury,300467.0
2022-02-01,189.6,29.9,180.1,199.8,128.3,133.6,404.6,274.4,444.2,95.7,333.1,205.5,384.8,221.0,83.4,431.9,427.7,153.5,432.6,167.9,150.6,291.9,342.3,112.9,139.0,540.5,619.5,160.2,162.8,390.8,178.7,272.5,gisborne,23148.0
2022-02-01,189.6,29.9,180.1,199.8,128.3,133.6,404.6,274.4,444.2,95.7,333.1,205.5,384.8,221.0,83.4,431.9,427.7,153.5,432.6,167.9,150.6,291.9,342.3,112.9,139.0,540.5,619.5,160.2,162.8,390.8,178.7,272.5,hawke's_bay,81305.0
2022-02-01,189.6,29.9,180.1,199.8,128.3,133.6,404.6,274.4,444.2,95.7,333.1,205.5,384.8,221.0,83.4,431.9,427.7,153.5,432.6,167.9,150.6,291.9,342.3,112.9,139.0,540.5,619.5,160.2,162.8,390.8,178.7,272.5,manawatu_whanganui,112036.0
2022-02-01,189.6,29.9,180.1,199.8,128.3,133.6,404.6,274.4,444.2,95.7,333.1,205.5,384.8,221.0,83.4,431.9,427.7,153.5,432.6,167.9,150.6,291.9,342.3,112.9,139.0,540.5,619.5,160.2,162.8,390.8,178.7,272.5,marlborough,26727.0
2022-02-01,189.6,29.9,180.1,199.8,128.3,133.6,404.6,274.4,444.2,95.7,333.1,205.5,384.8,221.0,83.4,431.9,427.7,153.5,432.6,167.9,150.6,291.9,342.3,112.9,139.0,540.5,619.5,160.2,162.8,390.8,178.7,272.5,nelson,20676.0
2022-02-01,189.6,29.9,180.1,199.8,128.3,133.6,404.6,274.4,444.2,95.7,333.1,205.5,384.8,221.0,83.4,431.9,427.7,153.5,432.6,167.9,150.6,291.9,342.3,112.9,139.0,540.5,619.5,160.2,162.8,390.8,178.7,272.5,northland,72419.0
2022-02-01,189.6,29.9,180.1,199.8,128.3,133.6,404.6,274.4,444.2,95.7,333.1,205.5,384.8,221.0,83.4,431.9,427.7,153.5,432.6,167.9,150.6,291.9,342.3,112.9,139.0,540.5,619.5,160.2,162.8,390.8,178.7,272.5,otago,112279.0
2022-02-01,189.6,29.9,180.1,199.8,128.3,133.6,404.6,274.4,444.2,95.7,333.1,205.5,384.8,221.0,83.4,431.9,427.7,153.5,432.6,167.9,150.6,291.9,342.3,112.9,139.0,540.5,619.5,160.2,162.8,390.8,178.7,272.5,southland,49495.0
2022-02-01,189.6,29.9,180.1,199.8,128.3,133.6,404.6,274.4,444.2,95.7,333.1,205.5,384.8,221.0,83.4,431.9,427.7,153.5,432.6,167.9,150.6,291.9,342.3,112.9,139.0,540.5,619.5,160.2,162.8,390.8,178.7,272.5,taranaki,54594.0
2022-02-01,189.6,29.9,180.1,199.8,128.3,133.6,404.6,274.4,444.2,95.7,333.1,205.5,384.8,221.0,83.4,431.9,427.7,153.5,432.6,167.9,150.6,291.9,342.3,112.9,139.0,540.5,619.5,160.2,162.8,390.8,178.7,272.5,tasman,25048.0
2022-02-01,189.6,29.9,180.1,199.8,128.3,133.6,404.6,274.4,444.2,95.7,333.1,205.5,384.8,221.0,83.4,431.9,427.7,153.5,432.6,167.9,150.6,291.9,342.3,112.9,139.0,540.5,619.5,160.2,162.8,390.8,178.7,272.5,waikato,220032.0
2022-02-01,189.6,29.9,180.1,199.8,128.3,133.6,404.6,274.4,444.2,95.7,333.1,205.5,384.8,221.0,83.4,431.9,427.7,153.5,432.6,167.9,150.6,291.9,342.3,112.9,139.0,540.5,619.5,160.2,162.8,390.8,178.7,272.5,wellington,255988.0
2022-02-01,189.6,29.9,180.1,199.8,128.3,133.6,404.6,274.4,444.2,95.7,333.1,205.5,384.8,221.0,83.4,431.9,427.7,153.5,432.6,167.9,150.6,291.9,342.3,112.9,139.0,540.5,619.5,160.2,162.8,390.8,178.7,272.5,west_coast,14703.0
2022-03-01,210.9,13.3,203.9,215.3,147.7,148.1,430.6,297.3,500.2,106.4,359.1,215.2,460.2,273.6,96.2,441.7,477.7,168.5,511.1,197.0,174.1,306.3,394.7,124.6,147.3,568.0,659.6,185.0,189.7,397.7,193.3,291.1,auckland,769278.0
2022-03-01,210.9,13.3,203.9,215.3,147.7,148.1,430.6,297.3,500.2,106.4,359.1,215.2,460.2,273.6,96.2,441.7,477.7,168.5,511.1,197.0,174.1,306.3,394.7,124.6,147.3,568.0,659.6,185.0,189.7,397.7,193.3,291.1,bay_of_plenty,141215.0
2022-03-01,210.9,13.3,203.9,215.3,147.7,148.1,430.6,297.3,500.2,106.4,359.1,215.2,460.2,273.6,96.2,441.7,477.7,168.5,511.1,197.0,174.1,306.3,394.7,124.6,147.3,568.0,659.6,185.0,189.7,397.7,193.3,291.1,canterbury,300490.0
2022-03-01,210.9,13.3,203.9,215.3,147.7,148.1,430.6,297.3,500.2,106.4,359.1,215.2,460.2,273.6,96.2,441.7,477.7,168.5,511.1,197.0,174.1,306.3,394.7,124.6,147.3,568.0,659.6,185.0,189.7,397.7,193.3,291.1,gisborne,22899.0
2022-03-01,210.9,13.3,203.9,215.3,147.7,148.1,430.6,297.3,500.2,106.4,359.1,215.2,460.2,273.6,96.2,441.7,477.7,168.5,511.1,197.0,174.1,306.3,394.7,124.6,147.3,568.0,659.6,185.0,189.7,397.7,193.3,291.1,hawke's_bay,81624.0
2022-03-01,210.9,13.3,203.9,215.3,147.7,148.1,430.6,297.3,500.2,106.4,359.1,215.2,460.2,273.6,96.2,441.7,477.7,168.5,511.1,197.0,174.1,306.3,394.7,124.6,147.3,568.0,659.6,185.0,189.7,397.7,193.3,291.1,manawatu_whanganui,111595.0
2022-03-01,210.9,13.3,203.9,215.3,147.7,148.1,430.6,297.3,500.2,106.4,359.1,215.2,460.2,273.6,96.2,441.7,477.7,168.5,511.1,197.0,174.1,306.3,394.7,124.6,147.3,568.0,659.6,185.0,189.7,397.7,193.3,291.1,marlborough,26820.0
2022-03-01,210.9,13.3,203.9,215.3,147.7,148.1,430.6,297.3,500.2,106.4,359.1,215.2,460.2,273.6,96.2,441.7,477.7,168.5,511.1,197.0,174.1,306.3,394.7,124.6,147.3,568.0,659.6,185.0,189.7,397.7,193.3,291.1,nelson,20666.0
2022-03-01,210.9,13.3,203.9,215.3,147.7,148.1,430.6,297.3,500.2,106.4,359.1,215.2,460.2,273.6,96.2,441.7,477.7,168.5,511.1,197.0,174.1,306.3,394.7,124.6,147.3,568.0,659.6,185.0,189.7,397.7,193.3,291.1,northland,72345.0
2022-03-01,210.9,13.3,203.9,215.3,147.7,148.1,430.6,297.3,500.2,106.4,359.1,215.2,460.2,273.6,96.2,441.7,477.7,168.5,511.1,197.0,174.1,306.3,394.7,124.6,147.3,568.0,659.6,185.0,189.7,397.7,193.3,291.1,otago,111980.0
2022-03-01,210.9,13.3,203.9,215.3,147.7,148.1,430.6,297.3,500.2,106.4,359.1,215.2,460.2,273.6,96.2,441.7,477.7,168.5,511.1,197.0,174.1,306.3,394.7,124.6,147.3,568.0,659.6,185.0,189.7,397.7,193.3,291.1,southland,48644.0
2022-03-01,210.9,13.3,203.9,215.3,147.7,148.1,430.6,297.3,500.2,106.4,359.1,215.2,460.2,273.6,96.2,441.7,477.7,168.5,511.1,197.0,174.1,306.3,394.7,124.6,147.3,568.0,659.6,185.0,189.7,397.7,193.3,291.1,taranaki,54403.0
2022-03-01,210.9,13.3,203.9,215.3,147.7,148.1,430.6,297.3,500.2,106.4,359.1,215.2,460.2,273.6,96.2,441.7,477.7,168.5,511.1,197.0,174.1,306.3,394.7,124.6,147.3,568.0,659.6,185.0,189.7,397.7,193.3,291.1,tasman,25402.0
2022-03-01,210.9,13.3,203.9,215.3,147.7,148.1,430.6,297.3,500.2,106.4,359.1,215.2,460.2,273.6,96.2,441.7,477.7,168.5,511.1,197.0,174.1,306.3,394.7,124.6,147.3,568.0,659.6,185.0,189.7,397.7,193.3,291.1,waikato,219908.0
2022-03-01,210.9,13.3,203.9,215.3,147.7,148.1,430.6,297.3,500.2,106.4,359.1,215.2,460.2,273.6,96.2,441.7,477.7,168.5,511.1,197.0,174.1,306.3,394.7,124.6,147.3,568.0,659.6,185.0,189.7,397.7,193.3,291.1,wellington,255733.0
2022-03-01,210.9,13.3,203.9,215.3,147.7,148.1,430.6,297.3,500.2,106.4,359.1,215.2,460.2,273.6,96.2,441.7,477.7,168.5,511.1,197.0,174.1,306.3,394.7,124.6,147.3,568.0,659.6,185.0,189.7,397.7,193.3,291.1,west_coast,14702.0
2022-04-01,175.2,5.8,167.0,183.4,124.1,122.5,359.6,238.7,417.3,87.6,304.4,170.7,353.7,322.0,76.5,360.3,362.1,140.3,386.6,159.5,137.7,273.6,358.2,101.2,124.2,459.5,569.4,148.4,158.1,344.3,165.1,246.5,auckland,772147.0
2022-04-01,175.2,5.8,167.0,183.4,124.1,122.5,359.6,238.7,417.3,87.6,304.4,170.7,353.7,322.0,76.5,360.3,362.1,140.3,386.6,159.5,137.7,273.6,358.2,101.2,124.2,459.5,569.4,148.4,158.1,344.3,165.1,246.5,bay_of_plenty,144581.0
2022-04-01,175.2,5.8,167.0,183.4,124.1,122.5,359.6,238.7,417.3,87.6,304.4,170.7,353.7,322.0,76.5,360.3,362.1,140.3,386.6,159.5,137.7,273.6,358.2,101.2,124.2,459.5,569.4,148.4,158.1,344.3,165.1,246.5,canterbury,301199.0
2022-04-01,175.2,5.8,167.0,183.4,124.1,122.5,359.6,238.7,417.3,87.6,304.4,170.7,353.7,322.0,76.5,360.3,362.1,140.3,386.6,159.5,137.7,273.6,358.2,101.2,124.2,459.5,569.4,148.4,158.1,344.3,165.1,246.5,gisborne,22984.0
2022-04-01,175.2,5.8,167.0,183.4,124.1,122.5,359.6,238.7,417.3,87.6,304.4,170.7,353.7,322.0,76.5,360.3,362.1,140.3,386.6,159.5,137.7,273.6,358.2,101.2,124.2,459.5,569.4,148.4,158.1,344.3,165.1,246.5,hawke's_bay,82242.0
2022-04-01,175.2,5.8,167.0,183.4,124.1,122.5,359.6,238.7,417.3,87.6,304.4,170.7,353.7,322.0,76.5,360.3,362.1,140.3,386.6,159.5,137.7,273.6,358.2,101.2,124.2,459.5,569.4,148.4,158.1,344.3,165.1,246.5,manawatu_whanganui,111499.0
2022-04-01,175.2,5.8,167.0,183.4,124.1,122.5,359.6,238.7,417.3,87.6,304.4,170.7,353.7,322.0,76.5,360.3,362.1,140.3,386.6,159.5,137.7,273.6,358.2,101.2,124.2,459.5,569.4,148.4,158.1,344.3,165.1,246.5,marlborough,26742.0
2022-04-01,175.2,5.8,167.0,183.4,124.1,122.5,359.6,238.7,417.3,87.6,304.4,170.7,353.7,322.0,76.5,360.3,362.1,140.3,386.6,159.5,137.7,273.6,358.2,101.2,124.2,459.5,569.4,148.4,158.1,344.3,165.1,246.5,nelson,20744.0
2022-04-01,175.2,5.8,167.0,183.4,124.1,122.5,359.6,238.7,417.3,87.6,304.4,170.7,353.7,322.0,76.5,360.3,362.1,140.3,386.6,159.5,137.7,273.6,358.2,101.2,124.2,459.5,569.4,148.4,158.1,344.3,165.1,246.5,northland,73083.0
2022-04-01,175.2,5.8,167.0,183.4,124.1,122.5,359.6,238.7,417.3,87.6,304.4,170.7,353.7,322.0,76.5,360.3,362.1,140.3,386.6,159.5,137.7,273.6,358.2,101.2,124.2,459.5,569.4,148.4,158.1,344.3,165.1,246.5,otago,111747.0
2022-04-01,175.2,5.8,167.0,183.4,124.1,122.5,359.6,238.7,417.3,87.6,304.4,170.7,353.7,322.0,76.5,360.3,362.1,140.3,386.6,159.5,137.7,273.6,358.2,101.2,124.2,459.5,569.4,148.4,158.1,344.3,165.1,246.5,southland,48142.0
2022-04-01,175.2,5.8,167.0,183.4,124.1,122.5,359.6,238.7,417.3,87.6,304.4,170.7,353.7,322.0,76.5,360.3,362.1,140.3,386.6,159.5,137.7,273.6,358.2,101.2,124.2,459.5,569.4,148.4,158.1,344.3,165.1,246.5,taranaki,54452.0
2022-04-01,175.2,5.8,167.0,183.4,124.1,122.5,359.6,238.7,417.3,87.6,304.4,170.7,353.7,322.0,76.5,360.3,362.1,140.3,386.6,159.5,137.7,273.6,358.2,101.2,124.2,459.5,569.4,148.4,158.1,344.3,165.1,246.5,tasman,25585.0
2022-04-01,175.2,5.8,167.0,183.4,124.1,122.5,359.6,238.7,417.3,87.6,304.4,170.7,353.7,322.0,76.5,360.3,362.1,140.3,386.6,159.5,137.7,273.6,358.2,101.2,124.2,459.5,569.4,148.4,158.1,344.3,165.1,246.5,waikato,220633.0
2022-04-01,175.2,5.8,167.0,183.4,124.1,122.5,359.6,238.7,417.3,87.6,304.4,170.7,353.7,322.0,76.5,360.3,362.1,140.3,386.6,159.5,137.7,273.6,358.2,101.2,124.2,459.5,569.4,148.4,158.1,344.3,165.1,246.5,wellington,256130.0
2022-04-01,175.2,5.8,167.0,183.4,124.1,122.5,359.6,238.7,417.3,87.6,304.4,170.7,353.7,322.0,76.5,360.3,362.1,140.3,386.6,159.5,137.7,273.6,358.2,101.2,124.2,459.5,569.4,148.4,158.1,344.3,165.1,246.5,west_coast,14723.0
2022-05-01,213.5,13.8,197.8,236.9,150.7,148.3,435.3,307.5,494.4,108.0,363.3,225.8,433.9,404.7,89.9,418.7,486.5,172.7,482.4,173.7,166.5,323.9,444.3,129.5,168.5,601.3,728.5,170.4,205.3,400.6,214.0,315.9,auckland,772128.0
2022-05-01,213.5,13.8,197.8,236.9,150.7,148.3,435.3,307.5,494.4,108.0,363.3,225.8,433.9,404.7,89.9,418.7,486.5,172.7,482.4,173.7,166.5,323.9,444.3,129.5,168.5,601.3,728.5,170.4,205.3,400.6,214.0,315.9,bay_of_plenty,145292.0
2022-05-01,213.5,13.8,197.8,236.9,150.7,148.3,435.3,307.5,494.4,108.0,363.3,225.8,433.9,404.7,89.9,418.7,486.5,172.7,482.4,173.7,166.5,323.9,444.3,129.5,168.5,601.3,728.5,170.4,205.3,400.6,214.0,315.9,canterbury,301354.0
2022-05-01,213.5,13.8,197.8,236.9,150.7,148.3,435.3,307.5,494.4,108.0,363.3,225.8,433.9,404.7,89.9,418.7,486.5,172.7,482.4,173.7,166.5,323.9,444.3,129.5,168.5,601.3,728.5,170.4,205.3,400.6,214.0,315.9,gisborne,22940.0
2022-05-01,213.5,13.8,197.8,236.9,150.7,148.3,435.3,307.5,494.4,108.0,363.3,225.8,433.9,404.7,89.9,418.7,486.5,172.7,482.4,173.7,166.5,323.9,444.3,129.5,168.5,601.3,728.5,170.4,205.3,400.6,214.0,315.9,hawke's_bay,81784.0
2022-05-01,213.5,13.8,197.8,236.9,150.7,148.3,435.3,307.5,494.4,108.0,363.3,225.8,433.9,404.7,89.9,418.7,486.5,172.7,482.4,173.7,166.5,323.9,444.3,129.5,168.5,601.3,728.5,170.4,205.3,400.6,214.0,315.9,manawatu_whanganui,111304.0
2022-05-01,213.5,13.8,197.8,236.9,150.7,148.3,435.3,307.5,494.4,108.0,363.3,225.8,433.9,404.7,89.9,418.7,486.5,172.7,482.4,173.7,166.5,323.9,444.3,129.5,168.5,601.3,728.5,170.4,205.3,400.6,214.0,315.9,marlborough,26605.0
2022-05-01,213.5,13.8,197.8,236.9,150.7,148.3,435.3,307.5,494.4,108.0,363.3,225.8,433.9,404.7,89.9,418.7,486.5,172.7,482.4,173.7,166.5,323.9,444.3,129.5,168.5,601.3,728.5,170.4,205.3,400.6,214.0,315.9,nelson,20765.0
2022-05-01,213.5,13.8,197.8,236.9,150.7,148.3,435.3,307.5,494.4,108.0,363.3,225.8,433.9,404.7,89.9,418.7,486.5,172.7,482.4,173.7,166.5,323.9,444.3,129.5,168.5,601.3,728.5,170.4,205.3,400.6,214.0,315.9,northland,72762.0
2022-05-01,213.5,13.8,197.8,236.9,150.7,148.3,435.3,307.5,494.4,108.0,363.3,225.8,433.9,404.7,89.9,418.7,486.5,172.7,482.4,173.7,166.5,323.9,444.3,129.5,168.5,601.3,728.5,170.4,205.3,400.6,214.0,315.9,otago,111553.0
2022-05-01,213.5,13.8,197.8,236.9,150.7,148.3,435.3,307.5,494.4,108.0,363.3,225.8,433.9,404.7,89.9,418.7,486.5,172.7,482.4,173.7,166.5,323.9,444.3,129.5,168.5,601.3,728.5,170.4,205.3,400.6,214.0,315.9,southland,47952.0
2022-05-01,213.5,13.8,197.8,236.9,150.7,148.3,435.3,307.5,494.4,108.0,363.3,225.8,433.9,404.7,89.9,418.7,486.5,172.7,482.4,173.7,166.5,323.9,444.3,129.5,168.5,601.3,728.5,170.4,205.3,400.6,214.0,315.9,taranaki,54341.0
2022-05-01,213.5,13.8,197.8,236.9,150.7,148.3,435.3,307.5,494.4,108.0,363.3,225.8,433.9,404.7,89.9,418.7,486.5,172.7,482.4,173.7,166.5,323.9,444.3,129.5,168.5,601.3,728.5,170.4,205.3,400.6,214.0,315.9,tasman,25606.0
2022-05-01,213.5,13.8,197.8,236.9,150.7,148.3,435.3,307.5,494.4,108.0,363.3,225.8,433.9,404.7,89.9,418.7,486.5,172.7,482.4,173.7,166.5,323.9,444.3,129.5,168.5,601.3,728.5,170.4,205.3,400.6,214.0,315.9,waikato,220648.0
2022-05-01,213.5,13.8,197.8,236.9,150.7,148.3,435.3,307.5,494.4,108.0,363.3,225.8,433.9,404.7,89.9,418.7,486.5,172.7,482.4,173.7,166.5,323.9,444.3,129.5,168.5,601.3,728.5,170.4,205.3,400.6,214.0,315.9,wellington,256186.0
2022-05-01,213.5,13.8,197.8,236.9,150.7,148.3,435.3,307.5,494.4,108.0,363.3,225.8,433.9,404.7,89.9,418.7,486.5,172.7,482.4,173.7,166.5,323.9,444.3,129.5,168.5,601.3,728.5,170.4,205.3,400.6,214.0,315.9,west_coast,14688.0
2022-06-01,197.6,1.5,182.1,220.1,138.2,136.3,408.7,278.3,473.8,96.3,334.4,242.1,399.9,392.4,82.0,390.5,473.1,156.9,442.5,157.8,154.2,305.1,426.9,117.6,156.3,533.3,670.6,154.6,191.7,379.5,199.1,292.6,auckland,773252.0
2022-06-01,197.6,1.5,182.1,220.1,138.2,136.3,408.7,278.3,473.8,96.3,334.4,242.1,399.9,392.4,82.0,390.5,473.1,156.9,442.5,157.8,154.2,305.1,426.9,117.6,156.3,533.3,670.6,154.6,191.7,379.5,199.1,292.6,bay_of_plenty,143578.0
2022-06-01,197.6,1.5,182.1,220.1,138.2,136.3,408.7,278.3,473.8,96.3,334.4,242.1,399.9,392.4,82.0,390.5,473.1,156.9,442.5,157.8,154.2,305.1,426.9,117.6,156.3,533.3,670.6,154.6,191.7,379.5,199.1,292.6,canterbury,302699.0
2022-06-01,197.6,1.5,182.1,220.1,138.2,136.3,408.7,278.3,473.8,96.3,334.4,242.1,399.9,392.4,82.0,390.5,473.1,156.9,442.5,157.8,154.2,305.1,426.9,117.6,156.3,533.3,670.6,154.6,191.7,379.5,199.1,292.6,gisborne,22930.0
2022-06-01,197.6,1.5,182.1,220.1,138.2,136.3,408.7,278.3,473.8,96.3,334.4,242.1,399.9,392.4,82.0,390.5,473.1,156.9,442.5,157.8,154.2,305.1,426.9,117.6,156.3,533.3,670.6,154.6,191.7,379.5,199.1,292.6,hawke's_bay,81087.0
2022-06-01,197.6,1.5,182.1,220.1,138.2,136.3,408.7,278.3,473.8,96.3,334.4,242.1,399.9,392.4,82.0,390.5,473.1,156.9,442.5,157.8,154.2,305.1,426.9,117.6,156.3,533.3,670.6,154.6,191.7,379.5,199.1,292.6,manawatu_whanganui,111863.0
2022-06-01,197.6,1.5,182.1,220.1,138.2,136.3,408.7,278.3,473.8,96.3,334.4,242.1,399.9,392.4,82.0,390.5,473.1,156.9,442.5,157.8,154.2,305.1,426.9,117.6,156.3,533.3,670.6,154.6,191.7,379.5,199.1,292.6,marlborough,26605.0
2022-06-01,197.6,1.5,182.1,220.1,138.2,136.3,408.7,278.3,473.8,96.3,334.4,242.1,399.9,392.4,82.0,390.5,473.1,156.9,442.5,157.8,154.2,305.1,426.9,117.6,156.3,533.3,670.6,154.6,191.7,379.5,199.1,292.6,nelson,20804.0
2022-06-01,197.6,1.5,182.1,220.1,138.2,136.3,408.7,278.3,473.8,96.3,334.4,242.1,399.9,392.4,82.0,390.5,473.1,156.9,442.5,157.8,154.2,305.1,426.9,117.6,156.3,533.3,670.6,154.6,191.7,379.5,199.1,292.6,northland,72880.0
2022-06-01,197.6,1.5,182.1,220.1,138.2,136.3,408.7,278.3,473.8,96.3,334.4,242.1,399.9,392.4,82.0,390.5,473.1,156.9,442.5,157.8,154.2,305.1,426.9,117.6,156.3,533.3,670.6,154.6,191.7,379.5,199.1,292.6,otago,111980.0
2022-06-01,197.6,1.5,182.1,220.1,138.2,136.3,408.7,278.3,473.8,96.3,334.4,242.1,399.9,392.4,82.0,390.5,473.1,156.9,442.5,157.8,154.2,305.1,426.9,117.6,156.3,533.3,670.6,154.6,191.7,379.5,199.1,292.6,southland,47775.0
2022-06-01,197.6,1.5,182.1,220.1,138.2,136.3,408.7,278.3,473.8,96.3,334.4,242.1,399.9,392.4,82.0,390.5,473.1,156.9,442.5,157.8,154.2,305.1,426.9,117.6,156.3,533.3,670.6,154.6,191.7,379.5,199.1,292.6,taranaki,54422.0
2022-06-01,197.6,1.5,182.1,220.1,138.2,136.3,408.7,278.3,473.8,96.3,334.4,242.1,399.9,392.4,82.0,390.5,473.1,156.9,442.5,157.8,154.2,305.1,426.9,117.6,156.3,533.3,670.6,154.6,191.7,379.5,199.1,292.6,tasman,25345.0
2022-06-01,197.6,1.5,182.1,220.1,138.2,136.3,408.7,278.3,473.8,96.3,334.4,242.1,399.9,392.4,82.0,390.5,473.1,156.9,442.5,157.8,154.2,305.1,426.9,117.6,156.3,533.3,670.6,154.6,191.7,379.5,199.1,292.6,waikato,221032.0
2022-06-01,197.6,1.5,182.1,220.1,138.2,136.3,408.7,278.3,473.8,96.3,334.4,242.1,399.9,392.4,82.0,390.5,473.1,156.9,442.5,157.8,154.2,305.1,426.9,117.6,156.3,533.3,670.6,154.6,191.7,379.5,199.1,292.6,wellington,256589.0
2022-06-01,197.6,1.5,182.1,220.1,138.2,136.3,408.7,278.3,473.8,96.3,334.4,242.1,399.9,392.4,82.0,390.5,473.1,156.9,442.5,157.8,154.2,305.1,426.9,117.6,156.3,533.3,670.6,154.6,191.7,379.5,199.1,292.6,west_coast,14591.0
2022-07-01,196.4,-10.8,181.7,218.1,136.6,135.2,398.3,287.5,483.6,95.7,330.3,198.2,404.0,383.7,80.8,403.3,466.7,155.8,465.3,163.1,151.0,308.3,413.7,116.0,154.4,553.1,656.6,156.0,186.9,377.6,198.1,287.0,auckland,774052.0
2022-07-01,196.4,-10.8,181.7,218.1,136.6,135.2,398.3,287.5,483.6,95.7,330.3,198.2,404.0,383.7,80.8,403.3,466.7,155.8,465.3,163.1,151.0,308.3,413.7,116.0,154.4,553.1,656.6,156.0,186.9,377.6,198.1,287.0,bay_of_plenty,142050.0
2022-07-01,196.4,-10.8,181.7,218.1,136.6,135.2,398.3,287.5,483.6,95.7,330.3,198.2,404.0,383.7,80.8,403.3,466.7,155.8,465.3,163.1,151.0,308.3,413.7,116.0,154.4,553.1,656.6,156.0,186.9,377.6,198.1,287.0,canterbury,303074.0
2022-07-01,196.4,-10.8,181.7,218.1,136.6,135.2,398.3,287.5,483.6,95.7,330.3,198.2,404.0,383.7,80.8,403.3,466.7,155.8,465.3,163.1,151.0,308.3,413.7,116.0,154.4,553.1,656.6,156.0,186.9,377.6,198.1,287.0,gisborne,22892.0
2022-07-01,196.4,-10.8,181.7,218.1,136.6,135.2,398.3,287.5,483.6,95.7,330.3,198.2,404.0,383.7,80.8,403.3,466.7,155.8,465.3,163.1,151.0,308.3,413.7,116.0,154.4,553.1,656.6,156.0,186.9,377.6,198.1,287.0,hawke's_bay,80135.0
2022-07-01,196.4,-10.8,181.7,218.1,136.6,135.2,398.3,287.5,483.6,95.7,330.3,198.2,404.0,383.7,80.8,403.3,466.7,155.8,465.3,163.1,151.0,308.3,413.7,116.0,154.4,553.1,656.6,156.0,186.9,377.6,198.1,287.0,manawatu_whanganui,111953.0
2022-07-01,196.4,-10.8,181.7,218.1,136.6,135.2,398.3,287.5,483.6,95.7,330.3,198.2,404.0,383.7,80.8,403.3,466.7,155.8,465.3,163.1,151.0,308.3,413.7,116.0,154.4,553.1,656.6,156.0,186.9,377.6,198.1,287.0,marlborough,26602.0
2022-07-01,196.4,-10.8,181.7,218.1,136.6,135.2,398.3,287.5,483.6,95.7,330.3,198.2,404.0,383.7,80.8,403.3,466.7,155.8,465.3,163.1,151.0,308.3,413.7,116.0,154.4,553.1,656.6,156.0,186.9,377.6,198.1,287.0,nelson,20832.0
2022-07-01,196.4,-10.8,181.7,218.1,136.6,135.2,398.3,287.5,483.6,95.7,330.3,198.2,404.0,383.7,80.8,403.3,466.7,155.8,465.3,163.1,151.0,308.3,413.7,116.0,154.4,553.1,656.6,156.0,186.9,377.6,198.1,287.0,northland,72784.0
2022-07-01,196.4,-10.8,181.7,218.1,136.6,135.2,398.3,287.5,483.6,95.7,330.3,198.2,404.0,383.7,80.8,403.3,466.7,155.8,465.3,163.1,151.0,308.3,413.7,116.0,154.4,553.1,656.6,156.0,186.9,377.6,198.1,287.0,otago,113103.0
2022-07-01,196.4,-10.8,181.7,218.1,136.6,135.2,398.3,287.5,483.6,95.7,330.3,198.2,404.0,383.7,80.8,403.3,466.7,155.8,465.3,163.1,151.0,308.3,413.7,116.0,154.4,553.1,656.6,156.0,186.9,377.6,198.1,287.0,southland,47387.0
2022-07-01,196.4,-10.8,181.7,218.1,136.6,135.2,398.3,287.5,483.6,95.7,330.3,198.2,404.0,383.7,80.8,403.3,466.7,155.8,465.3,163.1,151.0,308.3,413.7,116.0,154.4,553.1,656.6,156.0,186.9,377.6,198.1,287.0,taranaki,54740.0
2022-07-01,196.4,-10.8,181.7,218.1,136.6,135.2,398.3,287.5,483.6,95.7,330.3,198.2,404.0,383.7,80.8,403.3,466.7,155.8,465.3,163.1,151.0,308.3,413.7,116.0,154.4,553.1,656.6,156.0,186.9,377.6,198.1,287.0,tasman,25275.0
2022-07-01,196.4,-10.8,181.7,218.1,136.6,135.2,398.3,287.5,483.6,95.7,330.3,198.2,404.0,383.7,80.8,403.3,466.7,155.8,465.3,163.1,151.0,308.3,413.7,116.0,154.4,553.1,656.6,156.0,186.9,377.6,198.1,287.0,waikato,220879.0
2022-07-01,196.4,-10.8,181.7,218.1,136.6,135.2,398.3,287.5,483.6,95.7,330.3,198.2,404.0,383.7,80.8,403.3,466.7,155.8,465.3,163.1,151.0,308.3,413.7,116.0,154.4,553.1,656.6,156.0,186.9,377.6,198.1,287.0,wellington,256658.0
2022-07-01,196.4,-10.8,181.7,218.1,136.6,135.2,398.3,287.5,483.6,95.7,330.3,198.2,404.0,383.7,80.8,403.3,466.7,155.8,465.3,163.1,151.0,308.3,413.7,116.0,154.4,553.1,656.6,156.0,186.9,377.6,198.1,287.0,west_coast,14555.0
2022-08-01,215.5,28.0,198.0,241.3,146.9,147.1,439.5,317.1,559.8,103.9,363.1,275.9,419.0,442.3,83.5,437.2,505.0,172.3,505.9,173.6,165.1,335.4,456.1,127.9,176.6,605.2,724.1,164.9,218.3,411.1,217.6,322.9,auckland,777101.0
2022-08-01,215.5,28.0,198.0,241.3,146.9,147.1,439.5,317.1,559.8,103.9,363.1,275.9,419.0,442.3,83.5,437.2,505.0,172.3,505.9,173.6,165.1,335.4,456.1,127.9,176.6,605.2,724.1,164.9,218.3,411.1,217.6,322.9,bay_of_plenty,142245.0
2022-08-01,215.5,28.0,198.0,241.3,146.9,147.1,439.5,317.1,559.8,103.9,363.1,275.9,419.0,442.3,83.5,437.2,505.0,172.3,505.9,173.6,165.1,335.4,456.1,127.9,176.6,605.2,724.1,164.9,218.3,411.1,217.6,322.9,canterbury,304985.0
2022-08-01,215.5,28.0,198.0,241.3,146.9,147.1,439.5,317.1,559.8,103.9,363.1,275.9,419.0,442.3,83.5,437.2,505.0,172.3,505.9,173.6,165.1,335.4,456.1,127.9,176.6,605.2,724.1,164.9,218.3,411.1,217.6,322.9,gisborne,22806.0
2022-08-01,215.5,28.0,198.0,241.3,146.9,147.1,439.5,317.1,559.8,103.9,363.1,275.9,419.0,442.3,83.5,437.2,505.0,172.3,505.9,173.6,165.1,335.4,456.1,127.9,176.6,605.2,724.1,164.9,218.3,411.1,217.6,322.9,hawke's_bay,79814.0
2022-08-01,215.5,28.0,198.0,241.3,146.9,147.1,439.5,317.1,559.8,103.9,363.1,275.9,419.0,442.3,83.5,437.2,505.0,172.3,505.9,173.6,165.1,335.4,456.1,127.9,176.6,605.2,724.1,164.9,218.3,411.1,217.6,322.9,manawatu_whanganui,112482.0
2022-08-01,215.5,28.0,198.0,241.3,146.9,147.1,439.5,317.1,559.8,103.9,363.1,275.9,419.0,442.3,83.5,437.2,505.0,172.3,505.9,173.6,165.1,335.4,456.1,127.9,176.6,605.2,724.1,164.9,218.3,411.1,217.6,322.9,marlborough,26642.0
2022-08-01,215.5,28.0,198.0,241.3,146.9,147.1,439.5,317.1,559.8,103.9,363.1,275.9,419.0,442.3,83.5,437.2,505.0,172.3,505.9,173.6,165.1,335.4,456.1,127.9,176.6,605.2,724.1,164.9,218.3,411.1,217.6,322.9,nelson,20759.0
2022-08-01,215.5,28.0,198.0,241.3,146.9,147.1,439.5,317.1,559.8,103.9,363.1,275.9,419.0,442.3,83.5,437.2,505.0,172.3,505.9,173.6,165.1,335.4,456.1,127.9,176.6,605.2,724.1,164.9,218.3,411.1,217.6,322.9,northland,73042.0
2022-08-01,215.5,28.0,198.0,241.3,146.9,147.1,439.5,317.1,559.8,103.9,363.1,275.9,419.0,442.3,83.5,437.2,505.0,172.3,505.9,173.6,165.1,335.4,456.1,127.9,176.6,605.2,724.1,164.9,218.3,411.1,217.6,322.9,otago,112995.0
2022-08-01,215.5,28.0,198.0,241.3,146.9,147.1,439.5,317.1,559.8,103.9,363.1,275.9,419.0,442.3,83.5,437.2,505.0,172.3,505.9,173.6,165.1,335.4,456.1,127.9,176.6,605.2,724.1,164.9,218.3,411.1,217.6,322.9,southland,47983.0
2022-08-01,215.5,28.0,198.0,241.3,146.9,147.1,439.5,317.1,559.8,103.9,363.1,275.9,419.0,442.3,83.5,437.2,505.0,172.3,505.9,173.6,165.1,335.4,456.1,127.9,176.6,605.2,724.1,164.9,218.3,411.1,217.6,322.9,taranaki,54890.0
2022-08-01,215.5,28.0,198.0,241.3,146.9,147.1,439.5,317.1,559.8,103.9,363.1,275.9,419.0,442.3,83.5,437.2,505.0,172.3,505.9,173.6,165.1,335.4,456.1,127.9,176.6,605.2,724.1,164.9,218.3,411.1,217.6,322.9,tasman,25096.0
2022-08-01,215.5,28.0,198.0,241.3,146.9,147.1,439.5,317.1,559.8,103.9,363.1,275.9,419.0,442.3,83.5,437.2,505.0,172.3,505.9,173.6,165.1,335.4,456.1,127.9,176.6,605.2,724.1,164.9,218.3,411.1,217.6,322.9,waikato,222317.0
2022-08-01,215.5,28.0,198.0,241.3,146.9,147.1,439.5,317.1,559.8,103.9,363.1,275.9,419.0,442.3,83.5,437.2,505.0,172.3,505.9,173.6,165.1,335.4,456.1,127.9,176.6,605.2,724.1,164.9,218.3,411.1,217.6,322.9,wellington,258666.0
2022-08-01,215.5,28.0,198.0,241.3,146.9,147.1,439.5,317.1,559.8,103.9,363.1,275.9,419.0,442.3,83.5,437.2,505.0,172.3,505.9,173.6,165.1,335.4,456.1,127.9,176.6,605.2,724.1,164.9,218.3,411.1,217.6,322.9,west_coast,14644.0
2022-09-01,202.9,14.8,186.1,228.7,137.3,137.7,418.6,306.5,512.2,95.4,332.5,368.1,360.7,432.6,74.7,402.3,468.1,164.6,488.6,162.7,162.2,305.9,418.0,116.4,169.8,589.0,664.3,151.3,224.9,361.5,205.9,307.4,auckland,780531.0
2022-09-01,202.9,14.8,186.1,228.7,137.3,137.7,418.6,306.5,512.2,95.4,332.5,368.1,360.7,432.6,74.7,402.3,468.1,164.6,488.6,162.7,162.2,305.9,418.0,116.4,169.8,589.0,664.3,151.3,224.9,361.5,205.9,307.4,bay_of_plenty,142822.0
2022-09-01,202.9,14.8,186.1,228.7,137.3,137.7,418.6,306.5,512.2,95.4,332.5,368.1,360.7,432.6,74.7,402.3,468.1,164.6,488.6,162.7,162.2,305.9,418.0,116.4,169.8,589.0,664.3,151.3,224.9,361.5,205.9,307.4,canterbury,306963.0
2022-09-01,202.9,14.8,186.1,228.7,137.3,137.7,418.6,306.5,512.2,95.4,332.5,368.1,360.7,432.6,74.7,402.3,468.1,164.6,488.6,162.7,162.2,305.9,418.0,116.4,169.8,589.0,664.3,151.3,224.9,361.5,205.9,307.4,gisborne,22690.0
2022-09-01,202.9,14.8,186.1,228.7,137.3,137.7,418.6,306.5,512.2,95.4,332.5,368.1,360.7,432.6,74.7,402.3,468.1,164.6,488.6,162.7,162.2,305.9,418.0,116.4,169.8,589.0,664.3,151.3,224.9,361.5,205.9,307.4,hawke's_bay,79078.0
2022-09-01,202.9,14.8,186.1,228.7,137.3,137.7,418.6,306.5,512.2,95.4,332.5,368.1,360.7,432.6,74.7,402.3,468.1,164.6,488.6,162.7,162.2,305.9,418.0,116.4,169.8,589.0,664.3,151.3,224.9,361.5,205.9,307.4,manawatu_whanganui,112537.0
2022-09-01,202.9,14.8,186.1,228.7,137.3,137.7,418.6,306.5,512.2,95.4,332.5,368.1,360.7,432.6,74.7,402.3,468.1,164.6,488.6,162.7,162.2,305.9,418.0,116.4,169.8,589.0,664.3,151.3,224.9,361.5,205.9,307.4,marlborough,26811.0
2022-09-01,202.9,14.8,186.1,228.7,137.3,137.7,418.6,306.5,512.2,95.4,332.5,368.1,360.7,432.6,74.7,402.3,468.1,164.6,488.6,162.7,162.2,305.9,418.0,116.4,169.8,589.0,664.3,151.3,224.9,361.5,205.9,307.4,nelson,20804.0
2022-09-01,202.9,14.8,186.1,228.7,137.3,137.7,418.6,306.5,512.2,95.4,332.5,368.1,360.7,432.6,74.7,402.3,468.1,164.6,488.6,162.7,162.2,305.9,418.0,116.4,169.8,589.0,664.3,151.3,224.9,361.5,205.9,307.4,northland,73338.0
2022-09-01,202.9,14.8,186.1,228.7,137.3,137.7,418.6,306.5,512.2,95.4,332.5,368.1,360.7,432.6,74.7,402.3,468.1,164.6,488.6,162.7,162.2,305.9,418.0,116.4,169.8,589.0,664.3,151.3,224.9,361.5,205.9,307.4,otago,113247.0
2022-09-01,202.9,14.8,186.1,228.7,137.3,137.7,418.6,306.5,512.2,95.4,332.5,368.1,360.7,432.6,74.7,402.3,468.1,164.6,488.6,162.7,162.2,305.9,418.0,116.4,169.8,589.0,664.3,151.3,224.9,361.5,205.9,307.4,southland,48287.0
2022-09-01,202.9,14.8,186.1,228.7,137.3,137.7,418.6,306.5,512.2,95.4,332.5,368.1,360.7,432.6,74.7,402.3,468.1,164.6,488.6,162.7,162.2,305.9,418.0,116.4,169.8,589.0,664.3,151.3,224.9,361.5,205.9,307.4,taranaki,54968.0
2022-09-01,202.9,14.8,186.1,228.7,137.3,137.7,418.6,306.5,512.2,95.4,332.5,368.1,360.7,432.6,74.7,402.3,468.1,164.6,488.6,162.7,162.2,305.9,418.0,116.4,169.8,589.0,664.3,151.3,224.9,361.5,205.9,307.4,tasman,24737.0
2022-09-01,202.9,14.8,186.1,228.7,137.3,137.7,418.6,306.5,512.2,95.4,332.5,368.1,360.7,432.6,74.7,402.3,468.1,164.6,488.6,162.7,162.2,305.9,418.0,116.4,169.8,589.0,664.3,151.3,224.9,361.5,205.9,307.4,waikato,223164.0
2022-09-01,202.9,14.8,186.1,228.7,137.3,137.7,418.6,306.5,512.2,95.4,332.5,368.1,360.7,432.6,74.7,402.3,468.1,164.6,488.6,162.7,162.2,305.9,418.0,116.4,169.8,589.0,664.3,151.3,224.9,361.5,205.9,307.4,wellington,258777.0
2022-09-01,202.9,14.8,186.1,228.7,137.3,137.7,418.6,306.5,512.2,95.4,332.5,368.1,360.7,432.6,74.7,402.3,468.1,164.6,488.6,162.7,162.2,305.9,418.0,116.4,169.8,589.0,664.3,151.3,224.9,361.5,205.9,307.4,west_coast,14749.0
2022-10-01,190.0,7.7,180.5,202.0,129.0,127.7,391.8,277.1,500.2,87.7,311.3,305.8,360.3,392.2,68.7,403.2,434.0,155.0,446.9,168.5,152.2,299.4,406.8,105.1,150.4,496.2,566.9,151.2,200.9,361.9,179.8,278.6,auckland,785924.0
2022-10-01,190.0,7.7,180.5,202.0,129.0,127.7,391.8,277.1,500.2,87.7,311.3,305.8,360.3,392.2,68.7,403.2,434.0,155.0,446.9,168.5,152.2,299.4,406.8,105.1,150.4,496.2,566.9,151.2,200.9,361.9,179.8,278.6,bay_of_plenty,143661.0
2022-10-01,190.0,7.7,180.5,202.0,129.0,127.7,391.8,277.1,500.2,87.7,311.3,305.8,360.3,392.2,68.7,403.2,434.0,155.0,446.9,168.5,152.2,299.4,406.8,105.1,150.4,496.2,566.9,151.2,200.9,361.9,179.8,278.6,canterbury,309600.0
2022-10-01,190.0,7.7,180.5,202.0,129.0,127.7,391.8,277.1,500.2,87.7,311.3,305.8,360.3,392.2,68.7,403.2,434.0,155.0,446.9,168.5,152.2,299.4,406.8,105.1,150.4,496.2,566.9,151.2,200.9,361.9,179.8,278.6,gisborne,23236.0
2022-10-01,190.0,7.7,180.5,202.0,129.0,127.7,391.8,277.1,500.2,87.7,311.3,305.8,360.3,392.2,68.7,403.2,434.0,155.0,446.9,168.5,152.2,299.4,406.8,105.1,150.4,496.2,566.9,151.2,200.9,361.9,179.8,278.6,hawke's_bay,79199.0
2022-10-01,190.0,7.7,180.5,202.0,129.0,127.7,391.8,277.1,500.2,87.7,311.3,305.8,360.3,392.2,68.7,403.2,434.0,155.0,446.9,168.5,152.2,299.4,406.8,105.1,150.4,496.2,566.9,151.2,200.9,361.9,179.8,278.6,manawatu_whanganui,113742.0
2022-10-01,190.0,7.7,180.5,202.0,129.0,127.7,391.8,277.1,500.2,87.7,311.3,305.8,360.3,392.2,68.7,403.2,434.0,155.0,446.9,168.5,152.2,299.4,406.8,105.1,150.4,496.2,566.9,151.2,200.9,361.9,179.8,278.6,marlborough,26504.0
2022-10-01,190.0,7.7,180.5,202.0,129.0,127.7,391.8,277.1,500.2,87.7,311.3,305.8,360.3,392.2,68.7,403.2,434.0,155.0,446.9,168.5,152.2,299.4,406.8,105.1,150.4,496.2,566.9,151.2,200.9,361.9,179.8,278.6,nelson,20903.0
2022-10-01,190.0,7.7,180.5,202.0,129.0,127.7,391.8,277.1,500.2,87.7,311.3,305.8,360.3,392.2,68.7,403.2,434.0,155.0,446.9,168.5,152.2,299.4,406.8,105.1,150.4,496.2,566.9,151.2,200.9,361.9,179.8,278.6,northland,73998.0
2022-10-01,190.0,7.7,180.5,202.0,129.0,127.7,391.8,277.1,500.2,87.7,311.3,305.8,360.3,392.2,68.7,403.2,434.0,155.0,446.9,168.5,152.2,299.4,406.8,105.1,150.4,496.2,566.9,151.2,200.9,361.9,179.8,278.6,otago,114727.0
2022-10-01,190.0,7.7,180.5,202.0,129.0,127.7,391.8,277.1,500.2,87.7,311.3,305.8,360.3,392.2,68.7,403.2,434.0,155.0,446.9,168.5,152.2,299.4,406.8,105.1,150.4,496.2,566.9,151.2,200.9,361.9,179.8,278.6,southland,48946.0
2022-10-01,190.0,7.7,180.5,202.0,129.0,127.7,391.8,277.1,500.2,87.7,311.3,305.8,360.3,392.2,68.7,403.2,434.0,155.0,446.9,168.5,152.2,299.4,406.8,105.1,150.4,496.2,566.9,151.2,200.9,361.9,179.8,278.6,taranaki,54988.0
2022-10-01,190.0,7.7,180.5,202.0,129.0,127.7,391.8,277.1,500.2,87.7,311.3,305.8,360.3,392.2,68.7,403.2,434.0,155.0,446.9,168.5,152.2,299.4,406.8,105.1,150.4,496.2,566.9,151.2,200.9,361.9,179.8,278.6,tasman,25009.0
2022-10-01,190.0,7.7,180.5,202.0,129.0,127.7,391.8,277.1,500.2,87.7,311.3,305.8,360.3,392.2,68.7,403.2,434.0,155.0,446.9,168.5,152.2,299.4,406.8,105.1,150.4,496.2,566.9,151.2,200.9,361.9,179.8,278.6,waikato,225198.0
2022-10-01,190.0,7.7,180.5,202.0,129.0,127.7,391.8,277.1,500.2,87.7,311.3,305.8,360.3,392.2,68.7,403.2,434.0,155.0,446.9,168.5,152.2,299.4,406.8,105.1,150.4,496.2,566.9,151.2,200.9,361.9,179.8,278.6,wellington,259432.0
2022-10-01,190.0,7.7,180.5,202.0,129.0,127.7,391.8,277.1,500.2,87.7,311.3,305.8,360.3,392.2,68.7,403.2,434.0,155.0,446.9,168.5,152.2,299.4,406.8,105.1,150.4,496.2,566.9,151.2,200.9,361.9,179.8,278.6,west_coast,14901.0
2022-11-01,178.7,-3.2,166.7,195.6,119.9,120.3,372.8,259.7,474.9,82.1,285.9,364.8,361.2,352.4,69.6,371.3,434.8,138.5,370.1,146.2,148.5,258.8,372.3,98.7,139.9,533.4,576.9,138.5,198.8,307.6,175.6,264.4,auckland,796263.0
2022-11-01,178.7,-3.2,166.7,195.6,119.9,120.3,372.8,259.7,474.9,82.1,285.9,364.8,361.2,352.4,69.6,371.3,434.8,138.5,370.1,146.2,148.5,258.8,372.3,98.7,139.9,533.4,576.9,138.5,198.8,307.6,175.6,264.4,bay_of_plenty,145106.0
2022-11-01,178.7,-3.2,166.7,195.6,119.9,120.3,372.8,259.7,474.9,82.1,285.9,364.8,361.2,352.4,69.6,371.3,434.8,138.5,370.1,146.2,148.5,258.8,372.3,98.7,139.9,533.4,576.9,138.5,198.8,307.6,175.6,264.4,canterbury,312792.0
2022-11-01,178.7,-3.2,166.7,195.6,119.9,120.3,372.8,259.7,474.9,82.1,285.9,364.8,361.2,352.4,69.6,371.3,434.8,138.5,370.1,146.2,148.5,258.8,372.3,98.7,139.9,533.4,576.9,138.5,198.8,307.6,175.6,264.4,gisborne,23310.0
2022-11-01,178.7,-3.2,166.7,195.6,119.9,120.3,372.8,259.7,474.9,82.1,285.9,364.8,361.2,352.4,69.6,371.3,434.8,138.5,370.1,146.2,148.5,258.8,372.3,98.7,139.9,533.4,576.9,138.5,198.8,307.6,175.6,264.4,hawke's_bay,81561.0
2022-11-01,178.7,-3.2,166.7,195.6,119.9,120.3,372.8,259.7,474.9,82.1,285.9,364.8,361.2,352.4,69.6,371.3,434.8,138.5,370.1,146.2,148.5,258.8,372.3,98.7,139.9,533.4,576.9,138.5,198.8,307.6,175.6,264.4,manawatu_whanganui,114448.0
2022-11-01,178.7,-3.2,166.7,195.6,119.9,120.3,372.8,259.7,474.9,82.1,285.9,364.8,361.2,352.4,69.6,371.3,434.8,138.5,370.1,146.2,148.5,258.8,372.3,98.7,139.9,533.4,576.9,138.5,198.8,307.6,175.6,264.4,marlborough,27409.0
2022-11-01,178.7,-3.2,166.7,195.6,119.9,120.3,372.8,259.7,474.9,82.1,285.9,364.8,361.2,352.4,69.6,371.3,434.8,138.5,370.1,146.2,148.5,258.8,372.3,98.7,139.9,533.4,576.9,138.5,198.8,307.6,175.6,264.4,nelson,21171.0
2022-11-01,178.7,-3.2,166.7,195.6,119.9,120.3,372.8,259.7,474.9,82.1,285.9,364.8,361.2,352.4,69.6,371.3,434.8,138.5,370.1,146.2,148.5,258.8,372.3,98.7,139.9,533.4,576.9,138.5,198.8,307.6,175.6,264.4,northland,75103.0
2022-11-01,178.7,-3.2,166.7,195.6,119.9,120.3,372.8,259.7,474.9,82.1,285.9,364.8,361.2,352.4,69.6,371.3,434.8,138.5,370.1,146.2,148.5,258.8,372.3,98.7,139.9,533.4,576.9,138.5,198.8,307.6,175.6,264.4,otago,115812.0
2022-11-01,178.7,-3.2,166.7,195.6,119.9,120.3,372.8,259.7,474.9,82.1,285.9,364.8,361.2,352.4,69.6,371.3,434.8,138.5,370.1,146.2,148.5,258.8,372.3,98.7,139.9,533.4,576.9,138.5,198.8,307.6,175.6,264.4,southland,49618.0
2022-11-01,178.7,-3.2,166.7,195.6,119.9,120.3,372.8,259.7,474.9,82.1,285.9,364.8,361.2,352.4,69.6,371.3,434.8,138.5,370.1,146.2,148.5,258.8,372.3,98.7,139.9,533.4,576.9,138.5,198.8,307.6,175.6,264.4,taranaki,56085.0
2022-11-01,178.7,-3.2,166.7,195.6,119.9,120.3,372.8,259.7,474.9,82.1,285.9,364.8,361.2,352.4,69.6,371.3,434.8,138.5,370.1,146.2,148.5,258.8,372.3,98.7,139.9,533.4,576.9,138.5,198.8,307.6,175.6,264.4,tasman,25667.0
2022-11-01,178.7,-3.2,166.7,195.6,119.9,120.3,372.8,259.7,474.9,82.1,285.9,364.8,361.2,352.4,69.6,371.3,434.8,138.5,370.1,146.2,148.5,258.8,372.3,98.7,139.9,533.4,576.9,138.5,198.8,307.6,175.6,264.4,waikato,227960.0
2022-11-01,178.7,-3.2,166.7,195.6,119.9,120.3,372.8,259.7,474.9,82.1,285.9,364.8,361.2,352.4,69.6,371.3,434.8,138.5,370.1,146.2,148.5,258.8,372.3,98.7,139.9,533.4,576.9,138.5,198.8,307.6,175.6,264.4,wellington,261857.0
2022-11-01,178.7,-3.2,166.7,195.6,119.9,120.3,372.8,259.7,474.9,82.1,285.9,364.8,361.2,352.4,69.6,371.3,434.8,138.5,370.1,146.2,148.5,258.8,372.3,98.7,139.9,533.4,576.9,138.5,198.8,307.6,175.6,264.4,west_coast,15072.0
2022-12-01,116.7,-17.3,109.5,126.5,72.0,75.3,263.0,178.5,333.5,52.2,193.6,202.2,292.9,237.6,40.5,230.4,266.7,83.9,238.7,95.6,96.3,174.5,267.1,62.4,85.5,333.2,381.0,93.4,122.1,206.1,114.0,169.7,auckland,794720.0
2022-12-01,116.7,-17.3,109.5,126.5,72.0,75.3,263.0,178.5,333.5,52.2,193.6,202.2,292.9,237.6,40.5,230.4,266.7,83.9,238.7,95.6,96.3,174.5,267.1,62.4,85.5,333.2,381.0,93.4,122.1,206.1,114.0,169.7,bay_of_plenty,145222.0
2022-12-01,116.7,-17.3,109.5,126.5,72.0,75.3,263.0,178.5,333.5,52.2,193.6,202.2,292.9,237.6,40.5,230.4,266.7,83.9,238.7,95.6,96.3,174.5,267.1,62.4,85.5,333.2,381.0,93.4,122.1,206.1,114.0,169.7,canterbury,313059.0
2022-12-01,116.7,-17.3,109.5,126.5,72.0,75.3,263.0,178.5,333.5,52.2,193.6,202.2,292.9,237.6,40.5,230.4,266.7,83.9,238.7,95.6,96.3,174.5,267.1,62.4,85.5,333.2,381.0,93.4,122.1,206.1,114.0,169.7,gisborne,23412.0
2022-12-01,116.7,-17.3,109.5,126.5,72.0,75.3,263.0,178.5,333.5,52.2,193.6,202.2,292.9,237.6,40.5,230.4,266.7,83.9,238.7,95.6,96.3,174.5,267.1,62.4,85.5,333.2,381.0,93.4,122.1,206.1,114.0,169.7,hawke's_bay,83414.0
2022-12-01,116.7,-17.3,109.5,126.5,72.0,75.3,263.0,178.5,333.5,52.2,193.6,202.2,292.9,237.6,40.5,230.4,266.7,83.9,238.7,95.6,96.3,174.5,267.1,62.4,85.5,333.2,381.0,93.4,122.1,206.1,114.0,169.7,manawatu_whanganui,114508.0
2022-12-01,116.7,-17.3,109.5,126.5,72.0,75.3,263.0,178.5,333.5,52.2,193.6,202.2,292.9,237.6,40.5,230.4,266.7,83.9,238.7,95.6,96.3,174.5,267.1,62.4,85.5,333.2,381.0,93.4,122.1,206.1,114.0,169.7,marlborough,27628.0
2022-12-01,116.7,-17.3,109.5,126.5,72.0,75.3,263.0,178.5,333.5,52.2,193.6,202.2,292.9,237.6,40.5,230.4,266.7,83.9,238.7,95.6,96.3,174.5,267.1,62.4,85.5,333.2,381.0,93.4,122.1,206.1,114.0,169.7,nelson,21229.0
2022-12-01,116.7,-17.3,109.5,126.5,72.0,75.3,263.0,178.5,333.5,52.2,193.6,202.2,292.9,237.6,40.5,230.4,266.7,83.9,238.7,95.6,96.3,174.5,267.1,62.4,85.5,333.2,381.0,93.4,122.1,206.1,114.0,169.7,northland,75212.0
2022-12-01,116.7,-17.3,109.5,126.5,72.0,75.3,263.0,178.5,333.5,52.2,193.6,202.2,292.9,237.6,40.5,230.4,266.7,83.9,238.7,95.6,96.3,174.5,267.1,62.4,85.5,333.2,381.0,93.4,122.1,206.1,114.0,169.7,otago,116699.0
2022-12-01,116.7,-17.3,109.5,126.5,72.0,75.3,263.0,178.5,333.5,52.2,193.6,202.2,292.9,237.6,40.5,230.4,266.7,83.9,238.7,95.6,96.3,174.5,267.1,62.4,85.5,333.2,381.0,93.4,122.1,206.1,114.0,169.7,southland,50167.0
2022-12-01,116.7,-17.3,109.5,126.5,72.0,75.3,263.0,178.5,333.5,52.2,193.6,202.2,292.9,237.6,40.5,230.4,266.7,83.9,238.7,95.6,96.3,174.5,267.1,62.4,85.5,333.2,381.0,93.4,122.1,206.1,114.0,169.7,taranaki,56067.0
2022-12-01,116.7,-17.3,109.5,126.5,72.0,75.3,263.0,178.5,333.5,52.2,193.6,202.2,292.9,237.6,40.5,230.4,266.7,83.9,238.7,95.6,96.3,174.5,267.1,62.4,85.5,333.2,381.0,93.4,122.1,206.1,114.0,169.7,tasman,26097.0
2022-12-01,116.7,-17.3,109.5,126.5,72.0,75.3,263.0,178.5,333.5,52.2,193.6,202.2,292.9,237.6,40.5,230.4,266.7,83.9,238.7,95.6,96.3,174.5,267.1,62.4,85.5,333.2,381.0,93.4,122.1,206.1,114.0,169.7,waikato,227792.0
2022-12-01,116.7,-17.3,109.5,126.5,72.0,75.3,263.0,178.5,333.5,52.2,193.6,202.2,292.9,237.6,40.5,230.4,266.7,83.9,238.7,95.6,96.3,174.5,267.1,62.4,85.5,333.2,381.0,93.4,122.1,206.1,114.0,169.7,wellington,261348.0
2022-12-01,116.7,-17.3,109.5,126.5,72.0,75.3,263.0,178.5,333.5,52.2,193.6,202.2,292.9,237.6,40.5,230.4,266.7,83.9,238.7,95.6,96.3,174.5,267.1,62.4,85.5,333.2,381.0,93.4,122.1,206.1,114.0,169.7,west_coast,15126.0
2023-01-01,173.0,-14.1,157.8,197.2,111.7,120.3,360.9,268.1,468.3,83.2,280.3,222.0,368.4,367.7,59.0,356.9,453.6,139.4,391.6,138.6,132.1,262.0,403.9,99.9,141.4,514.3,577.9,133.5,169.3,324.3,178.5,261.8,auckland,780131.0
2023-01-01,173.0,-14.1,157.8,197.2,111.7,120.3,360.9,268.1,468.3,83.2,280.3,222.0,368.4,367.7,59.0,356.9,453.6,139.4,391.6,138.6,132.1,262.0,403.9,99.9,141.4,514.3,577.9,133.5,169.3,324.3,178.5,261.8,bay_of_plenty,142356.0
2023-01-01,173.0,-14.1,157.8,197.2,111.7,120.3,360.9,268.1,468.3,83.2,280.3,222.0,368.4,367.7,59.0,356.9,453.6,139.4,391.6,138.6,132.1,262.0,403.9,99.9,141.4,514.3,577.9,133.5,169.3,324.3,178.5,261.8,canterbury,307422.0
2023-01-01,173.0,-14.1,157.8,197.2,111.7,120.3,360.9,268.1,468.3,83.2,280.3,222.0,368.4,367.7,59.0,356.9,453.6,139.4,391.6,138.6,132.1,262.0,403.9,99.9,141.4,514.3,577.9,133.5,169.3,324.3,178.5,261.8,gisborne,22768.0
2023-01-01,173.0,-14.1,157.8,197.2,111.7,120.3,360.9,268.1,468.3,83.2,280.3,222.0,368.4,367.7,59.0,356.9,453.6,139.4,391.6,138.6,132.1,262.0,403.9,99.9,141.4,514.3,577.9,133.5,169.3,324.3,178.5,261.8,hawke's_bay,81766.0
2023-01-01,173.0,-14.1,157.8,197.2,111.7,120.3,360.9,268.1,468.3,83.2,280.3,222.0,368.4,367.7,59.0,356.9,453.6,139.4,391.6,138.6,132.1,262.0,403.9,99.9,141.4,514.3,577.9,133.5,169.3,324.3,178.5,261.8,manawatu_whanganui,113014.0
2023-01-01,173.0,-14.1,157.8,197.2,111.7,120.3,360.9,268.1,468.3,83.2,280.3,222.0,368.4,367.7,59.0,356.9,453.6,139.4,391.6,138.6,132.1,262.0,403.9,99.9,141.4,514.3,577.9,133.5,169.3,324.3,178.5,261.8,marlborough,27236.0
2023-01-01,173.0,-14.1,157.8,197.2,111.7,120.3,360.9,268.1,468.3,83.2,280.3,222.0,368.4,367.7,59.0,356.9,453.6,139.4,391.6,138.6,132.1,262.0,403.9,99.9,141.4,514.3,577.9,133.5,169.3,324.3,178.5,261.8,nelson,20955.0
2023-01-01,173.0,-14.1,157.8,197.2,111.7,120.3,360.9,268.1,468.3,83.2,280.3,222.0,368.4,367.7,59.0,356.9,453.6,139.4,391.6,138.6,132.1,262.0,403.9,99.9,141.4,514.3,577.9,133.5,169.3,324.3,178.5,261.8,northland,73744.0
2023-01-01,173.0,-14.1,157.8,197.2,111.7,120.3,360.9,268.1,468.3,83.2,280.3,222.0,368.4,367.7,59.0,356.9,453.6,139.4,391.6,138.6,132.1,262.0,403.9,99.9,141.4,514.3,577.9,133.5,169.3,324.3,178.5,261.8,otago,115813.0
2023-01-01,173.0,-14.1,157.8,197.2,111.7,120.3,360.9,268.1,468.3,83.2,280.3,222.0,368.4,367.7,59.0,356.9,453.6,139.4,391.6,138.6,132.1,262.0,403.9,99.9,141.4,514.3,577.9,133.5,169.3,324.3,178.5,261.8,southland,49752.0
2023-01-01,173.0,-14.1,157.8,197.2,111.7,120.3,360.9,268.1,468.3,83.2,280.3,222.0,368.4,367.7,59.0,356.9,453.6,139.4,391.6,138.6,132.1,262.0,403.9,99.9,141.4,514.3,577.9,133.5,169.3,324.3,178.5,261.8,taranaki,55479.0
2023-01-01,173.0,-14.1,157.8,197.2,111.7,120.3,360.9,268.1,468.3,83.2,280.3,222.0,368.4,367.7,59.0,356.9,453.6,139.4,391.6,138.6,132.1,262.0,403.9,99.9,141.4,514.3,577.9,133.5,169.3,324.3,178.5,261.8,tasman,25728.0
2023-01-01,173.0,-14.1,157.8,197.2,111.7,120.3,360.9,268.1,468.3,83.2,280.3,222.0,368.4,367.7,59.0,356.9,453.6,139.4,391.6,138.6,132.1,262.0,403.9,99.9,141.4,514.3,577.9,133.5,169.3,324.3,178.5,261.8,waikato,224279.0
2023-01-01,173.0,-14.1,157.8,197.2,111.7,120.3,360.9,268.1,468.3,83.2,280.3,222.0,368.4,367.7,59.0,356.9,453.6,139.4,391.6,138.6,132.1,262.0,403.9,99.9,141.4,514.3,577.9,133.5,169.3,324.3,178.5,261.8,wellington,256972.0
2023-01-01,173.0,-14.1,157.8,197.2,111.7,120.3,360.9,268.1,468.3,83.2,280.3,222.0,368.4,367.7,59.0,356.9,453.6,139.4,391.6,138.6,132.1,262.0,403.9,99.9,141.4,514.3,577.9,133.5,169.3,324.3,178.5,261.8,west_coast,14954.0
2023-02-01,161.1,-15.0,148.9,179.8,106.5,115.5,321.3,252.5,423.2,80.8,269.6,238.1,333.4,311.2,56.6,329.1,364.9,125.2,357.0,133.5,124.9,242.4,358.6,93.9,126.9,479.1,528.8,125.7,159.8,307.1,164.1,234.0,auckland,792283.0
2023-02-01,161.1,-15.0,148.9,179.8,106.5,115.5,321.3,252.5,423.2,80.8,269.6,238.1,333.4,311.2,56.6,329.1,364.9,125.2,357.0,133.5,124.9,242.4,358.6,93.9,126.9,479.1,528.8,125.7,159.8,307.1,164.1,234.0,bay_of_plenty,143788.0
2023-02-01,161.1,-15.0,148.9,179.8,106.5,115.5,321.3,252.5,423.2,80.8,269.6,238.1,333.4,311.2,56.6,329.1,364.9,125.2,357.0,133.5,124.9,242.4,358.6,93.9,126.9,479.1,528.8,125.7,159.8,307.1,164.1,234.0,canterbury,311285.0
2023-02-01,161.1,-15.0,148.9,179.8,106.5,115.5,321.3,252.5,423.2,80.8,269.6,238.1,333.4,311.2,56.6,329.1,364.9,125.2,357.0,133.5,124.9,242.4,358.6,93.9,126.9,479.1,528.8,125.7,159.8,307.1,164.1,234.0,gisborne,22956.0
2023-02-01,161.1,-15.0,148.9,179.8,106.5,115.5,321.3,252.5,423.2,80.8,269.6,238.1,333.4,311.2,56.6,329.1,364.9,125.2,357.0,133.5,124.9,242.4,358.6,93.9,126.9,479.1,528.8,125.7,159.8,307.1,164.1,234.0,hawke's_bay,82548.0
2023-02-01,161.1,-15.0,148.9,179.8,106.5,115.5,321.3,252.5,423.2,80.8,269.6,238.1,333.4,311.2,56.6,329.1,364.9,125.2,357.0,133.5,124.9,242.4,358.6,93.9,126.9,479.1,528.8,125.7,159.8,307.1,164.1,234.0,manawatu_whanganui,113987.0
2023-02-01,161.1,-15.0,148.9,179.8,106.5,115.5,321.3,252.5,423.2,80.8,269.6,238.1,333.4,311.2,56.6,329.1,364.9,125.2,357.0,133.5,124.9,242.4,358.6,93.9,126.9,479.1,528.8,125.7,159.8,307.1,164.1,234.0,marlborough,27521.0
2023-02-01,161.1,-15.0,148.9,179.8,106.5,115.5,321.3,252.5,423.2,80.8,269.6,238.1,333.4,311.2,56.6,329.1,364.9,125.2,357.0,133.5,124.9,242.4,358.6,93.9,126.9,479.1,528.8,125.7,159.8,307.1,164.1,234.0,nelson,21223.0
2023-02-01,161.1,-15.0,148.9,179.8,106.5,115.5,321.3,252.5,423.2,80.8,269.6,238.1,333.4,311.2,56.6,329.1,364.9,125.2,357.0,133.5,124.9,242.4,358.6,93.9,126.9,479.1,528.8,125.7,159.8,307.1,164.1,234.0,northland,74123.0
2023-02-01,161.1,-15.0,148.9,179.8,106.5,115.5,321.3,252.5,423.2,80.8,269.6,238.1,333.4,311.2,56.6,329.1,364.9,125.2,357.0,133.5,124.9,242.4,358.6,93.9,126.9,479.1,528.8,125.7,159.8,307.1,164.1,234.0,otago,117002.0
2023-02-01,161.1,-15.0,148.9,179.8,106.5,115.5,321.3,252.5,423.2,80.8,269.6,238.1,333.4,311.2,56.6,329.1,364.9,125.2,357.0,133.5,124.9,242.4,358.6,93.9,126.9,479.1,528.8,125.7,159.8,307.1,164.1,234.0,southland,50372.0
2023-02-01,161.1,-15.0,148.9,179.8,106.5,115.5,321.3,252.5,423.2,80.8,269.6,238.1,333.4,311.2,56.6,329.1,364.9,125.2,357.0,133.5,124.9,242.4,358.6,93.9,126.9,479.1,528.8,125.7,159.8,307.1,164.1,234.0,taranaki,56002.0
2023-02-01,161.1,-15.0,148.9,179.8,106.5,115.5,321.3,252.5,423.2,80.8,269.6,238.1,333.4,311.2,56.6,329.1,364.9,125.2,357.0,133.5,124.9,242.4,358.6,93.9,126.9,479.1,528.8,125.7,159.8,307.1,164.1,234.0,tasman,26116.0
2023-02-01,161.1,-15.0,148.9,179.8,106.5,115.5,321.3,252.5,423.2,80.8,269.6,238.1,333.4,311.2,56.6,329.1,364.9,125.2,357.0,133.5,124.9,242.4,358.6,93.9,126.9,479.1,528.8,125.7,159.8,307.1,164.1,234.0,waikato,226954.0
2023-02-01,161.1,-15.0,148.9,179.8,106.5,115.5,321.3,252.5,423.2,80.8,269.6,238.1,333.4,311.2,56.6,329.1,364.9,125.2,357.0,133.5,124.9,242.4,358.6,93.9,126.9,479.1,528.8,125.7,159.8,307.1,164.1,234.0,wellington,260650.0
2023-02-01,161.1,-15.0,148.9,179.8,106.5,115.5,321.3,252.5,423.2,80.8,269.6,238.1,333.4,311.2,56.6,329.1,364.9,125.2,357.0,133.5,124.9,242.4,358.6,93.9,126.9,479.1,528.8,125.7,159.8,307.1,164.1,234.0,west_coast,15110.0
2023-03-01,184.7,-12.4,171.6,202.8,124.6,131.4,374.9,278.7,462.9,95.3,299.9,280.0,388.1,340.1,63.2,366.7,461.7,149.3,411.0,153.0,146.6,264.0,401.4,109.3,149.5,536.1,592.1,146.3,183.9,343.8,184.7,265.2,auckland,798965.0
2023-03-01,184.7,-12.4,171.6,202.8,124.6,131.4,374.9,278.7,462.9,95.3,299.9,280.0,388.1,340.1,63.2,366.7,461.7,149.3,411.0,153.0,146.6,264.0,401.4,109.3,149.5,536.1,592.1,146.3,183.9,343.8,184.7,265.2,bay_of_plenty,145281.0
2023-03-01,184.7,-12.4,171.6,202.8,124.6,131.4,374.9,278.7,462.9,95.3,299.9,280.0,388.1,340.1,63.2,366.7,461.7,149.3,411.0,153.0,146.6,264.0,401.4,109.3,149.5,536.1,592.1,146.3,183.9,343.8,184.7,265.2,canterbury,312560.0
2023-03-01,184.7,-12.4,171.6,202.8,124.6,131.4,374.9,278.7,462.9,95.3,299.9,280.0,388.1,340.1,63.2,366.7,461.7,149.3,411.0,153.0,146.6,264.0,401.4,109.3,149.5,536.1,592.1,146.3,183.9,343.8,184.7,265.2,gisborne,23294.0
2023-03-01,184.7,-12.4,171.6,202.8,124.6,131.4,374.9,278.7,462.9,95.3,299.9,280.0,388.1,340.1,63.2,366.7,461.7,149.3,411.0,153.0,146.6,264.0,401.4,109.3,149.5,536.1,592.1,146.3,183.9,343.8,184.7,265.2,hawke's_bay,83639.0
2023-03-01,184.7,-12.4,171.6,202.8,124.6,131.4,374.9,278.7,462.9,95.3,299.9,280.0,388.1,340.1,63.2,366.7,461.7,149.3,411.0,153.0,146.6,264.0,401.4,109.3,149.5,536.1,592.1,146.3,183.9,343.8,184.7,265.2,manawatu_whanganui,113989.0
2023-03-01,184.7,-12.4,171.6,202.8,124.6,131.4,374.9,278.7,462.9,95.3,299.9,280.0,388.1,340.1,63.2,366.7,461.7,149.3,411.0,153.0,146.6,264.0,401.4,109.3,149.5,536.1,592.1,146.3,183.9,343.8,184.7,265.2,marlborough,28278.0
2023-03-01,184.7,-12.4,171.6,202.8,124.6,131.4,374.9,278.7,462.9,95.3,299.9,280.0,388.1,340.1,63.2,366.7,461.7,149.3,411.0,153.0,146.6,264.0,401.4,109.3,149.5,536.1,592.1,146.3,183.9,343.8,184.7,265.2,nelson,21257.0
2023-03-01,184.7,-12.4,171.6,202.8,124.6,131.4,374.9,278.7,462.9,95.3,299.9,280.0,388.1,340.1,63.2,366.7,461.7,149.3,411.0,153.0,146.6,264.0,401.4,109.3,149.5,536.1,592.1,146.3,183.9,343.8,184.7,265.2,northland,74740.0
2023-03-01,184.7,-12.4,171.6,202.8,124.6,131.4,374.9,278.7,462.9,95.3,299.9,280.0,388.1,340.1,63.2,366.7,461.7,149.3,411.0,153.0,146.6,264.0,401.4,109.3,149.5,536.1,592.1,146.3,183.9,343.8,184.7,265.2,otago,117620.0
2023-03-01,184.7,-12.4,171.6,202.8,124.6,131.4,374.9,278.7,462.9,95.3,299.9,280.0,388.1,340.1,63.2,366.7,461.7,149.3,411.0,153.0,146.6,264.0,401.4,109.3,149.5,536.1,592.1,146.3,183.9,343.8,184.7,265.2,southland,50102.0
2023-03-01,184.7,-12.4,171.6,202.8,124.6,131.4,374.9,278.7,462.9,95.3,299.9,280.0,388.1,340.1,63.2,366.7,461.7,149.3,411.0,153.0,146.6,264.0,401.4,109.3,149.5,536.1,592.1,146.3,183.9,343.8,184.7,265.2,taranaki,56034.0
2023-03-01,184.7,-12.4,171.6,202.8,124.6,131.4,374.9,278.7,462.9,95.3,299.9,280.0,388.1,340.1,63.2,366.7,461.7,149.3,411.0,153.0,146.6,264.0,401.4,109.3,149.5,536.1,592.1,146.3,183.9,343.8,184.7,265.2,tasman,26824.0
2023-03-01,184.7,-12.4,171.6,202.8,124.6,131.4,374.9,278.7,462.9,95.3,299.9,280.0,388.1,340.1,63.2,366.7,461.7,149.3,411.0,153.0,146.6,264.0,401.4,109.3,149.5,536.1,592.1,146.3,183.9,343.8,184.7,265.2,waikato,227625.0
2023-03-01,184.7,-12.4,171.6,202.8,124.6,131.4,374.9,278.7,462.9,95.3,299.9,280.0,388.1,340.1,63.2,366.7,461.7,149.3,411.0,153.0,146.6,264.0,401.4,109.3,149.5,536.1,592.1,146.3,183.9,343.8,184.7,265.2,wellington,261639.0
2023-03-01,184.7,-12.4,171.6,202.8,124.6,131.4,374.9,278.7,462.9,95.3,299.9,280.0,388.1,340.1,63.2,366.7,461.7,149.3,411.0,153.0,146.6,264.0,401.4,109.3,149.5,536.1,592.1,146.3,183.9,343.8,184.7,265.2,west_coast,15088.0
2023-04-01,140.9,-19.6,131.3,155.4,92.8,101.5,296.6,205.1,356.3,74.1,226.7,207.8,310.7,239.6,47.1,271.0,337.6,118.6,314.7,114.3,115.0,201.5,297.3,82.2,123.3,406.1,431.1,112.4,139.8,262.6,140.7,206.0,auckland,804055.0
2023-04-01,140.9,-19.6,131.3,155.4,92.8,101.5,296.6,205.1,356.3,74.1,226.7,207.8,310.7,239.6,47.1,271.0,337.6,118.6,314.7,114.3,115.0,201.5,297.3,82.2,123.3,406.1,431.1,112.4,139.8,262.6,140.7,206.0,bay_of_plenty,149376.0
2023-04-01,140.9,-19.6,131.3,155.4,92.8,101.5,296.6,205.1,356.3,74.1,226.7,207.8,310.7,239.6,47.1,271.0,337.6,118.6,314.7,114.3,115.0,201.5,297.3,82.2,123.3,406.1,431.1,112.4,139.8,262.6,140.7,206.0,canterbury,312679.0
2023-04-01,140.9,-19.6,131.3,155.4,92.8,101.5,296.6,205.1,356.3,74.1,226.7,207.8,310.7,239.6,47.1,271.0,337.6,118.6,314.7,114.3,115.0,201.5,297.3,82.2,123.3,406.1,431.1,112.4,139.8,262.6,140.7,206.0,gisborne,23272.0
2023-04-01,140.9,-19.6,131.3,155.4,92.8,101.5,296.6,205.1,356.3,74.1,226.7,207.8,310.7,239.6,47.1,271.0,337.6,118.6,314.7,114.3,115.0,201.5,297.3,82.2,123.3,406.1,431.1,112.4,139.8,262.6,140.7,206.0,hawke's_bay,84401.0
2023-04-01,140.9,-19.6,131.3,155.4,92.8,101.5,296.6,205.1,356.3,74.1,226.7,207.8,310.7,239.6,47.1,271.0,337.6,118.6,314.7,114.3,115.0,201.5,297.3,82.2,123.3,406.1,431.1,112.4,139.8,262.6,140.7,206.0,manawatu_whanganui,113935.0
2023-04-01,140.9,-19.6,131.3,155.4,92.8,101.5,296.6,205.1,356.3,74.1,226.7,207.8,310.7,239.6,47.1,271.0,337.6,118.6,314.7,114.3,115.0,201.5,297.3,82.2,123.3,406.1,431.1,112.4,139.8,262.6,140.7,206.0,marlborough,28303.0
2023-04-01,140.9,-19.6,131.3,155.4,92.8,101.5,296.6,205.1,356.3,74.1,226.7,207.8,310.7,239.6,47.1,271.0,337.6,118.6,314.7,114.3,115.0,201.5,297.3,82.2,123.3,406.1,431.1,112.4,139.8,262.6,140.7,206.0,nelson,21213.0
2023-04-01,140.9,-19.6,131.3,155.4,92.8,101.5,296.6,205.1,356.3,74.1,226.7,207.8,310.7,239.6,47.1,271.0,337.6,118.6,314.7,114.3,115.0,201.5,297.3,82.2,123.3,406.1,431.1,112.4,139.8,262.6,140.7,206.0,northland,75056.0
2023-04-01,140.9,-19.6,131.3,155.4,92.8,101.5,296.6,205.1,356.3,74.1,226.7,207.8,310.7,239.6,47.1,271.0,337.6,118.6,314.7,114.3,115.0,201.5,297.3,82.2,123.3,406.1,431.1,112.4,139.8,262.6,140.7,206.0,otago,117922.0
2023-04-01,140.9,-19.6,131.3,155.4,92.8,101.5,296.6,205.1,356.3,74.1,226.7,207.8,310.7,239.6,47.1,271.0,337.6,118.6,314.7,114.3,115.0,201.5,297.3,82.2,123.3,406.1,431.1,112.4,139.8,262.6,140.7,206.0,southland,49845.0
2023-04-01,140.9,-19.6,131.3,155.4,92.8,101.5,296.6,205.1,356.3,74.1,226.7,207.8,310.7,239.6,47.1,271.0,337.6,118.6,314.7,114.3,115.0,201.5,297.3,82.2,123.3,406.1,431.1,112.4,139.8,262.6,140.7,206.0,taranaki,56105.0
2023-04-01,140.9,-19.6,131.3,155.4,92.8,101.5,296.6,205.1,356.3,74.1,226.7,207.8,310.7,239.6,47.1,271.0,337.6,118.6,314.7,114.3,115.0,201.5,297.3,82.2,123.3,406.1,431.1,112.4,139.8,262.6,140.7,206.0,tasman,26797.0
2023-04-01,140.9,-19.6,131.3,155.4,92.8,101.5,296.6,205.1,356.3,74.1,226.7,207.8,310.7,239.6,47.1,271.0,337.6,118.6,314.7,114.3,115.0,201.5,297.3,82.2,123.3,406.1,431.1,112.4,139.8,262.6,140.7,206.0,waikato,228065.0
2023-04-01,140.9,-19.6,131.3,155.4,92.8,101.5,296.6,205.1,356.3,74.1,226.7,207.8,310.7,239.6,47.1,271.0,337.6,118.6,314.7,114.3,115.0,201.5,297.3,82.2,123.3,406.1,431.1,112.4,139.8,262.6,140.7,206.0,wellington,261857.0
2023-04-01,140.9,-19.6,131.3,155.4,92.8,101.5,296.6,205.1,356.3,74.1,226.7,207.8,310.7,239.6,47.1,271.0,337.6,118.6,314.7,114.3,115.0,201.5,297.3,82.2,123.3,406.1,431.1,112.4,139.8,262.6,140.7,206.0,west_coast,15079.0
2023-05-01,169.8,-20.5,163.9,176.6,114.4,120.6,352.4,246.5,422.0,91.3,275.8,269.2,397.2,252.5,62.2,307.2,424.8,132.5,387.7,142.8,147.6,234.9,338.5,103.0,132.0,457.7,495.3,143.4,171.4,309.9,161.7,228.0,auckland,806442.0
2023-05-01,169.8,-20.5,163.9,176.6,114.4,120.6,352.4,246.5,422.0,91.3,275.8,269.2,397.2,252.5,62.2,307.2,424.8,132.5,387.7,142.8,147.6,234.9,338.5,103.0,132.0,457.7,495.3,143.4,171.4,309.9,161.7,228.0,bay_of_plenty,148624.0
2023-05-01,169.8,-20.5,163.9,176.6,114.4,120.6,352.4,246.5,422.0,91.3,275.8,269.2,397.2,252.5,62.2,307.2,424.8,132.5,387.7,142.8,147.6,234.9,338.5,103.0,132.0,457.7,495.3,143.4,171.4,309.9,161.7,228.0,canterbury,312698.0
2023-05-01,169.8,-20.5,163.9,176.6,114.4,120.6,352.4,246.5,422.0,91.3,275.8,269.2,397.2,252.5,62.2,307.2,424.8,132.5,387.7,142.8,147.6,234.9,338.5,103.0,132.0,457.7,495.3,143.4,171.4,309.9,161.7,228.0,gisborne,23378.0
2023-05-01,169.8,-20.5,163.9,176.6,114.4,120.6,352.4,246.5,422.0,91.3,275.8,269.2,397.2,252.5,62.2,307.2,424.8,132.5,387.7,142.8,147.6,234.9,338.5,103.0,132.0,457.7,495.3,143.4,171.4,309.9,161.7,228.0,hawke's_bay,83054.0
2023-05-01,169.8,-20.5,163.9,176.6,114.4,120.6,352.4,246.5,422.0,91.3,275.8,269.2,397.2,252.5,62.2,307.2,424.8,132.5,387.7,142.8,147.6,234.9,338.5,103.0,132.0,457.7,495.3,143.4,171.4,309.9,161.7,228.0,manawatu_whanganui,113672.0
2023-05-01,169.8,-20.5,163.9,176.6,114.4,120.6,352.4,246.5,422.0,91.3,275.8,269.2,397.2,252.5,62.2,307.2,424.8,132.5,387.7,142.8,147.6,234.9,338.5,103.0,132.0,457.7,495.3,143.4,171.4,309.9,161.7,228.0,marlborough,27833.0
2023-05-01,169.8,-20.5,163.9,176.6,114.4,120.6,352.4,246.5,422.0,91.3,275.8,269.2,397.2,252.5,62.2,307.2,424.8,132.5,387.7,142.8,147.6,234.9,338.5,103.0,132.0,457.7,495.3,143.4,171.4,309.9,161.7,228.0,nelson,21012.0
2023-05-01,169.8,-20.5,163.9,176.6,114.4,120.6,352.4,246.5,422.0,91.3,275.8,269.2,397.2,252.5,62.2,307.2,424.8,132.5,387.7,142.8,147.6,234.9,338.5,103.0,132.0,457.7,495.3,143.4,171.4,309.9,161.7,228.0,northland,74653.0
2023-05-01,169.8,-20.5,163.9,176.6,114.4,120.6,352.4,246.5,422.0,91.3,275.8,269.2,397.2,252.5,62.2,307.2,424.8,132.5,387.7,142.8,147.6,234.9,338.5,103.0,132.0,457.7,495.3,143.4,171.4,309.9,161.7,228.0,otago,117308.0
2023-05-01,169.8,-20.5,163.9,176.6,114.4,120.6,352.4,246.5,422.0,91.3,275.8,269.2,397.2,252.5,62.2,307.2,424.8,132.5,387.7,142.8,147.6,234.9,338.5,103.0,132.0,457.7,495.3,143.4,171.4,309.9,161.7,228.0,southland,49080.0
2023-05-01,169.8,-20.5,163.9,176.6,114.4,120.6,352.4,246.5,422.0,91.3,275.8,269.2,397.2,252.5,62.2,307.2,424.8,132.5,387.7,142.8,147.6,234.9,338.5,103.0,132.0,457.7,495.3,143.4,171.4,309.9,161.7,228.0,taranaki,55792.0
2023-05-01,169.8,-20.5,163.9,176.6,114.4,120.6,352.4,246.5,422.0,91.3,275.8,269.2,397.2,252.5,62.2,307.2,424.8,132.5,387.7,142.8,147.6,234.9,338.5,103.0,132.0,457.7,495.3,143.4,171.4,309.9,161.7,228.0,tasman,26349.0
2023-05-01,169.8,-20.5,163.9,176.6,114.4,120.6,352.4,246.5,422.0,91.3,275.8,269.2,397.2,252.5,62.2,307.2,424.8,132.5,387.7,142.8,147.6,234.9,338.5,103.0,132.0,457.7,495.3,143.4,171.4,309.9,161.7,228.0,waikato,227981.0
2023-05-01,169.8,-20.5,163.9,176.6,114.4,120.6,352.4,246.5,422.0,91.3,275.8,269.2,397.2,252.5,62.2,307.2,424.8,132.5,387.7,142.8,147.6,234.9,338.5,103.0,132.0,457.7,495.3,143.4,171.4,309.9,161.7,228.0,wellington,261883.0
2023-05-01,169.8,-20.5,163.9,176.6,114.4,120.6,352.4,246.5,422.0,91.3,275.8,269.2,397.2,252.5,62.2,307.2,424.8,132.5,387.7,142.8,147.6,234.9,338.5,103.0,132.0,457.7,495.3,143.4,171.4,309.9,161.7,228.0,west_coast,14917.0
2023-06-01,149.4,-24.4,145.5,152.2,101.2,106.1,308.7,216.3,370.0,79.8,251.1,235.0,353.8,207.3,54.0,264.5,384.4,115.7,341.1,126.3,129.1,217.6,301.5,89.0,108.2,405.0,427.2,126.5,151.6,283.5,140.2,193.6,auckland,808150.0
2023-06-01,149.4,-24.4,145.5,152.2,101.2,106.1,308.7,216.3,370.0,79.8,251.1,235.0,353.8,207.3,54.0,264.5,384.4,115.7,341.1,126.3,129.1,217.6,301.5,89.0,108.2,405.0,427.2,126.5,151.6,283.5,140.2,193.6,bay_of_plenty,147333.0
2023-06-01,149.4,-24.4,145.5,152.2,101.2,106.1,308.7,216.3,370.0,79.8,251.1,235.0,353.8,207.3,54.0,264.5,384.4,115.7,341.1,126.3,129.1,217.6,301.5,89.0,108.2,405.0,427.2,126.5,151.6,283.5,140.2,193.6,canterbury,313393.0
2023-06-01,149.4,-24.4,145.5,152.2,101.2,106.1,308.7,216.3,370.0,79.8,251.1,235.0,353.8,207.3,54.0,264.5,384.4,115.7,341.1,126.3,129.1,217.6,301.5,89.0,108.2,405.0,427.2,126.5,151.6,283.5,140.2,193.6,gisborne,23102.0
2023-06-01,149.4,-24.4,145.5,152.2,101.2,106.1,308.7,216.3,370.0,79.8,251.1,235.0,353.8,207.3,54.0,264.5,384.4,115.7,341.1,126.3,129.1,217.6,301.5,89.0,108.2,405.0,427.2,126.5,151.6,283.5,140.2,193.6,hawke's_bay,82092.0
2023-06-01,149.4,-24.4,145.5,152.2,101.2,106.1,308.7,216.3,370.0,79.8,251.1,235.0,353.8,207.3,54.0,264.5,384.4,115.7,341.1,126.3,129.1,217.6,301.5,89.0,108.2,405.0,427.2,126.5,151.6,283.5,140.2,193.6,manawatu_whanganui,114159.0
2023-06-01,149.4,-24.4,145.5,152.2,101.2,106.1,308.7,216.3,370.0,79.8,251.1,235.0,353.8,207.3,54.0,264.5,384.4,115.7,341.1,126.3,129.1,217.6,301.5,89.0,108.2,405.0,427.2,126.5,151.6,283.5,140.2,193.6,marlborough,27861.0
2023-06-01,149.4,-24.4,145.5,152.2,101.2,106.1,308.7,216.3,370.0,79.8,251.1,235.0,353.8,207.3,54.0,264.5,384.4,115.7,341.1,126.3,129.1,217.6,301.5,89.0,108.2,405.0,427.2,126.5,151.6,283.5,140.2,193.6,nelson,21028.0
2023-06-01,149.4,-24.4,145.5,152.2,101.2,106.1,308.7,216.3,370.0,79.8,251.1,235.0,353.8,207.3,54.0,264.5,384.4,115.7,341.1,126.3,129.1,217.6,301.5,89.0,108.2,405.0,427.2,126.5,151.6,283.5,140.2,193.6,northland,74561.0
2023-06-01,149.4,-24.4,145.5,152.2,101.2,106.1,308.7,216.3,370.0,79.8,251.1,235.0,353.8,207.3,54.0,264.5,384.4,115.7,341.1,126.3,129.1,217.6,301.5,89.0,108.2,405.0,427.2,126.5,151.6,283.5,140.2,193.6,otago,117778.0
2023-06-01,149.4,-24.4,145.5,152.2,101.2,106.1,308.7,216.3,370.0,79.8,251.1,235.0,353.8,207.3,54.0,264.5,384.4,115.7,341.1,126.3,129.1,217.6,301.5,89.0,108.2,405.0,427.2,126.5,151.6,283.5,140.2,193.6,southland,48931.0
2023-06-01,149.4,-24.4,145.5,152.2,101.2,106.1,308.7,216.3,370.0,79.8,251.1,235.0,353.8,207.3,54.0,264.5,384.4,115.7,341.1,126.3,129.1,217.6,301.5,89.0,108.2,405.0,427.2,126.5,151.6,283.5,140.2,193.6,taranaki,55794.0
2023-06-01,149.4,-24.4,145.5,152.2,101.2,106.1,308.7,216.3,370.0,79.8,251.1,235.0,353.8,207.3,54.0,264.5,384.4,115.7,341.1,126.3,129.1,217.6,301.5,89.0,108.2,405.0,427.2,126.5,151.6,283.5,140.2,193.6,tasman,26072.0
2023-06-01,149.4,-24.4,145.5,152.2,101.2,106.1,308.7,216.3,370.0,79.8,251.1,235.0,353.8,207.3,54.0,264.5,384.4,115.7,341.1,126.3,129.1,217.6,301.5,89.0,108.2,405.0,427.2,126.5,151.6,283.5,140.2,193.6,waikato,228246.0
2023-06-01,149.4,-24.4,145.5,152.2,101.2,106.1,308.7,216.3,370.0,79.8,251.1,235.0,353.8,207.3,54.0,264.5,384.4,115.7,341.1,126.3,129.1,217.6,301.5,89.0,108.2,405.0,427.2,126.5,151.6,283.5,140.2,193.6,wellington,262307.0
2023-06-01,149.4,-24.4,145.5,152.2,101.2,106.1,308.7,216.3,370.0,79.8,251.1,235.0,353.8,207.3,54.0,264.5,384.4,115.7,341.1,126.3,129.1,217.6,301.5,89.0,108.2,405.0,427.2,126.5,151.6,283.5,140.2,193.6,west_coast,14818.0
2023-07-01,141.0,-28.2,138.5,141.0,93.4,99.6,298.6,203.4,358.5,75.5,234.9,196.5,332.7,208.2,50.7,246.6,379.1,108.1,350.0,122.3,120.3,209.1,292.3,84.3,105.7,373.2,367.8,120.7,141.7,274.9,132.2,171.7,auckland,808549.0
2023-07-01,141.0,-28.2,138.5,141.0,93.4,99.6,298.6,203.4,358.5,75.5,234.9,196.5,332.7,208.2,50.7,246.6,379.1,108.1,350.0,122.3,120.3,209.1,292.3,84.3,105.7,373.2,367.8,120.7,141.7,274.9,132.2,171.7,bay_of_plenty,146521.0
2023-07-01,141.0,-28.2,138.5,141.0,93.4,99.6,298.6,203.4,358.5,75.5,234.9,196.5,332.7,208.2,50.7,246.6,379.1,108.1,350.0,122.3,120.3,209.1,292.3,84.3,105.7,373.2,367.8,120.7,141.7,274.9,132.2,171.7,canterbury,311650.0
2023-07-01,141.0,-28.2,138.5,141.0,93.4,99.6,298.6,203.4,358.5,75.5,234.9,196.5,332.7,208.2,50.7,246.6,379.1,108.1,350.0,122.3,120.3,209.1,292.3,84.3,105.7,373.2,367.8,120.7,141.7,274.9,132.2,171.7,gisborne,23089.0
2023-07-01,141.0,-28.2,138.5,141.0,93.4,99.6,298.6,203.4,358.5,75.5,234.9,196.5,332.7,208.2,50.7,246.6,379.1,108.1,350.0,122.3,120.3,209.1,292.3,84.3,105.7,373.2,367.8,120.7,141.7,274.9,132.2,171.7,hawke's_bay,81286.0
2023-07-01,141.0,-28.2,138.5,141.0,93.4,99.6,298.6,203.4,358.5,75.5,234.9,196.5,332.7,208.2,50.7,246.6,379.1,108.1,350.0,122.3,120.3,209.1,292.3,84.3,105.7,373.2,367.8,120.7,141.7,274.9,132.2,171.7,manawatu_whanganui,113791.0
2023-07-01,141.0,-28.2,138.5,141.0,93.4,99.6,298.6,203.4,358.5,75.5,234.9,196.5,332.7,208.2,50.7,246.6,379.1,108.1,350.0,122.3,120.3,209.1,292.3,84.3,105.7,373.2,367.8,120.7,141.7,274.9,132.2,171.7,marlborough,27957.0
2023-07-01,141.0,-28.2,138.5,141.0,93.4,99.6,298.6,203.4,358.5,75.5,234.9,196.5,332.7,208.2,50.7,246.6,379.1,108.1,350.0,122.3,120.3,209.1,292.3,84.3,105.7,373.2,367.8,120.7,141.7,274.9,132.2,171.7,nelson,21038.0
2023-07-01,141.0,-28.2,138.5,141.0,93.4,99.6,298.6,203.4,358.5,75.5,234.9,196.5,332.7,208.2,50.7,246.6,379.1,108.1,350.0,122.3,120.3,209.1,292.3,84.3,105.7,373.2,367.8,120.7,141.7,274.9,132.2,171.7,northland,74097.0
2023-07-01,141.0,-28.2,138.5,141.0,93.4,99.6,298.6,203.4,358.5,75.5,234.9,196.5,332.7,208.2,50.7,246.6,379.1,108.1,350.0,122.3,120.3,209.1,292.3,84.3,105.7,373.2,367.8,120.7,141.7,274.9,132.2,171.7,otago,117877.0
2023-07-01,141.0,-28.2,138.5,141.0,93.4,99.6,298.6,203.4,358.5,75.5,234.9,196.5,332.7,208.2,50.7,246.6,379.1,108.1,350.0,122.3,120.3,209.1,292.3,84.3,105.7,373.2,367.8,120.7,141.7,274.9,132.2,171.7,southland,48128.0
2023-07-01,141.0,-28.2,138.5,141.0,93.4,99.6,298.6,203.4,358.5,75.5,234.9,196.5,332.7,208.2,50.7,246.6,379.1,108.1,350.0,122.3,120.3,209.1,292.3,84.3,105.7,373.2,367.8,120.7,141.7,274.9,132.2,171.7,taranaki,56147.0
2023-07-01,141.0,-28.2,138.5,141.0,93.4,99.6,298.6,203.4,358.5,75.5,234.9,196.5,332.7,208.2,50.7,246.6,379.1,108.1,350.0,122.3,120.3,209.1,292.3,84.3,105.7,373.2,367.8,120.7,141.7,274.9,132.2,171.7,tasman,25924.0
2023-07-01,141.0,-28.2,138.5,141.0,93.4,99.6,298.6,203.4,358.5,75.5,234.9,196.5,332.7,208.2,50.7,246.6,379.1,108.1,350.0,122.3,120.3,209.1,292.3,84.3,105.7,373.2,367.8,120.7,141.7,274.9,132.2,171.7,waikato,227167.0
2023-07-01,141.0,-28.2,138.5,141.0,93.4,99.6,298.6,203.4,358.5,75.5,234.9,196.5,332.7,208.2,50.7,246.6,379.1,108.1,350.0,122.3,120.3,209.1,292.3,84.3,105.7,373.2,367.8,120.7,141.7,274.9,132.2,171.7,wellington,261659.0
2023-07-01,141.0,-28.2,138.5,141.0,93.4,99.6,298.6,203.4,358.5,75.5,234.9,196.5,332.7,208.2,50.7,246.6,379.1,108.1,350.0,122.3,120.3,209.1,292.3,84.3,105.7,373.2,367.8,120.7,141.7,274.9,132.2,171.7,west_coast,14788.0
2023-08-01,158.2,-26.6,153.0,161.8,101.5,110.7,335.8,230.6,421.9,83.4,259.1,274.3,378.2,246.8,54.3,267.2,393.6,120.0,384.1,133.4,138.7,221.7,322.9,91.8,124.2,411.4,435.8,133.6,162.7,284.3,148.8,206.5,auckland,810273.0
2023-08-01,158.2,-26.6,153.0,161.8,101.5,110.7,335.8,230.6,421.9,83.4,259.1,274.3,378.2,246.8,54.3,267.2,393.6,120.0,384.1,133.4,138.7,221.7,322.9,91.8,124.2,411.4,435.8,133.6,162.7,284.3,148.8,206.5,bay_of_plenty,146711.0
2023-08-01,158.2,-26.6,153.0,161.8,101.5,110.7,335.8,230.6,421.9,83.4,259.1,274.3,378.2,246.8,54.3,267.2,393.6,120.0,384.1,133.4,138.7,221.7,322.9,91.8,124.2,411.4,435.8,133.6,162.7,284.3,148.8,206.5,canterbury,312783.0
2023-08-01,158.2,-26.6,153.0,161.8,101.5,110.7,335.8,230.6,421.9,83.4,259.1,274.3,378.2,246.8,54.3,267.2,393.6,120.0,384.1,133.4,138.7,221.7,322.9,91.8,124.2,411.4,435.8,133.6,162.7,284.3,148.8,206.5,gisborne,22786.0
2023-08-01,158.2,-26.6,153.0,161.8,101.5,110.7,335.8,230.6,421.9,83.4,259.1,274.3,378.2,246.8,54.3,267.2,393.6,120.0,384.1,133.4,138.7,221.7,322.9,91.8,124.2,411.4,435.8,133.6,162.7,284.3,148.8,206.5,hawke's_bay,80211.0
2023-08-01,158.2,-26.6,153.0,161.8,101.5,110.7,335.8,230.6,421.9,83.4,259.1,274.3,378.2,246.8,54.3,267.2,393.6,120.0,384.1,133.4,138.7,221.7,322.9,91.8,124.2,411.4,435.8,133.6,162.7,284.3,148.8,206.5,manawatu_whanganui,113505.0
2023-08-01,158.2,-26.6,153.0,161.8,101.5,110.7,335.8,230.6,421.9,83.4,259.1,274.3,378.2,246.8,54.3,267.2,393.6,120.0,384.1,133.4,138.7,221.7,322.9,91.8,124.2,411.4,435.8,133.6,162.7,284.3,148.8,206.5,marlborough,27846.0
2023-08-01,158.2,-26.6,153.0,161.8,101.5,110.7,335.8,230.6,421.9,83.4,259.1,274.3,378.2,246.8,54.3,267.2,393.6,120.0,384.1,133.4,138.7,221.7,322.9,91.8,124.2,411.4,435.8,133.6,162.7,284.3,148.8,206.5,nelson,20941.0
2023-08-01,158.2,-26.6,153.0,161.8,101.5,110.7,335.8,230.6,421.9,83.4,259.1,274.3,378.2,246.8,54.3,267.2,393.6,120.0,384.1,133.4,138.7,221.7,322.9,91.8,124.2,411.4,435.8,133.6,162.7,284.3,148.8,206.5,northland,74222.0
2023-08-01,158.2,-26.6,153.0,161.8,101.5,110.7,335.8,230.6,421.9,83.4,259.1,274.3,378.2,246.8,54.3,267.2,393.6,120.0,384.1,133.4,138.7,221.7,322.9,91.8,124.2,411.4,435.8,133.6,162.7,284.3,148.8,206.5,otago,117286.0
2023-08-01,158.2,-26.6,153.0,161.8,101.5,110.7,335.8,230.6,421.9,83.4,259.1,274.3,378.2,246.8,54.3,267.2,393.6,120.0,384.1,133.4,138.7,221.7,322.9,91.8,124.2,411.4,435.8,133.6,162.7,284.3,148.8,206.5,southland,48573.0
2023-08-01,158.2,-26.6,153.0,161.8,101.5,110.7,335.8,230.6,421.9,83.4,259.1,274.3,378.2,246.8,54.3,267.2,393.6,120.0,384.1,133.4,138.7,221.7,322.9,91.8,124.2,411.4,435.8,133.6,162.7,284.3,148.8,206.5,taranaki,56106.0
2023-08-01,158.2,-26.6,153.0,161.8,101.5,110.7,335.8,230.6,421.9,83.4,259.1,274.3,378.2,246.8,54.3,267.2,393.6,120.0,384.1,133.4,138.7,221.7,322.9,91.8,124.2,411.4,435.8,133.6,162.7,284.3,148.8,206.5,tasman,25638.0
2023-08-01,158.2,-26.6,153.0,161.8,101.5,110.7,335.8,230.6,421.9,83.4,259.1,274.3,378.2,246.8,54.3,267.2,393.6,120.0,384.1,133.4,138.7,221.7,322.9,91.8,124.2,411.4,435.8,133.6,162.7,284.3,148.8,206.5,waikato,227457.0
2023-08-01,158.2,-26.6,153.0,161.8,101.5,110.7,335.8,230.6,421.9,83.4,259.1,274.3,378.2,246.8,54.3,267.2,393.6,120.0,384.1,133.4,138.7,221.7,322.9,91.8,124.2,411.4,435.8,133.6,162.7,284.3,148.8,206.5,wellington,260941.0
2023-08-01,158.2,-26.6,153.0,161.8,101.5,110.7,335.8,230.6,421.9,83.4,259.1,274.3,378.2,246.8,54.3,267.2,393.6,120.0,384.1,133.4,138.7,221.7,322.9,91.8,124.2,411.4,435.8,133.6,162.7,284.3,148.8,206.5,west_coast,14863.0
2023-09-01,143.8,-29.1,139.5,144.0,90.2,97.3,301.5,207.8,411.3,70.3,236.8,263.5,357.9,234.8,46.5,241.8,356.4,112.5,344.6,121.5,125.0,205.3,296.0,81.8,111.7,364.7,388.4,118.2,161.2,252.4,130.8,189.6,auckland,811141.0
2023-09-01,143.8,-29.1,139.5,144.0,90.2,97.3,301.5,207.8,411.3,70.3,236.8,263.5,357.9,234.8,46.5,241.8,356.4,112.5,344.6,121.5,125.0,205.3,296.0,81.8,111.7,364.7,388.4,118.2,161.2,252.4,130.8,189.6,bay_of_plenty,146126.0
2023-09-01,143.8,-29.1,139.5,144.0,90.2,97.3,301.5,207.8,411.3,70.3,236.8,263.5,357.9,234.8,46.5,241.8,356.4,112.5,344.6,121.5,125.0,205.3,296.0,81.8,111.7,364.7,388.4,118.2,161.2,252.4,130.8,189.6,canterbury,314471.0
2023-09-01,143.8,-29.1,139.5,144.0,90.2,97.3,301.5,207.8,411.3,70.3,236.8,263.5,357.9,234.8,46.5,241.8,356.4,112.5,344.6,121.5,125.0,205.3,296.0,81.8,111.7,364.7,388.4,118.2,161.2,252.4,130.8,189.6,gisborne,22833.0
2023-09-01,143.8,-29.1,139.5,144.0,90.2,97.3,301.5,207.8,411.3,70.3,236.8,263.5,357.9,234.8,46.5,241.8,356.4,112.5,344.6,121.5,125.0,205.3,296.0,81.8,111.7,364.7,388.4,118.2,161.2,252.4,130.8,189.6,hawke's_bay,79940.0
2023-09-01,143.8,-29.1,139.5,144.0,90.2,97.3,301.5,207.8,411.3,70.3,236.8,263.5,357.9,234.8,46.5,241.8,356.4,112.5,344.6,121.5,125.0,205.3,296.0,81.8,111.7,364.7,388.4,118.2,161.2,252.4,130.8,189.6,manawatu_whanganui,113906.0
2023-09-01,143.8,-29.1,139.5,144.0,90.2,97.3,301.5,207.8,411.3,70.3,236.8,263.5,357.9,234.8,46.5,241.8,356.4,112.5,344.6,121.5,125.0,205.3,296.0,81.8,111.7,364.7,388.4,118.2,161.2,252.4,130.8,189.6,marlborough,27841.0
2023-09-01,143.8,-29.1,139.5,144.0,90.2,97.3,301.5,207.8,411.3,70.3,236.8,263.5,357.9,234.8,46.5,241.8,356.4,112.5,344.6,121.5,125.0,205.3,296.0,81.8,111.7,364.7,388.4,118.2,161.2,252.4,130.8,189.6,nelson,20968.0
2023-09-01,143.8,-29.1,139.5,144.0,90.2,97.3,301.5,207.8,411.3,70.3,236.8,263.5,357.9,234.8,46.5,241.8,356.4,112.5,344.6,121.5,125.0,205.3,296.0,81.8,111.7,364.7,388.4,118.2,161.2,252.4,130.8,189.6,northland,74312.0
2023-09-01,143.8,-29.1,139.5,144.0,90.2,97.3,301.5,207.8,411.3,70.3,236.8,263.5,357.9,234.8,46.5,241.8,356.4,112.5,344.6,121.5,125.0,205.3,296.0,81.8,111.7,364.7,388.4,118.2,161.2,252.4,130.8,189.6,otago,117199.0
2023-09-01,143.8,-29.1,139.5,144.0,90.2,97.3,301.5,207.8,411.3,70.3,236.8,263.5,357.9,234.8,46.5,241.8,356.4,112.5,344.6,121.5,125.0,205.3,296.0,81.8,111.7,364.7,388.4,118.2,161.2,252.4,130.8,189.6,southland,49111.0
2023-09-01,143.8,-29.1,139.5,144.0,90.2,97.3,301.5,207.8,411.3,70.3,236.8,263.5,357.9,234.8,46.5,241.8,356.4,112.5,344.6,121.5,125.0,205.3,296.0,81.8,111.7,364.7,388.4,118.2,161.2,252.4,130.8,189.6,taranaki,56100.0
2023-09-01,143.8,-29.1,139.5,144.0,90.2,97.3,301.5,207.8,411.3,70.3,236.8,263.5,357.9,234.8,46.5,241.8,356.4,112.5,344.6,121.5,125.0,205.3,296.0,81.8,111.7,364.7,388.4,118.2,161.2,252.4,130.8,189.6,tasman,25611.0
2023-09-01,143.8,-29.1,139.5,144.0,90.2,97.3,301.5,207.8,411.3,70.3,236.8,263.5,357.9,234.8,46.5,241.8,356.4,112.5,344.6,121.5,125.0,205.3,296.0,81.8,111.7,364.7,388.4,118.2,161.2,252.4,130.8,189.6,waikato,228014.0
2023-09-01,143.8,-29.1,139.5,144.0,90.2,97.3,301.5,207.8,411.3,70.3,236.8,263.5,357.9,234.8,46.5,241.8,356.4,112.5,344.6,121.5,125.0,205.3,296.0,81.8,111.7,364.7,388.4,118.2,161.2,252.4,130.8,189.6,wellington,260928.0
2023-09-01,143.8,-29.1,139.5,144.0,90.2,97.3,301.5,207.8,411.3,70.3,236.8,263.5,357.9,234.8,46.5,241.8,356.4,112.5,344.6,121.5,125.0,205.3,296.0,81.8,111.7,364.7,388.4,118.2,161.2,252.4,130.8,189.6,west_coast,15011.0
2023-10-01,141.5,-25.5,137.9,143.5,90.1,94.9,302.8,212.5,391.7,66.7,228.2,347.4,334.5,259.4,44.2,242.8,309.2,105.9,320.2,114.7,126.0,206.9,306.1,77.9,105.9,360.1,406.1,111.8,168.0,266.9,130.4,188.4,auckland,819420.0
2023-10-01,141.5,-25.5,137.9,143.5,90.1,94.9,302.8,212.5,391.7,66.7,228.2,347.4,334.5,259.4,44.2,242.8,309.2,105.9,320.2,114.7,126.0,206.9,306.1,77.9,105.9,360.1,406.1,111.8,168.0,266.9,130.4,188.4,bay_of_plenty,147349.0
2023-10-01,141.5,-25.5,137.9,143.5,90.1,94.9,302.8,212.5,391.7,66.7,228.2,347.4,334.5,259.4,44.2,242.8,309.2,105.9,320.2,114.7,126.0,206.9,306.1,77.9,105.9,360.1,406.1,111.8,168.0,266.9,130.4,188.4,canterbury,317813.0
2023-10-01,141.5,-25.5,137.9,143.5,90.1,94.9,302.8,212.5,391.7,66.7,228.2,347.4,334.5,259.4,44.2,242.8,309.2,105.9,320.2,114.7,126.0,206.9,306.1,77.9,105.9,360.1,406.1,111.8,168.0,266.9,130.4,188.4,gisborne,23368.0
2023-10-01,141.5,-25.5,137.9,143.5,90.1,94.9,302.8,212.5,391.7,66.7,228.2,347.4,334.5,259.4,44.2,242.8,309.2,105.9,320.2,114.7,126.0,206.9,306.1,77.9,105.9,360.1,406.1,111.8,168.0,266.9,130.4,188.4,hawke's_bay,80719.0
2023-10-01,141.5,-25.5,137.9,143.5,90.1,94.9,302.8,212.5,391.7,66.7,228.2,347.4,334.5,259.4,44.2,242.8,309.2,105.9,320.2,114.7,126.0,206.9,306.1,77.9,105.9,360.1,406.1,111.8,168.0,266.9,130.4,188.4,manawatu_whanganui,115131.0
2023-10-01,141.5,-25.5,137.9,143.5,90.1,94.9,302.8,212.5,391.7,66.7,228.2,347.4,334.5,259.4,44.2,242.8,309.2,105.9,320.2,114.7,126.0,206.9,306.1,77.9,105.9,360.1,406.1,111.8,168.0,266.9,130.4,188.4,marlborough,27656.0
2023-10-01,141.5,-25.5,137.9,143.5,90.1,94.9,302.8,212.5,391.7,66.7,228.2,347.4,334.5,259.4,44.2,242.8,309.2,105.9,320.2,114.7,126.0,206.9,306.1,77.9,105.9,360.1,406.1,111.8,168.0,266.9,130.4,188.4,nelson,21123.0
2023-10-01,141.5,-25.5,137.9,143.5,90.1,94.9,302.8,212.5,391.7,66.7,228.2,347.4,334.5,259.4,44.2,242.8,309.2,105.9,320.2,114.7,126.0,206.9,306.1,77.9,105.9,360.1,406.1,111.8,168.0,266.9,130.4,188.4,northland,75189.0
2023-10-01,141.5,-25.5,137.9,143.5,90.1,94.9,302.8,212.5,391.7,66.7,228.2,347.4,334.5,259.4,44.2,242.8,309.2,105.9,320.2,114.7,126.0,206.9,306.1,77.9,105.9,360.1,406.1,111.8,168.0,266.9,130.4,188.4,otago,118267.0
2023-10-01,141.5,-25.5,137.9,143.5,90.1,94.9,302.8,212.5,391.7,66.7,228.2,347.4,334.5,259.4,44.2,242.8,309.2,105.9,320.2,114.7,126.0,206.9,306.1,77.9,105.9,360.1,406.1,111.8,168.0,266.9,130.4,188.4,southland,49571.0
2023-10-01,141.5,-25.5,137.9,143.5,90.1,94.9,302.8,212.5,391.7,66.7,228.2,347.4,334.5,259.4,44.2,242.8,309.2,105.9,320.2,114.7,126.0,206.9,306.1,77.9,105.9,360.1,406.1,111.8,168.0,266.9,130.4,188.4,taranaki,56299.0
2023-10-01,141.5,-25.5,137.9,143.5,90.1,94.9,302.8,212.5,391.7,66.7,228.2,347.4,334.5,259.4,44.2,242.8,309.2,105.9,320.2,114.7,126.0,206.9,306.1,77.9,105.9,360.1,406.1,111.8,168.0,266.9,130.4,188.4,tasman,25553.0
2023-10-01,141.5,-25.5,137.9,143.5,90.1,94.9,302.8,212.5,391.7,66.7,228.2,347.4,334.5,259.4,44.2,242.8,309.2,105.9,320.2,114.7,126.0,206.9,306.1,77.9,105.9,360.1,406.1,111.8,168.0,266.9,130.4,188.4,waikato,230637.0
2023-10-01,141.5,-25.5,137.9,143.5,90.1,94.9,302.8,212.5,391.7,66.7,228.2,347.4,334.5,259.4,44.2,242.8,309.2,105.9,320.2,114.7,126.0,206.9,306.1,77.9,105.9,360.1,406.1,111.8,168.0,266.9,130.4,188.4,wellington,263664.0
2023-10-01,141.5,-25.5,137.9,143.5,90.1,94.9,302.8,212.5,391.7,66.7,228.2,347.4,334.5,259.4,44.2,242.8,309.2,105.9,320.2,114.7,126.0,206.9,306.1,77.9,105.9,360.1,406.1,111.8,168.0,266.9,130.4,188.4,west_coast,15303.0
2023-11-01,126.8,-29.1,126.3,121.9,80.0,82.9,279.2,181.7,359.1,59.3,195.7,335.6,350.9,199.9,40.8,220.3,291.5,85.8,276.9,101.8,121.0,172.8,270.7,70.4,83.4,329.5,327.5,105.1,155.0,219.6,114.2,148.5,auckland,824546.0
2023-11-01,126.8,-29.1,126.3,121.9,80.0,82.9,279.2,181.7,359.1,59.3,195.7,335.6,350.9,199.9,40.8,220.3,291.5,85.8,276.9,101.8,121.0,172.8,270.7,70.4,83.4,329.5,327.5,105.1,155.0,219.6,114.2,148.5,bay_of_plenty,149319.0
2023-11-01,126.8,-29.1,126.3,121.9,80.0,82.9,279.2,181.7,359.1,59.3,195.7,335.6,350.9,199.9,40.8,220.3,291.5,85.8,276.9,101.8,121.0,172.8,270.7,70.4,83.4,329.5,327.5,105.1,155.0,219.6,114.2,148.5,canterbury,320180.0
2023-11-01,126.8,-29.1,126.3,121.9,80.0,82.9,279.2,181.7,359.1,59.3,195.7,335.6,350.9,199.9,40.8,220.3,291.5,85.8,276.9,101.8,121.0,172.8,270.7,70.4,83.4,329.5,327.5,105.1,155.0,219.6,114.2,148.5,gisborne,23484.0
2023-11-01,126.8,-29.1,126.3,121.9,80.0,82.9,279.2,181.7,359.1,59.3,195.7,335.6,350.9,199.9,40.8,220.3,291.5,85.8,276.9,101.8,121.0,172.8,270.7,70.4,83.4,329.5,327.5,105.1,155.0,219.6,114.2,148.5,hawke's_bay,82964.0
2023-11-01,126.8,-29.1,126.3,121.9,80.0,82.9,279.2,181.7,359.1,59.3,195.7,335.6,350.9,199.9,40.8,220.3,291.5,85.8,276.9,101.8,121.0,172.8,270.7,70.4,83.4,329.5,327.5,105.1,155.0,219.6,114.2,148.5,manawatu_whanganui,115412.0
2023-11-01,126.8,-29.1,126.3,121.9,80.0,82.9,279.2,181.7,359.1,59.3,195.7,335.6,350.9,199.9,40.8,220.3,291.5,85.8,276.9,101.8,121.0,172.8,270.7,70.4,83.4,329.5,327.5,105.1,155.0,219.6,114.2,148.5,marlborough,28467.0
2023-11-01,126.8,-29.1,126.3,121.9,80.0,82.9,279.2,181.7,359.1,59.3,195.7,335.6,350.9,199.9,40.8,220.3,291.5,85.8,276.9,101.8,121.0,172.8,270.7,70.4,83.4,329.5,327.5,105.1,155.0,219.6,114.2,148.5,nelson,21278.0
2023-11-01,126.8,-29.1,126.3,121.9,80.0,82.9,279.2,181.7,359.1,59.3,195.7,335.6,350.9,199.9,40.8,220.3,291.5,85.8,276.9,101.8,121.0,172.8,270.7,70.4,83.4,329.5,327.5,105.1,155.0,219.6,114.2,148.5,northland,76037.0
2023-11-01,126.8,-29.1,126.3,121.9,80.0,82.9,279.2,181.7,359.1,59.3,195.7,335.6,350.9,199.9,40.8,220.3,291.5,85.8,276.9,101.8,121.0,172.8,270.7,70.4,83.4,329.5,327.5,105.1,155.0,219.6,114.2,148.5,otago,119337.0
2023-11-01,126.8,-29.1,126.3,121.9,80.0,82.9,279.2,181.7,359.1,59.3,195.7,335.6,350.9,199.9,40.8,220.3,291.5,85.8,276.9,101.8,121.0,172.8,270.7,70.4,83.4,329.5,327.5,105.1,155.0,219.6,114.2,148.5,southland,50308.0
2023-11-01,126.8,-29.1,126.3,121.9,80.0,82.9,279.2,181.7,359.1,59.3,195.7,335.6,350.9,199.9,40.8,220.3,291.5,85.8,276.9,101.8,121.0,172.8,270.7,70.4,83.4,329.5,327.5,105.1,155.0,219.6,114.2,148.5,taranaki,56996.0
2023-11-01,126.8,-29.1,126.3,121.9,80.0,82.9,279.2,181.7,359.1,59.3,195.7,335.6,350.9,199.9,40.8,220.3,291.5,85.8,276.9,101.8,121.0,172.8,270.7,70.4,83.4,329.5,327.5,105.1,155.0,219.6,114.2,148.5,tasman,26083.0
2023-11-01,126.8,-29.1,126.3,121.9,80.0,82.9,279.2,181.7,359.1,59.3,195.7,335.6,350.9,199.9,40.8,220.3,291.5,85.8,276.9,101.8,121.0,172.8,270.7,70.4,83.4,329.5,327.5,105.1,155.0,219.6,114.2,148.5,waikato,232147.0
2023-11-01,126.8,-29.1,126.3,121.9,80.0,82.9,279.2,181.7,359.1,59.3,195.7,335.6,350.9,199.9,40.8,220.3,291.5,85.8,276.9,101.8,121.0,172.8,270.7,70.4,83.4,329.5,327.5,105.1,155.0,219.6,114.2,148.5,wellington,264539.0
2023-11-01,126.8,-29.1,126.3,121.9,80.0,82.9,279.2,181.7,359.1,59.3,195.7,335.6,350.9,199.9,40.8,220.3,291.5,85.8,276.9,101.8,121.0,172.8,270.7,70.4,83.4,329.5,327.5,105.1,155.0,219.6,114.2,148.5,west_coast,15414.0
2023-12-01,83.0,-28.9,83.0,79.8,50.8,49.7,189.2,127.3,254.0,36.0,140.2,180.1,253.4,146.5,24.0,139.8,202.8,54.2,170.3,67.0,77.9,125.0,183.6,43.4,51.3,211.8,220.6,70.6,95.0,150.3,75.3,95.4,auckland,824140.0
2023-12-01,83.0,-28.9,83.0,79.8,50.8,49.7,189.2,127.3,254.0,36.0,140.2,180.1,253.4,146.5,24.0,139.8,202.8,54.2,170.3,67.0,77.9,125.0,183.6,43.4,51.3,211.8,220.6,70.6,95.0,150.3,75.3,95.4,bay_of_plenty,149430.0
2023-12-01,83.0,-28.9,83.0,79.8,50.8,49.7,189.2,127.3,254.0,36.0,140.2,180.1,253.4,146.5,24.0,139.8,202.8,54.2,170.3,67.0,77.9,125.0,183.6,43.4,51.3,211.8,220.6,70.6,95.0,150.3,75.3,95.4,canterbury,321290.0
2023-12-01,83.0,-28.9,83.0,79.8,50.8,49.7,189.2,127.3,254.0,36.0,140.2,180.1,253.4,146.5,24.0,139.8,202.8,54.2,170.3,67.0,77.9,125.0,183.6,43.4,51.3,211.8,220.6,70.6,95.0,150.3,75.3,95.4,gisborne,24118.0
2023-12-01,83.0,-28.9,83.0,79.8,50.8,49.7,189.2,127.3,254.0,36.0,140.2,180.1,253.4,146.5,24.0,139.8,202.8,54.2,170.3,67.0,77.9,125.0,183.6,43.4,51.3,211.8,220.6,70.6,95.0,150.3,75.3,95.4,hawke's_bay,85004.0
2023-12-01,83.0,-28.9,83.0,79.8,50.8,49.7,189.2,127.3,254.0,36.0,140.2,180.1,253.4,146.5,24.0,139.8,202.8,54.2,170.3,67.0,77.9,125.0,183.6,43.4,51.3,211.8,220.6,70.6,95.0,150.3,75.3,95.4,manawatu_whanganui,116158.0
2023-12-01,83.0,-28.9,83.0,79.8,50.8,49.7,189.2,127.3,254.0,36.0,140.2,180.1,253.4,146.5,24.0,139.8,202.8,54.2,170.3,67.0,77.9,125.0,183.6,43.4,51.3,211.8,220.6,70.6,95.0,150.3,75.3,95.4,marlborough,28586.0
2023-12-01,83.0,-28.9,83.0,79.8,50.8,49.7,189.2,127.3,254.0,36.0,140.2,180.1,253.4,146.5,24.0,139.8,202.8,54.2,170.3,67.0,77.9,125.0,183.6,43.4,51.3,211.8,220.6,70.6,95.0,150.3,75.3,95.4,nelson,21373.0
2023-12-01,83.0,-28.9,83.0,79.8,50.8,49.7,189.2,127.3,254.0,36.0,140.2,180.1,253.4,146.5,24.0,139.8,202.8,54.2,170.3,67.0,77.9,125.0,183.6,43.4,51.3,211.8,220.6,70.6,95.0,150.3,75.3,95.4,northland,76357.0
2023-12-01,83.0,-28.9,83.0,79.8,50.8,49.7,189.2,127.3,254.0,36.0,140.2,180.1,253.4,146.5,24.0,139.8,202.8,54.2,170.3,67.0,77.9,125.0,183.6,43.4,51.3,211.8,220.6,70.6,95.0,150.3,75.3,95.4,otago,120481.0
2023-12-01,83.0,-28.9,83.0,79.8,50.8,49.7,189.2,127.3,254.0,36.0,140.2,180.1,253.4,146.5,24.0,139.8,202.8,54.2,170.3,67.0,77.9,125.0,183.6,43.4,51.3,211.8,220.6,70.6,95.0,150.3,75.3,95.4,southland,50999.0
2023-12-01,83.0,-28.9,83.0,79.8,50.8,49.7,189.2,127.3,254.0,36.0,140.2,180.1,253.4,146.5,24.0,139.8,202.8,54.2,170.3,67.0,77.9,125.0,183.6,43.4,51.3,211.8,220.6,70.6,95.0,150.3,75.3,95.4,taranaki,57318.0
2023-12-01,83.0,-28.9,83.0,79.8,50.8,49.7,189.2,127.3,254.0,36.0,140.2,180.1,253.4,146.5,24.0,139.8,202.8,54.2,170.3,67.0,77.9,125.0,183.6,43.4,51.3,211.8,220.6,70.6,95.0,150.3,75.3,95.4,tasman,26614.0
2023-12-01,83.0,-28.9,83.0,79.8,50.8,49.7,189.2,127.3,254.0,36.0,140.2,180.1,253.4,146.5,24.0,139.8,202.8,54.2,170.3,67.0,77.9,125.0,183.6,43.4,51.3,211.8,220.6,70.6,95.0,150.3,75.3,95.4,waikato,232971.0
2023-12-01,83.0,-28.9,83.0,79.8,50.8,49.7,189.2,127.3,254.0,36.0,140.2,180.1,253.4,146.5,24.0,139.8,202.8,54.2,170.3,67.0,77.9,125.0,183.6,43.4,51.3,211.8,220.6,70.6,95.0,150.3,75.3,95.4,wellington,264814.0
2023-12-01,83.0,-28.9,83.0,79.8,50.8,49.7,189.2,127.3,254.0,36.0,140.2,180.1,253.4,146.5,24.0,139.8,202.8,54.2,170.3,67.0,77.9,125.0,183.6,43.4,51.3,211.8,220.6,70.6,95.0,150.3,75.3,95.4,west_coast,15509.0
2024-01-01,130.0,-24.9,122.4,138.8,82.8,80.7,287.3,197.3,364.3,64.9,215.8,176.5,327.1,241.1,35.0,234.4,324.1,106.3,298.8,105.9,104.5,196.2,298.7,76.9,99.8,358.7,369.6,103.7,131.0,250.5,128.2,175.3,auckland,807363.0
2024-01-01,130.0,-24.9,122.4,138.8,82.8,80.7,287.3,197.3,364.3,64.9,215.8,176.5,327.1,241.1,35.0,234.4,324.1,106.3,298.8,105.9,104.5,196.2,298.7,76.9,99.8,358.7,369.6,103.7,131.0,250.5,128.2,175.3,bay_of_plenty,146561.0
2024-01-01,130.0,-24.9,122.4,138.8,82.8,80.7,287.3,197.3,364.3,64.9,215.8,176.5,327.1,241.1,35.0,234.4,324.1,106.3,298.8,105.9,104.5,196.2,298.7,76.9,99.8,358.7,369.6,103.7,131.0,250.5,128.2,175.3,canterbury,314325.0
2024-01-01,130.0,-24.9,122.4,138.8,82.8,80.7,287.3,197.3,364.3,64.9,215.8,176.5,327.1,241.1,35.0,234.4,324.1,106.3,298.8,105.9,104.5,196.2,298.7,76.9,99.8,358.7,369.6,103.7,131.0,250.5,128.2,175.3,gisborne,23297.0
2024-01-01,130.0,-24.9,122.4,138.8,82.8,80.7,287.3,197.3,364.3,64.9,215.8,176.5,327.1,241.1,35.0,234.4,324.1,106.3,298.8,105.9,104.5,196.2,298.7,76.9,99.8,358.7,369.6,103.7,131.0,250.5,128.2,175.3,hawke's_bay,83086.0
2024-01-01,130.0,-24.9,122.4,138.8,82.8,80.7,287.3,197.3,364.3,64.9,215.8,176.5,327.1,241.1,35.0,234.4,324.1,106.3,298.8,105.9,104.5,196.2,298.7,76.9,99.8,358.7,369.6,103.7,131.0,250.5,128.2,175.3,manawatu_whanganui,114145.0
2024-01-01,130.0,-24.9,122.4,138.8,82.8,80.7,287.3,197.3,364.3,64.9,215.8,176.5,327.1,241.1,35.0,234.4,324.1,106.3,298.8,105.9,104.5,196.2,298.7,76.9,99.8,358.7,369.6,103.7,131.0,250.5,128.2,175.3,marlborough,27816.0
2024-01-01,130.0,-24.9,122.4,138.8,82.8,80.7,287.3,197.3,364.3,64.9,215.8,176.5,327.1,241.1,35.0,234.4,324.1,106.3,298.8,105.9,104.5,196.2,298.7,76.9,99.8,358.7,369.6,103.7,131.0,250.5,128.2,175.3,nelson,21028.0
2024-01-01,130.0,-24.9,122.4,138.8,82.8,80.7,287.3,197.3,364.3,64.9,215.8,176.5,327.1,241.1,35.0,234.4,324.1,106.3,298.8,105.9,104.5,196.2,298.7,76.9,99.8,358.7,369.6,103.7,131.0,250.5,128.2,175.3,northland,74394.0
2024-01-01,130.0,-24.9,122.4,138.8,82.8,80.7,287.3,197.3,364.3,64.9,215.8,176.5,327.1,241.1,35.0,234.4,324.1,106.3,298.8,105.9,104.5,196.2,298.7,76.9,99.8,358.7,369.6,103.7,131.0,250.5,128.2,175.3,otago,118470.0
2024-01-01,130.0,-24.9,122.4,138.8,82.8,80.7,287.3,197.3,364.3,64.9,215.8,176.5,327.1,241.1,35.0,234.4,324.1,106.3,298.8,105.9,104.5,196.2,298.7,76.9,99.8,358.7,369.6,103.7,131.0,250.5,128.2,175.3,southland,50342.0
2024-01-01,130.0,-24.9,122.4,138.8,82.8,80.7,287.3,197.3,364.3,64.9,215.8,176.5,327.1,241.1,35.0,234.4,324.1,106.3,298.8,105.9,104.5,196.2,298.7,76.9,99.8,358.7,369.6,103.7,131.0,250.5,128.2,175.3,taranaki,56249.0
2024-01-01,130.0,-24.9,122.4,138.8,82.8,80.7,287.3,197.3,364.3,64.9,215.8,176.5,327.1,241.1,35.0,234.4,324.1,106.3,298.8,105.9,104.5,196.2,298.7,76.9,99.8,358.7,369.6,103.7,131.0,250.5,128.2,175.3,tasman,26058.0
2024-01-01,130.0,-24.9,122.4,138.8,82.8,80.7,287.3,197.3,364.3,64.9,215.8,176.5,327.1,241.1,35.0,234.4,324.1,106.3,298.8,105.9,104.5,196.2,298.7,76.9,99.8,358.7,369.6,103.7,131.0,250.5,128.2,175.3,waikato,228030.0
2024-01-01,130.0,-24.9,122.4,138.8,82.8,80.7,287.3,197.3,364.3,64.9,215.8,176.5,327.1,241.1,35.0,234.4,324.1,106.3,298.8,105.9,104.5,196.2,298.7,76.9,99.8,358.7,369.6,103.7,131.0,250.5,128.2,175.3,wellington,260080.0
2024-01-01,130.0,-24.9,122.4,138.8,82.8,80.7,287.3,197.3,364.3,64.9,215.8,176.5,327.1,241.1,35.0,234.4,324.1,106.3,298.8,105.9,104.5,196.2,298.7,76.9,99.8,358.7,369.6,103.7,131.0,250.5,128.2,175.3,west_coast,15288.0
2024-02-01,128.0,-20.6,122.4,132.9,84.0,79.0,257.3,186.4,348.5,64.2,212.8,209.6,327.1,235.7,35.4,219.8,323.1,100.7,280.7,100.8,105.0,199.8,292.0,73.9,99.0,331.5,366.5,101.1,136.6,256.5,122.9,167.4,auckland,814350.0
2024-02-01,128.0,-20.6,122.4,132.9,84.0,79.0,257.3,186.4,348.5,64.2,212.8,209.6,327.1,235.7,35.4,219.8,323.1,100.7,280.7,100.8,105.0,199.8,292.0,73.9,99.0,331.5,366.5,101.1,136.6,256.5,122.9,167.4,bay_of_plenty,147033.0
2024-02-01,128.0,-20.6,122.4,132.9,84.0,79.0,257.3,186.4,348.5,64.2,212.8,209.6,327.1,235.7,35.4,219.8,323.1,100.7,280.7,100.8,105.0,199.8,292.0,73.9,99.0,331.5,366.5,101.1,136.6,256.5,122.9,167.4,canterbury,317185.0
2024-02-01,128.0,-20.6,122.4,132.9,84.0,79.0,257.3,186.4,348.5,64.2,212.8,209.6,327.1,235.7,35.4,219.8,323.1,100.7,280.7,100.8,105.0,199.8,292.0,73.9,99.0,331.5,366.5,101.1,136.6,256.5,122.9,167.4,gisborne,23462.0
2024-02-01,128.0,-20.6,122.4,132.9,84.0,79.0,257.3,186.4,348.5,64.2,212.8,209.6,327.1,235.7,35.4,219.8,323.1,100.7,280.7,100.8,105.0,199.8,292.0,73.9,99.0,331.5,366.5,101.1,136.6,256.5,122.9,167.4,hawke's_bay,84369.0
2024-02-01,128.0,-20.6,122.4,132.9,84.0,79.0,257.3,186.4,348.5,64.2,212.8,209.6,327.1,235.7,35.4,219.8,323.1,100.7,280.7,100.8,105.0,199.8,292.0,73.9,99.0,331.5,366.5,101.1,136.6,256.5,122.9,167.4,manawatu_whanganui,114261.0
2024-02-01,128.0,-20.6,122.4,132.9,84.0,79.0,257.3,186.4,348.5,64.2,212.8,209.6,327.1,235.7,35.4,219.8,323.1,100.7,280.7,100.8,105.0,199.8,292.0,73.9,99.0,331.5,366.5,101.1,136.6,256.5,122.9,167.4,marlborough,27930.0
2024-02-01,128.0,-20.6,122.4,132.9,84.0,79.0,257.3,186.4,348.5,64.2,212.8,209.6,327.1,235.7,35.4,219.8,323.1,100.7,280.7,100.8,105.0,199.8,292.0,73.9,99.0,331.5,366.5,101.1,136.6,256.5,122.9,167.4,nelson,21111.0
2024-02-01,128.0,-20.6,122.4,132.9,84.0,79.0,257.3,186.4,348.5,64.2,212.8,209.6,327.1,235.7,35.4,219.8,323.1,100.7,280.7,100.8,105.0,199.8,292.0,73.9,99.0,331.5,366.5,101.1,136.6,256.5,122.9,167.4,northland,75209.0
2024-02-01,128.0,-20.6,122.4,132.9,84.0,79.0,257.3,186.4,348.5,64.2,212.8,209.6,327.1,235.7,35.4,219.8,323.1,100.7,280.7,100.8,105.0,199.8,292.0,73.9,99.0,331.5,366.5,101.1,136.6,256.5,122.9,167.4,otago,119480.0
2024-02-01,128.0,-20.6,122.4,132.9,84.0,79.0,257.3,186.4,348.5,64.2,212.8,209.6,327.1,235.7,35.4,219.8,323.1,100.7,280.7,100.8,105.0,199.8,292.0,73.9,99.0,331.5,366.5,101.1,136.6,256.5,122.9,167.4,southland,50377.0
2024-02-01,128.0,-20.6,122.4,132.9,84.0,79.0,257.3,186.4,348.5,64.2,212.8,209.6,327.1,235.7,35.4,219.8,323.1,100.7,280.7,100.8,105.0,199.8,292.0,73.9,99.0,331.5,366.5,101.1,136.6,256.5,122.9,167.4,taranaki,56638.0
2024-02-01,128.0,-20.6,122.4,132.9,84.0,79.0,257.3,186.4,348.5,64.2,212.8,209.6,327.1,235.7,35.4,219.8,323.1,100.7,280.7,100.8,105.0,199.8,292.0,73.9,99.0,331.5,366.5,101.1,136.6,256.5,122.9,167.4,tasman,26311.0
2024-02-01,128.0,-20.6,122.4,132.9,84.0,79.0,257.3,186.4,348.5,64.2,212.8,209.6,327.1,235.7,35.4,219.8,323.1,100.7,280.7,100.8,105.0,199.8,292.0,73.9,99.0,331.5,366.5,101.1,136.6,256.5,122.9,167.4,waikato,230177.0
2024-02-01,128.0,-20.6,122.4,132.9,84.0,79.0,257.3,186.4,348.5,64.2,212.8,209.6,327.1,235.7,35.4,219.8,323.1,100.7,280.7,100.8,105.0,199.8,292.0,73.9,99.0,331.5,366.5,101.1,136.6,256.5,122.9,167.4,wellington,261857.0
2024-02-01,128.0,-20.6,122.4,132.9,84.0,79.0,257.3,186.4,348.5,64.2,212.8,209.6,327.1,235.7,35.4,219.8,323.1,100.7,280.7,100.8,105.0,199.8,292.0,73.9,99.0,331.5,366.5,101.1,136.6,256.5,122.9,167.4,west_coast,15345.0
2024-03-01,119.4,-35.4,114.8,121.8,77.7,73.6,239.9,176.7,326.3,63.0,193.5,210.0,299.9,212.6,32.5,205.7,297.5,92.8,260.9,95.6,102.1,174.5,272.6,68.6,91.8,291.3,333.9,96.8,129.4,221.4,112.3,154.5,auckland,818937.0
2024-03-01,119.4,-35.4,114.8,121.8,77.7,73.6,239.9,176.7,326.3,63.0,193.5,210.0,299.9,212.6,32.5,205.7,297.5,92.8,260.9,95.6,102.1,174.5,272.6,68.6,91.8,291.3,333.9,96.8,129.4,221.4,112.3,154.5,bay_of_plenty,149946.0
2024-03-01,119.4,-35.4,114.8,121.8,77.7,73.6,239.9,176.7,326.3,63.0,193.5,210.0,299.9,212.6,32.5,205.7,297.5,92.8,260.9,95.6,102.1,174.5,272.6,68.6,91.8,291.3,333.9,96.8,129.4,221.4,112.3,154.5,canterbury,318330.0
2024-03-01,119.4,-35.4,114.8,121.8,77.7,73.6,239.9,176.7,326.3,63.0,193.5,210.0,299.9,212.6,32.5,205.7,297.5,92.8,260.9,95.6,102.1,174.5,272.6,68.6,91.8,291.3,333.9,96.8,129.4,221.4,112.3,154.5,gisborne,23729.0
2024-03-01,119.4,-35.4,114.8,121.8,77.7,73.6,239.9,176.7,326.3,63.0,193.5,210.0,299.9,212.6,32.5,205.7,297.5,92.8,260.9,95.6,102.1,174.5,272.6,68.6,91.8,291.3,333.9,96.8,129.4,221.4,112.3,154.5,hawke's_bay,85874.0
2024-03-01,119.4,-35.4,114.8,121.8,77.7,73.6,239.9,176.7,326.3,63.0,193.5,210.0,299.9,212.6,32.5,205.7,297.5,92.8,260.9,95.6,102.1,174.5,272.6,68.6,91.8,291.3,333.9,96.8,129.4,221.4,112.3,154.5,manawatu_whanganui,114504.0
2024-03-01,119.4,-35.4,114.8,121.8,77.7,73.6,239.9,176.7,326.3,63.0,193.5,210.0,299.9,212.6,32.5,205.7,297.5,92.8,260.9,95.6,102.1,174.5,272.6,68.6,91.8,291.3,333.9,96.8,129.4,221.4,112.3,154.5,marlborough,28691.0
2024-03-01,119.4,-35.4,114.8,121.8,77.7,73.6,239.9,176.7,326.3,63.0,193.5,210.0,299.9,212.6,32.5,205.7,297.5,92.8,260.9,95.6,102.1,174.5,272.6,68.6,91.8,291.3,333.9,96.8,129.4,221.4,112.3,154.5,nelson,21138.0
2024-03-01,119.4,-35.4,114.8,121.8,77.7,73.6,239.9,176.7,326.3,63.0,193.5,210.0,299.9,212.6,32.5,205.7,297.5,92.8,260.9,95.6,102.1,174.5,272.6,68.6,91.8,291.3,333.9,96.8,129.4,221.4,112.3,154.5,northland,75461.0
2024-03-01,119.4,-35.4,114.8,121.8,77.7,73.6,239.9,176.7,326.3,63.0,193.5,210.0,299.9,212.6,32.5,205.7,297.5,92.8,260.9,95.6,102.1,174.5,272.6,68.6,91.8,291.3,333.9,96.8,129.4,221.4,112.3,154.5,otago,119424.0
2024-03-01,119.4,-35.4,114.8,121.8,77.7,73.6,239.9,176.7,326.3,63.0,193.5,210.0,299.9,212.6,32.5,205.7,297.5,92.8,260.9,95.6,102.1,174.5,272.6,68.6,91.8,291.3,333.9,96.8,129.4,221.4,112.3,154.5,southland,50194.0
2024-03-01,119.4,-35.4,114.8,121.8,77.7,73.6,239.9,176.7,326.3,63.0,193.5,210.0,299.9,212.6,32.5,205.7,297.5,92.8,260.9,95.6,102.1,174.5,272.6,68.6,91.8,291.3,333.9,96.8,129.4,221.4,112.3,154.5,taranaki,56457.0
2024-03-01,119.4,-35.4,114.8,121.8,77.7,73.6,239.9,176.7,326.3,63.0,193.5,210.0,299.9,212.6,32.5,205.7,297.5,92.8,260.9,95.6,102.1,174.5,272.6,68.6,91.8,291.3,333.9,96.8,129.4,221.4,112.3,154.5,tasman,26925.0
2024-03-01,119.4,-35.4,114.8,121.8,77.7,73.6,239.9,176.7,326.3,63.0,193.5,210.0,299.9,212.6,32.5,205.7,297.5,92.8,260.9,95.6,102.1,174.5,272.6,68.6,91.8,291.3,333.9,96.8,129.4,221.4,112.3,154.5,waikato,230629.0
2024-03-01,119.4,-35.4,114.8,121.8,77.7,73.6,239.9,176.7,326.3,63.0,193.5,210.0,299.9,212.6,32.5,205.7,297.5,92.8,260.9,95.6,102.1,174.5,272.6,68.6,91.8,291.3,333.9,96.8,129.4,221.4,112.3,154.5,wellington,262446.0
2024-03-01,119.4,-35.4,114.8,121.8,77.7,73.6,239.9,176.7,326.3,63.0,193.5,210.0,299.9,212.6,32.5,205.7,297.5,92.8,260.9,95.6,102.1,174.5,272.6,68.6,91.8,291.3,333.9,96.8,129.4,221.4,112.3,154.5,west_coast,15338.0
2024-04-01,107.3,-23.8,105.5,106.3,70.2,64.7,217.9,156.6,291.0,59.0,178.1,176.7,255.1,157.6,32.5,184.2,272.7,87.8,238.4,90.8,94.4,158.0,225.9,62.7,80.5,254.8,283.3,91.2,112.9,201.7,98.8,132.2,auckland,816546.0
2024-04-01,107.3,-23.8,105.5,106.3,70.2,64.7,217.9,156.6,291.0,59.0,178.1,176.7,255.1,157.6,32.5,184.2,272.7,87.8,238.4,90.8,94.4,158.0,225.9,62.7,80.5,254.8,283.3,91.2,112.9,201.7,98.8,132.2,bay_of_plenty,152413.0
2024-04-01,107.3,-23.8,105.5,106.3,70.2,64.7,217.9,156.6,291.0,59.0,178.1,176.7,255.1,157.6,32.5,184.2,272.7,87.8,238.4,90.8,94.4,158.0,225.9,62.7,80.5,254.8,283.3,91.2,112.9,201.7,98.8,132.2,canterbury,317174.0
2024-04-01,107.3,-23.8,105.5,106.3,70.2,64.7,217.9,156.6,291.0,59.0,178.1,176.7,255.1,157.6,32.5,184.2,272.7,87.8,238.4,90.8,94.4,158.0,225.9,62.7,80.5,254.8,283.3,91.2,112.9,201.7,98.8,132.2,gisborne,23294.0
2024-04-01,107.3,-23.8,105.5,106.3,70.2,64.7,217.9,156.6,291.0,59.0,178.1,176.7,255.1,157.6,32.5,184.2,272.7,87.8,238.4,90.8,94.4,158.0,225.9,62.7,80.5,254.8,283.3,91.2,112.9,201.7,98.8,132.2,hawke's_bay,85442.0
2024-04-01,107.3,-23.8,105.5,106.3,70.2,64.7,217.9,156.6,291.0,59.0,178.1,176.7,255.1,157.6,32.5,184.2,272.7,87.8,238.4,90.8,94.4,158.0,225.9,62.7,80.5,254.8,283.3,91.2,112.9,201.7,98.8,132.2,manawatu_whanganui,114019.0
2024-04-01,107.3,-23.8,105.5,106.3,70.2,64.7,217.9,156.6,291.0,59.0,178.1,176.7,255.1,157.6,32.5,184.2,272.7,87.8,238.4,90.8,94.4,158.0,225.9,62.7,80.5,254.8,283.3,91.2,112.9,201.7,98.8,132.2,marlborough,28239.0
2024-04-01,107.3,-23.8,105.5,106.3,70.2,64.7,217.9,156.6,291.0,59.0,178.1,176.7,255.1,157.6,32.5,184.2,272.7,87.8,238.4,90.8,94.4,158.0,225.9,62.7,80.5,254.8,283.3,91.2,112.9,201.7,98.8,132.2,nelson,21032.0
2024-04-01,107.3,-23.8,105.5,106.3,70.2,64.7,217.9,156.6,291.0,59.0,178.1,176.7,255.1,157.6,32.5,184.2,272.7,87.8,238.4,90.8,94.4,158.0,225.9,62.7,80.5,254.8,283.3,91.2,112.9,201.7,98.8,132.2,northland,75315.0
2024-04-01,107.3,-23.8,105.5,106.3,70.2,64.7,217.9,156.6,291.0,59.0,178.1,176.7,255.1,157.6,32.5,184.2,272.7,87.8,238.4,90.8,94.4,158.0,225.9,62.7,80.5,254.8,283.3,91.2,112.9,201.7,98.8,132.2,otago,119164.0
2024-04-01,107.3,-23.8,105.5,106.3,70.2,64.7,217.9,156.6,291.0,59.0,178.1,176.7,255.1,157.6,32.5,184.2,272.7,87.8,238.4,90.8,94.4,158.0,225.9,62.7,80.5,254.8,283.3,91.2,112.9,201.7,98.8,132.2,southland,49670.0
2024-04-01,107.3,-23.8,105.5,106.3,70.2,64.7,217.9,156.6,291.0,59.0,178.1,176.7,255.1,157.6,32.5,184.2,272.7,87.8,238.4,90.8,94.4,158.0,225.9,62.7,80.5,254.8,283.3,91.2,112.9,201.7,98.8,132.2,taranaki,56029.0
2024-04-01,107.3,-23.8,105.5,106.3,70.2,64.7,217.9,156.6,291.0,59.0,178.1,176.7,255.1,157.6,32.5,184.2,272.7,87.8,238.4,90.8,94.4,158.0,225.9,62.7,80.5,254.8,283.3,91.2,112.9,201.7,98.8,132.2,tasman,26826.0
2024-04-01,107.3,-23.8,105.5,106.3,70.2,64.7,217.9,156.6,291.0,59.0,178.1,176.7,255.1,157.6,32.5,184.2,272.7,87.8,238.4,90.8,94.4,158.0,225.9,62.7,80.5,254.8,283.3,91.2,112.9,201.7,98.8,132.2,waikato,230529.0
2024-04-01,107.3,-23.8,105.5,106.3,70.2,64.7,217.9,156.6,291.0,59.0,178.1,176.7,255.1,157.6,32.5,184.2,272.7,87.8,238.4,90.8,94.4,158.0,225.9,62.7,80.5,254.8,283.3,91.2,112.9,201.7,98.8,132.2,wellington,262278.0
2024-04-01,107.3,-23.8,105.5,106.3,70.2,64.7,217.9,156.6,291.0,59.0,178.1,176.7,255.1,157.6,32.5,184.2,272.7,87.8,238.4,90.8,94.4,158.0,225.9,62.7,80.5,254.8,283.3,91.2,112.9,201.7,98.8,132.2,west_coast,15280.0
2024-05-01,111.1,-34.6,110.8,106.6,72.8,67.9,221.7,169.7,292.7,61.4,178.8,204.2,263.2,157.1,37.0,184.0,311.0,90.4,241.4,98.9,98.8,159.4,228.8,64.1,84.6,264.6,269.3,95.4,123.0,202.5,100.4,128.0,auckland,811823.0
2024-05-01,111.1,-34.6,110.8,106.6,72.8,67.9,221.7,169.7,292.7,61.4,178.8,204.2,263.2,157.1,37.0,184.0,311.0,90.4,241.4,98.9,98.8,159.4,228.8,64.1,84.6,264.6,269.3,95.4,123.0,202.5,100.4,128.0,bay_of_plenty,150357.0
2024-05-01,111.1,-34.6,110.8,106.6,72.8,67.9,221.7,169.7,292.7,61.4,178.8,204.2,263.2,157.1,37.0,184.0,311.0,90.4,241.4,98.9,98.8,159.4,228.8,64.1,84.6,264.6,269.3,95.4,123.0,202.5,100.4,128.0,canterbury,315385.0
2024-05-01,111.1,-34.6,110.8,106.6,72.8,67.9,221.7,169.7,292.7,61.4,178.8,204.2,263.2,157.1,37.0,184.0,311.0,90.4,241.4,98.9,98.8,159.4,228.8,64.1,84.6,264.6,269.3,95.4,123.0,202.5,100.4,128.0,gisborne,23168.0
2024-05-01,111.1,-34.6,110.8,106.6,72.8,67.9,221.7,169.7,292.7,61.4,178.8,204.2,263.2,157.1,37.0,184.0,311.0,90.4,241.4,98.9,98.8,159.4,228.8,64.1,84.6,264.6,269.3,95.4,123.0,202.5,100.4,128.0,hawke's_bay,83379.0
2024-05-01,111.1,-34.6,110.8,106.6,72.8,67.9,221.7,169.7,292.7,61.4,178.8,204.2,263.2,157.1,37.0,184.0,311.0,90.4,241.4,98.9,98.8,159.4,228.8,64.1,84.6,264.6,269.3,95.4,123.0,202.5,100.4,128.0,manawatu_whanganui,113584.0
2024-05-01,111.1,-34.6,110.8,106.6,72.8,67.9,221.7,169.7,292.7,61.4,178.8,204.2,263.2,157.1,37.0,184.0,311.0,90.4,241.4,98.9,98.8,159.4,228.8,64.1,84.6,264.6,269.3,95.4,123.0,202.5,100.4,128.0,marlborough,27896.0
2024-05-01,111.1,-34.6,110.8,106.6,72.8,67.9,221.7,169.7,292.7,61.4,178.8,204.2,263.2,157.1,37.0,184.0,311.0,90.4,241.4,98.9,98.8,159.4,228.8,64.1,84.6,264.6,269.3,95.4,123.0,202.5,100.4,128.0,nelson,20854.0
2024-05-01,111.1,-34.6,110.8,106.6,72.8,67.9,221.7,169.7,292.7,61.4,178.8,204.2,263.2,157.1,37.0,184.0,311.0,90.4,241.4,98.9,98.8,159.4,228.8,64.1,84.6,264.6,269.3,95.4,123.0,202.5,100.4,128.0,northland,74641.0
2024-05-01,111.1,-34.6,110.8,106.6,72.8,67.9,221.7,169.7,292.7,61.4,178.8,204.2,263.2,157.1,37.0,184.0,311.0,90.4,241.4,98.9,98.8,159.4,228.8,64.1,84.6,264.6,269.3,95.4,123.0,202.5,100.4,128.0,otago,117812.0
2024-05-01,111.1,-34.6,110.8,106.6,72.8,67.9,221.7,169.7,292.7,61.4,178.8,204.2,263.2,157.1,37.0,184.0,311.0,90.4,241.4,98.9,98.8,159.4,228.8,64.1,84.6,264.6,269.3,95.4,123.0,202.5,100.4,128.0,southland,48967.0
2024-05-01,111.1,-34.6,110.8,106.6,72.8,67.9,221.7,169.7,292.7,61.4,178.8,204.2,263.2,157.1,37.0,184.0,311.0,90.4,241.4,98.9,98.8,159.4,228.8,64.1,84.6,264.6,269.3,95.4,123.0,202.5,100.4,128.0,taranaki,55483.0
2024-05-01,111.1,-34.6,110.8,106.6,72.8,67.9,221.7,169.7,292.7,61.4,178.8,204.2,263.2,157.1,37.0,184.0,311.0,90.4,241.4,98.9,98.8,159.4,228.8,64.1,84.6,264.6,269.3,95.4,123.0,202.5,100.4,128.0,tasman,26220.0
2024-05-01,111.1,-34.6,110.8,106.6,72.8,67.9,221.7,169.7,292.7,61.4,178.8,204.2,263.2,157.1,37.0,184.0,311.0,90.4,241.4,98.9,98.8,159.4,228.8,64.1,84.6,264.6,269.3,95.4,123.0,202.5,100.4,128.0,waikato,229193.0
2024-05-01,111.1,-34.6,110.8,106.6,72.8,67.9,221.7,169.7,292.7,61.4,178.8,204.2,263.2,157.1,37.0,184.0,311.0,90.4,241.4,98.9,98.8,159.4,228.8,64.1,84.6,264.6,269.3,95.4,123.0,202.5,100.4,128.0,wellington,260820.0
2024-05-01,111.1,-34.6,110.8,106.6,72.8,67.9,221.7,169.7,292.7,61.4,178.8,204.2,263.2,157.1,37.0,184.0,311.0,90.4,241.4,98.9,98.8,159.4,228.8,64.1,84.6,264.6,269.3,95.4,123.0,202.5,100.4,128.0,west_coast,15075.0
2024-06-01,87.8,-41.2,85.5,88.1,58.6,53.1,167.6,139.5,243.7,46.5,152.7,167.4,170.7,137.7,28.6,157.0,257.5,69.3,196.2,74.3,73.3,137.7,196.1,49.5,65.3,220.5,233.8,70.9,92.8,184.9,81.7,110.1,auckland,806862.0
2024-06-01,87.8,-41.2,85.5,88.1,58.6,53.1,167.6,139.5,243.7,46.5,152.7,167.4,170.7,137.7,28.6,157.0,257.5,69.3,196.2,74.3,73.3,137.7,196.1,49.5,65.3,220.5,233.8,70.9,92.8,184.9,81.7,110.1,bay_of_plenty,147447.0
2024-06-01,87.8,-41.2,85.5,88.1,58.6,53.1,167.6,139.5,243.7,46.5,152.7,167.4,170.7,137.7,28.6,157.0,257.5,69.3,196.2,74.3,73.3,137.7,196.1,49.5,65.3,220.5,233.8,70.9,92.8,184.9,81.7,110.1,canterbury,314317.0
2024-06-01,87.8,-41.2,85.5,88.1,58.6,53.1,167.6,139.5,243.7,46.5,152.7,167.4,170.7,137.7,28.6,157.0,257.5,69.3,196.2,74.3,73.3,137.7,196.1,49.5,65.3,220.5,233.8,70.9,92.8,184.9,81.7,110.1,gisborne,23024.0
2024-06-01,87.8,-41.2,85.5,88.1,58.6,53.1,167.6,139.5,243.7,46.5,152.7,167.4,170.7,137.7,28.6,157.0,257.5,69.3,196.2,74.3,73.3,137.7,196.1,49.5,65.3,220.5,233.8,70.9,92.8,184.9,81.7,110.1,hawke's_bay,81890.0
2024-06-01,87.8,-41.2,85.5,88.1,58.6,53.1,167.6,139.5,243.7,46.5,152.7,167.4,170.7,137.7,28.6,157.0,257.5,69.3,196.2,74.3,73.3,137.7,196.1,49.5,65.3,220.5,233.8,70.9,92.8,184.9,81.7,110.1,manawatu_whanganui,113447.0
2024-06-01,87.8,-41.2,85.5,88.1,58.6,53.1,167.6,139.5,243.7,46.5,152.7,167.4,170.7,137.7,28.6,157.0,257.5,69.3,196.2,74.3,73.3,137.7,196.1,49.5,65.3,220.5,233.8,70.9,92.8,184.9,81.7,110.1,marlborough,27966.0
2024-06-01,87.8,-41.2,85.5,88.1,58.6,53.1,167.6,139.5,243.7,46.5,152.7,167.4,170.7,137.7,28.6,157.0,257.5,69.3,196.2,74.3,73.3,137.7,196.1,49.5,65.3,220.5,233.8,70.9,92.8,184.9,81.7,110.1,nelson,20674.0
2024-06-01,87.8,-41.2,85.5,88.1,58.6,53.1,167.6,139.5,243.7,46.5,152.7,167.4,170.7,137.7,28.6,157.0,257.5,69.3,196.2,74.3,73.3,137.7,196.1,49.5,65.3,220.5,233.8,70.9,92.8,184.9,81.7,110.1,northland,74145.0
2024-06-01,87.8,-41.2,85.5,88.1,58.6,53.1,167.6,139.5,243.7,46.5,152.7,167.4,170.7,137.7,28.6,157.0,257.5,69.3,196.2,74.3,73.3,137.7,196.1,49.5,65.3,220.5,233.8,70.9,92.8,184.9,81.7,110.1,otago,118146.0
2024-06-01,87.8,-41.2,85.5,88.1,58.6,53.1,167.6,139.5,243.7,46.5,152.7,167.4,170.7,137.7,28.6,157.0,257.5,69.3,196.2,74.3,73.3,137.7,196.1,49.5,65.3,220.5,233.8,70.9,92.8,184.9,81.7,110.1,southland,48403.0
2024-06-01,87.8,-41.2,85.5,88.1,58.6,53.1,167.6,139.5,243.7,46.5,152.7,167.4,170.7,137.7,28.6,157.0,257.5,69.3,196.2,74.3,73.3,137.7,196.1,49.5,65.3,220.5,233.8,70.9,92.8,184.9,81.7,110.1,taranaki,55502.0
2024-06-01,87.8,-41.2,85.5,88.1,58.6,53.1,167.6,139.5,243.7,46.5,152.7,167.4,170.7,137.7,28.6,157.0,257.5,69.3,196.2,74.3,73.3,137.7,196.1,49.5,65.3,220.5,233.8,70.9,92.8,184.9,81.7,110.1,tasman,25752.0
2024-06-01,87.8,-41.2,85.5,88.1,58.6,53.1,167.6,139.5,243.7,46.5,152.7,167.4,170.7,137.7,28.6,157.0,257.5,69.3,196.2,74.3,73.3,137.7,196.1,49.5,65.3,220.5,233.8,70.9,92.8,184.9,81.7,110.1,waikato,227592.0
2024-06-01,87.8,-41.2,85.5,88.1,58.6,53.1,167.6,139.5,243.7,46.5,152.7,167.4,170.7,137.7,28.6,157.0,257.5,69.3,196.2,74.3,73.3,137.7,196.1,49.5,65.3,220.5,233.8,70.9,92.8,184.9,81.7,110.1,wellington,259596.0
2024-06-01,87.8,-41.2,85.5,88.1,58.6,53.1,167.6,139.5,243.7,46.5,152.7,167.4,170.7,137.7,28.6,157.0,257.5,69.3,196.2,74.3,73.3,137.7,196.1,49.5,65.3,220.5,233.8,70.9,92.8,184.9,81.7,110.1,west_coast,14879.0
2024-07-01,103.5,-26.6,103.0,99.5,67.1,63.7,204.5,162.9,289.5,54.6,166.4,162.5,253.1,162.9,33.7,177.8,334.8,82.9,233.3,90.7,91.1,153.3,225.4,57.9,75.3,252.9,252.6,88.9,111.1,196.0,94.0,118.4,auckland,801306.0
2024-07-01,103.5,-26.6,103.0,99.5,67.1,63.7,204.5,162.9,289.5,54.6,166.4,162.5,253.1,162.9,33.7,177.8,334.8,82.9,233.3,90.7,91.1,153.3,225.4,57.9,75.3,252.9,252.6,88.9,111.1,196.0,94.0,118.4,bay_of_plenty,145889.0
2024-07-01,103.5,-26.6,103.0,99.5,67.1,63.7,204.5,162.9,289.5,54.6,166.4,162.5,253.1,162.9,33.7,177.8,334.8,82.9,233.3,90.7,91.1,153.3,225.4,57.9,75.3,252.9,252.6,88.9,111.1,196.0,94.0,118.4,canterbury,312340.0
2024-07-01,103.5,-26.6,103.0,99.5,67.1,63.7,204.5,162.9,289.5,54.6,166.4,162.5,253.1,162.9,33.7,177.8,334.8,82.9,233.3,90.7,91.1,153.3,225.4,57.9,75.3,252.9,252.6,88.9,111.1,196.0,94.0,118.4,gisborne,22789.0
2024-07-01,103.5,-26.6,103.0,99.5,67.1,63.7,204.5,162.9,289.5,54.6,166.4,162.5,253.1,162.9,33.7,177.8,334.8,82.9,233.3,90.7,91.1,153.3,225.4,57.9,75.3,252.9,252.6,88.9,111.1,196.0,94.0,118.4,hawke's_bay,80921.0
2024-07-01,103.5,-26.6,103.0,99.5,67.1,63.7,204.5,162.9,289.5,54.6,166.4,162.5,253.1,162.9,33.7,177.8,334.8,82.9,233.3,90.7,91.1,153.3,225.4,57.9,75.3,252.9,252.6,88.9,111.1,196.0,94.0,118.4,manawatu_whanganui,113373.0
2024-07-01,103.5,-26.6,103.0,99.5,67.1,63.7,204.5,162.9,289.5,54.6,166.4,162.5,253.1,162.9,33.7,177.8,334.8,82.9,233.3,90.7,91.1,153.3,225.4,57.9,75.3,252.9,252.6,88.9,111.1,196.0,94.0,118.4,marlborough,27825.0
2024-07-01,103.5,-26.6,103.0,99.5,67.1,63.7,204.5,162.9,289.5,54.6,166.4,162.5,253.1,162.9,33.7,177.8,334.8,82.9,233.3,90.7,91.1,153.3,225.4,57.9,75.3,252.9,252.6,88.9,111.1,196.0,94.0,118.4,nelson,20410.0
2024-07-01,103.5,-26.6,103.0,99.5,67.1,63.7,204.5,162.9,289.5,54.6,166.4,162.5,253.1,162.9,33.7,177.8,334.8,82.9,233.3,90.7,91.1,153.3,225.4,57.9,75.3,252.9,252.6,88.9,111.1,196.0,94.0,118.4,northland,73764.0
2024-07-01,103.5,-26.6,103.0,99.5,67.1,63.7,204.5,162.9,289.5,54.6,166.4,162.5,253.1,162.9,33.7,177.8,334.8,82.9,233.3,90.7,91.1,153.3,225.4,57.9,75.3,252.9,252.6,88.9,111.1,196.0,94.0,118.4,otago,117494.0
2024-07-01,103.5,-26.6,103.0,99.5,67.1,63.7,204.5,162.9,289.5,54.6,166.4,162.5,253.1,162.9,33.7,177.8,334.8,82.9,233.3,90.7,91.1,153.3,225.4,57.9,75.3,252.9,252.6,88.9,111.1,196.0,94.0,118.4,southland,48088.0
2024-07-01,103.5,-26.6,103.0,99.5,67.1,63.7,204.5,162.9,289.5,54.6,166.4,162.5,253.1,162.9,33.7,177.8,334.8,82.9,233.3,90.7,91.1,153.3,225.4,57.9,75.3,252.9,252.6,88.9,111.1,196.0,94.0,118.4,taranaki,55105.0
2024-07-01,103.5,-26.6,103.0,99.5,67.1,63.7,204.5,162.9,289.5,54.6,166.4,162.5,253.1,162.9,33.7,177.8,334.8,82.9,233.3,90.7,91.1,153.3,225.4,57.9,75.3,252.9,252.6,88.9,111.1,196.0,94.0,118.4,tasman,25427.0
2024-07-01,103.5,-26.6,103.0,99.5,67.1,63.7,204.5,162.9,289.5,54.6,166.4,162.5,253.1,162.9,33.7,177.8,334.8,82.9,233.3,90.7,91.1,153.3,225.4,57.9,75.3,252.9,252.6,88.9,111.1,196.0,94.0,118.4,waikato,226583.0
2024-07-01,103.5,-26.6,103.0,99.5,67.1,63.7,204.5,162.9,289.5,54.6,166.4,162.5,253.1,162.9,33.7,177.8,334.8,82.9,233.3,90.7,91.1,153.3,225.4,57.9,75.3,252.9,252.6,88.9,111.1,196.0,94.0,118.4,wellington,257423.0
2024-07-01,103.5,-26.6,103.0,99.5,67.1,63.7,204.5,162.9,289.5,54.6,166.4,162.5,253.1,162.9,33.7,177.8,334.8,82.9,233.3,90.7,91.1,153.3,225.4,57.9,75.3,252.9,252.6,88.9,111.1,196.0,94.0,118.4,west_coast,14775.0
2024-08-01,99.8,-36.9,99.8,95.6,64.2,60.9,198.0,154.0,291.3,49.6,164.1,215.0,225.5,177.0,30.9,159.8,310.3,79.2,220.7,85.4,90.2,150.8,212.5,52.5,76.6,235.2,247.7,82.9,116.0,192.6,87.0,125.4,auckland,800680.0
2024-08-01,99.8,-36.9,99.8,95.6,64.2,60.9,198.0,154.0,291.3,49.6,164.1,215.0,225.5,177.0,30.9,159.8,310.3,79.2,220.7,85.4,90.2,150.8,212.5,52.5,76.6,235.2,247.7,82.9,116.0,192.6,87.0,125.4,bay_of_plenty,145939.0
2024-08-01,99.8,-36.9,99.8,95.6,64.2,60.9,198.0,154.0,291.3,49.6,164.1,215.0,225.5,177.0,30.9,159.8,310.3,79.2,220.7,85.4,90.2,150.8,212.5,52.5,76.6,235.2,247.7,82.9,116.0,192.6,87.0,125.4,canterbury,312922.0
2024-08-01,99.8,-36.9,99.8,95.6,64.2,60.9,198.0,154.0,291.3,49.6,164.1,215.0,225.5,177.0,30.9,159.8,310.3,79.2,220.7,85.4,90.2,150.8,212.5,52.5,76.6,235.2,247.7,82.9,116.0,192.6,87.0,125.4,gisborne,22609.0
2024-08-01,99.8,-36.9,99.8,95.6,64.2,60.9,198.0,154.0,291.3,49.6,164.1,215.0,225.5,177.0,30.9,159.8,310.3,79.2,220.7,85.4,90.2,150.8,212.5,52.5,76.6,235.2,247.7,82.9,116.0,192.6,87.0,125.4,hawke's_bay,79521.0
2024-08-01,99.8,-36.9,99.8,95.6,64.2,60.9,198.0,154.0,291.3,49.6,164.1,215.0,225.5,177.0,30.9,159.8,310.3,79.2,220.7,85.4,90.2,150.8,212.5,52.5,76.6,235.2,247.7,82.9,116.0,192.6,87.0,125.4,manawatu_whanganui,112655.0
2024-08-01,99.8,-36.9,99.8,95.6,64.2,60.9,198.0,154.0,291.3,49.6,164.1,215.0,225.5,177.0,30.9,159.8,310.3,79.2,220.7,85.4,90.2,150.8,212.5,52.5,76.6,235.2,247.7,82.9,116.0,192.6,87.0,125.4,marlborough,27682.0
2024-08-01,99.8,-36.9,99.8,95.6,64.2,60.9,198.0,154.0,291.3,49.6,164.1,215.0,225.5,177.0,30.9,159.8,310.3,79.2,220.7,85.4,90.2,150.8,212.5,52.5,76.6,235.2,247.7,82.9,116.0,192.6,87.0,125.4,nelson,20340.0
2024-08-01,99.8,-36.9,99.8,95.6,64.2,60.9,198.0,154.0,291.3,49.6,164.1,215.0,225.5,177.0,30.9,159.8,310.3,79.2,220.7,85.4,90.2,150.8,212.5,52.5,76.6,235.2,247.7,82.9,116.0,192.6,87.0,125.4,northland,73446.0
2024-08-01,99.8,-36.9,99.8,95.6,64.2,60.9,198.0,154.0,291.3,49.6,164.1,215.0,225.5,177.0,30.9,159.8,310.3,79.2,220.7,85.4,90.2,150.8,212.5,52.5,76.6,235.2,247.7,82.9,116.0,192.6,87.0,125.4,otago,116884.0
2024-08-01,99.8,-36.9,99.8,95.6,64.2,60.9,198.0,154.0,291.3,49.6,164.1,215.0,225.5,177.0,30.9,159.8,310.3,79.2,220.7,85.4,90.2,150.8,212.5,52.5,76.6,235.2,247.7,82.9,116.0,192.6,87.0,125.4,southland,48046.0
2024-08-01,99.8,-36.9,99.8,95.6,64.2,60.9,198.0,154.0,291.3,49.6,164.1,215.0,225.5,177.0,30.9,159.8,310.3,79.2,220.7,85.4,90.2,150.8,212.5,52.5,76.6,235.2,247.7,82.9,116.0,192.6,87.0,125.4,taranaki,55016.0
2024-08-01,99.8,-36.9,99.8,95.6,64.2,60.9,198.0,154.0,291.3,49.6,164.1,215.0,225.5,177.0,30.9,159.8,310.3,79.2,220.7,85.4,90.2,150.8,212.5,52.5,76.6,235.2,247.7,82.9,116.0,192.6,87.0,125.4,tasman,25272.0
2024-08-01,99.8,-36.9,99.8,95.6,64.2,60.9,198.0,154.0,291.3,49.6,164.1,215.0,225.5,177.0,30.9,159.8,310.3,79.2,220.7,85.4,90.2,150.8,212.5,52.5,76.6,235.2,247.7,82.9,116.0,192.6,87.0,125.4,waikato,226784.0
2024-08-01,99.8,-36.9,99.8,95.6,64.2,60.9,198.0,154.0,291.3,49.6,164.1,215.0,225.5,177.0,30.9,159.8,310.3,79.2,220.7,85.4,90.2,150.8,212.5,52.5,76.6,235.2,247.7,82.9,116.0,192.6,87.0,125.4,wellington,257709.0
2024-08-01,99.8,-36.9,99.8,95.6,64.2,60.9,198.0,154.0,291.3,49.6,164.1,215.0,225.5,177.0,30.9,159.8,310.3,79.2,220.7,85.4,90.2,150.8,212.5,52.5,76.6,235.2,247.7,82.9,116.0,192.6,87.0,125.4,west_coast,14897.0
2024-09-01,100.4,-30.2,101.7,94.0,62.7,59.0,202.8,164.9,295.3,47.9,156.4,328.9,209.2,186.3,30.0,153.6,278.4,76.4,222.1,81.1,96.9,149.6,211.9,49.2,74.4,229.5,258.0,78.1,139.9,187.3,84.8,125.9,auckland,799644.0
2024-09-01,100.4,-30.2,101.7,94.0,62.7,59.0,202.8,164.9,295.3,47.9,156.4,328.9,209.2,186.3,30.0,153.6,278.4,76.4,222.1,81.1,96.9,149.6,211.9,49.2,74.4,229.5,258.0,78.1,139.9,187.3,84.8,125.9,bay_of_plenty,145482.0
2024-09-01,100.4,-30.2,101.7,94.0,62.7,59.0,202.8,164.9,295.3,47.9,156.4,328.9,209.2,186.3,30.0,153.6,278.4,76.4,222.1,81.1,96.9,149.6,211.9,49.2,74.4,229.5,258.0,78.1,139.9,187.3,84.8,125.9,canterbury,314361.0
2024-09-01,100.4,-30.2,101.7,94.0,62.7,59.0,202.8,164.9,295.3,47.9,156.4,328.9,209.2,186.3,30.0,153.6,278.4,76.4,222.1,81.1,96.9,149.6,211.9,49.2,74.4,229.5,258.0,78.1,139.9,187.3,84.8,125.9,gisborne,22418.0
2024-09-01,100.4,-30.2,101.7,94.0,62.7,59.0,202.8,164.9,295.3,47.9,156.4,328.9,209.2,186.3,30.0,153.6,278.4,76.4,222.1,81.1,96.9,149.6,211.9,49.2,74.4,229.5,258.0,78.1,139.9,187.3,84.8,125.9,hawke's_bay,79005.0
2024-09-01,100.4,-30.2,101.7,94.0,62.7,59.0,202.8,164.9,295.3,47.9,156.4,328.9,209.2,186.3,30.0,153.6,278.4,76.4,222.1,81.1,96.9,149.6,211.9,49.2,74.4,229.5,258.0,78.1,139.9,187.3,84.8,125.9,manawatu_whanganui,112368.0
2024-09-01,100.4,-30.2,101.7,94.0,62.7,59.0,202.8,164.9,295.3,47.9,156.4,328.9,209.2,186.3,30.0,153.6,278.4,76.4,222.1,81.1,96.9,149.6,211.9,49.2,74.4,229.5,258.0,78.1,139.9,187.3,84.8,125.9,marlborough,27263.0
2024-09-01,100.4,-30.2,101.7,94.0,62.7,59.0,202.8,164.9,295.3,47.9,156.4,328.9,209.2,186.3,30.0,153.6,278.4,76.4,222.1,81.1,96.9,149.6,211.9,49.2,74.4,229.5,258.0,78.1,139.9,187.3,84.8,125.9,nelson,20394.0
2024-09-01,100.4,-30.2,101.7,94.0,62.7,59.0,202.8,164.9,295.3,47.9,156.4,328.9,209.2,186.3,30.0,153.6,278.4,76.4,222.1,81.1,96.9,149.6,211.9,49.2,74.4,229.5,258.0,78.1,139.9,187.3,84.8,125.9,northland,73548.0
2024-09-01,100.4,-30.2,101.7,94.0,62.7,59.0,202.8,164.9,295.3,47.9,156.4,328.9,209.2,186.3,30.0,153.6,278.4,76.4,222.1,81.1,96.9,149.6,211.9,49.2,74.4,229.5,258.0,78.1,139.9,187.3,84.8,125.9,otago,117124.0
2024-09-01,100.4,-30.2,101.7,94.0,62.7,59.0,202.8,164.9,295.3,47.9,156.4,328.9,209.2,186.3,30.0,153.6,278.4,76.4,222.1,81.1,96.9,149.6,211.9,49.2,74.4,229.5,258.0,78.1,139.9,187.3,84.8,125.9,southland,48220.0
2024-09-01,100.4,-30.2,101.7,94.0,62.7,59.0,202.8,164.9,295.3,47.9,156.4,328.9,209.2,186.3,30.0,153.6,278.4,76.4,222.1,81.1,96.9,149.6,211.9,49.2,74.4,229.5,258.0,78.1,139.9,187.3,84.8,125.9,taranaki,55049.0
2024-09-01,100.4,-30.2,101.7,94.0,62.7,59.0,202.8,164.9,295.3,47.9,156.4,328.9,209.2,186.3,30.0,153.6,278.4,76.4,222.1,81.1,96.9,149.6,211.9,49.2,74.4,229.5,258.0,78.1,139.9,187.3,84.8,125.9,tasman,25091.0
2024-09-01,100.4,-30.2,101.7,94.0,62.7,59.0,202.8,164.9,295.3,47.9,156.4,328.9,209.2,186.3,30.0,153.6,278.4,76.4,222.1,81.1,96.9,149.6,211.9,49.2,74.4,229.5,258.0,78.1,139.9,187.3,84.8,125.9,waikato,226672.0
2024-09-01,100.4,-30.2,101.7,94.0,62.7,59.0,202.8,164.9,295.3,47.9,156.4,328.9,209.2,186.3,30.0,153.6,278.4,76.4,222.1,81.1,96.9,149.6,211.9,49.2,74.4,229.5,258.0,78.1,139.9,187.3,84.8,125.9,wellington,257063.0
2024-09-01,100.4,-30.2,101.7,94.0,62.7,59.0,202.8,164.9,295.3,47.9,156.4,328.9,209.2,186.3,30.0,153.6,278.4,76.4,222.1,81.1,96.9,149.6,211.9,49.2,74.4,229.5,258.0,78.1,139.9,187.3,84.8,125.9,west_coast,14947.0
2024-10-01,99.6,-29.6,100.0,95.6,61.1,61.0,202.9,161.2,296.9,47.5,158.8,266.8,209.9,198.9,30.4,167.2,259.2,74.1,228.9,82.5,92.6,150.3,217.5,51.2,70.2,246.1,257.6,78.9,130.2,187.4,88.0,121.8,auckland,801528.0
2024-10-01,99.6,-29.6,100.0,95.6,61.1,61.0,202.9,161.2,296.9,47.5,158.8,266.8,209.9,198.9,30.4,167.2,259.2,74.1,228.9,82.5,92.6,150.3,217.5,51.2,70.2,246.1,257.6,78.9,130.2,187.4,88.0,121.8,bay_of_plenty,146058.0
2024-10-01,99.6,-29.6,100.0,95.6,61.1,61.0,202.9,161.2,296.9,47.5,158.8,266.8,209.9,198.9,30.4,167.2,259.2,74.1,228.9,82.5,92.6,150.3,217.5,51.2,70.2,246.1,257.6,78.9,130.2,187.4,88.0,121.8,canterbury,315709.0
2024-10-01,99.6,-29.6,100.0,95.6,61.1,61.0,202.9,161.2,296.9,47.5,158.8,266.8,209.9,198.9,30.4,167.2,259.2,74.1,228.9,82.5,92.6,150.3,217.5,51.2,70.2,246.1,257.6,78.9,130.2,187.4,88.0,121.8,gisborne,22692.0
2024-10-01,99.6,-29.6,100.0,95.6,61.1,61.0,202.9,161.2,296.9,47.5,158.8,266.8,209.9,198.9,30.4,167.2,259.2,74.1,228.9,82.5,92.6,150.3,217.5,51.2,70.2,246.1,257.6,78.9,130.2,187.4,88.0,121.8,hawke's_bay,79184.0
2024-10-01,99.6,-29.6,100.0,95.6,61.1,61.0,202.9,161.2,296.9,47.5,158.8,266.8,209.9,198.9,30.4,167.2,259.2,74.1,228.9,82.5,92.6,150.3,217.5,51.2,70.2,246.1,257.6,78.9,130.2,187.4,88.0,121.8,manawatu_whanganui,113119.0
2024-10-01,99.6,-29.6,100.0,95.6,61.1,61.0,202.9,161.2,296.9,47.5,158.8,266.8,209.9,198.9,30.4,167.2,259.2,74.1,228.9,82.5,92.6,150.3,217.5,51.2,70.2,246.1,257.6,78.9,130.2,187.4,88.0,121.8,marlborough,26915.0
2024-10-01,99.6,-29.6,100.0,95.6,61.1,61.0,202.9,161.2,296.9,47.5,158.8,266.8,209.9,198.9,30.4,167.2,259.2,74.1,228.9,82.5,92.6,150.3,217.5,51.2,70.2,246.1,257.6,78.9,130.2,187.4,88.0,121.8,nelson,20475.0
2024-10-01,99.6,-29.6,100.0,95.6,61.1,61.0,202.9,161.2,296.9,47.5,158.8,266.8,209.9,198.9,30.4,167.2,259.2,74.1,228.9,82.5,92.6,150.3,217.5,51.2,70.2,246.1,257.6,78.9,130.2,187.4,88.0,121.8,northland,73876.0
2024-10-01,99.6,-29.6,100.0,95.6,61.1,61.0,202.9,161.2,296.9,47.5,158.8,266.8,209.9,198.9,30.4,167.2,259.2,74.1,228.9,82.5,92.6,150.3,217.5,51.2,70.2,246.1,257.6,78.9,130.2,187.4,88.0,121.8,otago,118024.0
2024-10-01,99.6,-29.6,100.0,95.6,61.1,61.0,202.9,161.2,296.9,47.5,158.8,266.8,209.9,198.9,30.4,167.2,259.2,74.1,228.9,82.5,92.6,150.3,217.5,51.2,70.2,246.1,257.6,78.9,130.2,187.4,88.0,121.8,southland,48520.0
2024-10-01,99.6,-29.6,100.0,95.6,61.1,61.0,202.9,161.2,296.9,47.5,158.8,266.8,209.9,198.9,30.4,167.2,259.2,74.1,228.9,82.5,92.6,150.3,217.5,51.2,70.2,246.1,257.6,78.9,130.2,187.4,88.0,121.8,taranaki,54849.0
2024-10-01,99.6,-29.6,100.0,95.6,61.1,61.0,202.9,161.2,296.9,47.5,158.8,266.8,209.9,198.9,30.4,167.2,259.2,74.1,228.9,82.5,92.6,150.3,217.5,51.2,70.2,246.1,257.6,78.9,130.2,187.4,88.0,121.8,tasman,25104.0
2024-10-01,99.6,-29.6,100.0,95.6,61.1,61.0,202.9,161.2,296.9,47.5,158.8,266.8,209.9,198.9,30.4,167.2,259.2,74.1,228.9,82.5,92.6,150.3,217.5,51.2,70.2,246.1,257.6,78.9,130.2,187.4,88.0,121.8,waikato,227925.0
2024-10-01,99.6,-29.6,100.0,95.6,61.1,61.0,202.9,161.2,296.9,47.5,158.8,266.8,209.9,198.9,30.4,167.2,259.2,74.1,228.9,82.5,92.6,150.3,217.5,51.2,70.2,246.1,257.6,78.9,130.2,187.4,88.0,121.8,wellington,257197.0
2024-10-01,99.6,-29.6,100.0,95.6,61.1,61.0,202.9,161.2,296.9,47.5,158.8,266.8,209.9,198.9,30.4,167.2,259.2,74.1,228.9,82.5,92.6,150.3,217.5,51.2,70.2,246.1,257.6,78.9,130.2,187.4,88.0,121.8,west_coast,15088.0
2024-11-01,91.9,-27.5,92.9,85.9,57.0,56.6,179.9,148.8,282.4,42.4,144.7,287.5,199.0,176.7,26.6,154.9,257.5,62.6,215.2,76.8,87.5,135.5,200.5,46.4,58.2,230.2,234.8,73.1,125.1,164.8,80.2,105.7,auckland,809629.0
2024-11-01,91.9,-27.5,92.9,85.9,57.0,56.6,179.9,148.8,282.4,42.4,144.7,287.5,199.0,176.7,26.6,154.9,257.5,62.6,215.2,76.8,87.5,135.5,200.5,46.4,58.2,230.2,234.8,73.1,125.1,164.8,80.2,105.7,bay_of_plenty,147564.0
2024-11-01,91.9,-27.5,92.9,85.9,57.0,56.6,179.9,148.8,282.4,42.4,144.7,287.5,199.0,176.7,26.6,154.9,257.5,62.6,215.2,76.8,87.5,135.5,200.5,46.4,58.2,230.2,234.8,73.1,125.1,164.8,80.2,105.7,canterbury,319638.0
2024-11-01,91.9,-27.5,92.9,85.9,57.0,56.6,179.9,148.8,282.4,42.4,144.7,287.5,199.0,176.7,26.6,154.9,257.5,62.6,215.2,76.8,87.5,135.5,200.5,46.4,58.2,230.2,234.8,73.1,125.1,164.8,80.2,105.7,gisborne,23086.0
2024-11-01,91.9,-27.5,92.9,85.9,57.0,56.6,179.9,148.8,282.4,42.4,144.7,287.5,199.0,176.7,26.6,154.9,257.5,62.6,215.2,76.8,87.5,135.5,200.5,46.4,58.2,230.2,234.8,73.1,125.1,164.8,80.2,105.7,hawke's_bay,81630.0
2024-11-01,91.9,-27.5,92.9,85.9,57.0,56.6,179.9,148.8,282.4,42.4,144.7,287.5,199.0,176.7,26.6,154.9,257.5,62.6,215.2,76.8,87.5,135.5,200.5,46.4,58.2,230.2,234.8,73.1,125.1,164.8,80.2,105.7,manawatu_whanganui,113900.0
2024-11-01,91.9,-27.5,92.9,85.9,57.0,56.6,179.9,148.8,282.4,42.4,144.7,287.5,199.0,176.7,26.6,154.9,257.5,62.6,215.2,76.8,87.5,135.5,200.5,46.4,58.2,230.2,234.8,73.1,125.1,164.8,80.2,105.7,marlborough,27927.0
2024-11-01,91.9,-27.5,92.9,85.9,57.0,56.6,179.9,148.8,282.4,42.4,144.7,287.5,199.0,176.7,26.6,154.9,257.5,62.6,215.2,76.8,87.5,135.5,200.5,46.4,58.2,230.2,234.8,73.1,125.1,164.8,80.2,105.7,nelson,20730.0
2024-11-01,91.9,-27.5,92.9,85.9,57.0,56.6,179.9,148.8,282.4,42.4,144.7,287.5,199.0,176.7,26.6,154.9,257.5,62.6,215.2,76.8,87.5,135.5,200.5,46.4,58.2,230.2,234.8,73.1,125.1,164.8,80.2,105.7,northland,75045.0
2024-11-01,91.9,-27.5,92.9,85.9,57.0,56.6,179.9,148.8,282.4,42.4,144.7,287.5,199.0,176.7,26.6,154.9,257.5,62.6,215.2,76.8,87.5,135.5,200.5,46.4,58.2,230.2,234.8,73.1,125.1,164.8,80.2,105.7,otago,119851.0
2024-11-01,91.9,-27.5,92.9,85.9,57.0,56.6,179.9,148.8,282.4,42.4,144.7,287.5,199.0,176.7,26.6,154.9,257.5,62.6,215.2,76.8,87.5,135.5,200.5,46.4,58.2,230.2,234.8,73.1,125.1,164.8,80.2,105.7,southland,49477.0
2024-11-01,91.9,-27.5,92.9,85.9,57.0,56.6,179.9,148.8,282.4,42.4,144.7,287.5,199.0,176.7,26.6,154.9,257.5,62.6,215.2,76.8,87.5,135.5,200.5,46.4,58.2,230.2,234.8,73.1,125.1,164.8,80.2,105.7,taranaki,55928.0
2024-11-01,91.9,-27.5,92.9,85.9,57.0,56.6,179.9,148.8,282.4,42.4,144.7,287.5,199.0,176.7,26.6,154.9,257.5,62.6,215.2,76.8,87.5,135.5,200.5,46.4,58.2,230.2,234.8,73.1,125.1,164.8,80.2,105.7,tasman,25836.0
2024-11-01,91.9,-27.5,92.9,85.9,57.0,56.6,179.9,148.8,282.4,42.4,144.7,287.5,199.0,176.7,26.6,154.9,257.5,62.6,215.2,76.8,87.5,135.5,200.5,46.4,58.2,230.2,234.8,73.1,125.1,164.8,80.2,105.7,waikato,229818.0
2024-11-01,91.9,-27.5,92.9,85.9,57.0,56.6,179.9,148.8,282.4,42.4,144.7,287.5,199.0,176.7,26.6,154.9,257.5,62.6,215.2,76.8,87.5,135.5,200.5,46.4,58.2,230.2,234.8,73.1,125.1,164.8,80.2,105.7,wellington,259260.0
2024-11-01,91.9,-27.5,92.9,85.9,57.0,56.6,179.9,148.8,282.4,42.4,144.7,287.5,199.0,176.7,26.6,154.9,257.5,62.6,215.2,76.8,87.5,135.5,200.5,46.4,58.2,230.2,234.8,73.1,125.1,164.8,80.2,105.7,west_coast,15352.0
2024-12-01,64.1,-22.8,65.3,59.7,36.7,37.2,135.6,100.7,218.7,29.7,111.7,148.0,153.3,123.0,18.8,113.5,162.8,42.5,136.6,55.8,57.6,107.5,140.3,32.9,38.3,165.5,155.8,52.9,78.8,129.1,57.4,67.9,auckland,807682.0
2024-12-01,64.1,-22.8,65.3,59.7,36.7,37.2,135.6,100.7,218.7,29.7,111.7,148.0,153.3,123.0,18.8,113.5,162.8,42.5,136.6,55.8,57.6,107.5,140.3,32.9,38.3,165.5,155.8,52.9,78.8,129.1,57.4,67.9,bay_of_plenty,147588.0
2024-12-01,64.1,-22.8,65.3,59.7,36.7,37.2,135.6,100.7,218.7,29.7,111.7,148.0,153.3,123.0,18.8,113.5,162.8,42.5,136.6,55.8,57.6,107.5,140.3,32.9,38.3,165.5,155.8,52.9,78.8,129.1,57.4,67.9,canterbury,319662.0
2024-12-01,64.1,-22.8,65.3,59.7,36.7,37.2,135.6,100.7,218.7,29.7,111.7,148.0,153.3,123.0,18.8,113.5,162.8,42.5,136.6,55.8,57.6,107.5,140.3,32.9,38.3,165.5,155.8,52.9,78.8,129.1,57.4,67.9,gisborne,23213.0
2024-12-01,64.1,-22.8,65.3,59.7,36.7,37.2,135.6,100.7,218.7,29.7,111.7,148.0,153.3,123.0,18.8,113.5,162.8,42.5,136.6,55.8,57.6,107.5,140.3,32.9,38.3,165.5,155.8,52.9,78.8,129.1,57.4,67.9,hawke's_bay,83446.0
2024-12-01,64.1,-22.8,65.3,59.7,36.7,37.2,135.6,100.7,218.7,29.7,111.7,148.0,153.3,123.0,18.8,113.5,162.8,42.5,136.6,55.8,57.6,107.5,140.3,32.9,38.3,165.5,155.8,52.9,78.8,129.1,57.4,67.9,manawatu_whanganui,114046.0
2024-12-01,64.1,-22.8,65.3,59.7,36.7,37.2,135.6,100.7,218.7,29.7,111.7,148.0,153.3,123.0,18.8,113.5,162.8,42.5,136.6,55.8,57.6,107.5,140.3,32.9,38.3,165.5,155.8,52.9,78.8,129.1,57.4,67.9,marlborough,28296.0
2024-12-01,64.1,-22.8,65.3,59.7,36.7,37.2,135.6,100.7,218.7,29.7,111.7,148.0,153.3,123.0,18.8,113.5,162.8,42.5,136.6,55.8,57.6,107.5,140.3,32.9,38.3,165.5,155.8,52.9,78.8,129.1,57.4,67.9,nelson,20769.0
2024-12-01,64.1,-22.8,65.3,59.7,36.7,37.2,135.6,100.7,218.7,29.7,111.7,148.0,153.3,123.0,18.8,113.5,162.8,42.5,136.6,55.8,57.6,107.5,140.3,32.9,38.3,165.5,155.8,52.9,78.8,129.1,57.4,67.9,northland,75248.0
2024-12-01,64.1,-22.8,65.3,59.7,36.7,37.2,135.6,100.7,218.7,29.7,111.7,148.0,153.3,123.0,18.8,113.5,162.8,42.5,136.6,55.8,57.6,107.5,140.3,32.9,38.3,165.5,155.8,52.9,78.8,129.1,57.4,67.9,otago,120716.0
2024-12-01,64.1,-22.8,65.3,59.7,36.7,37.2,135.6,100.7,218.7,29.7,111.7,148.0,153.3,123.0,18.8,113.5,162.8,42.5,136.6,55.8,57.6,107.5,140.3,32.9,38.3,165.5,155.8,52.9,78.8,129.1,57.4,67.9,southland,50294.0
2024-12-01,64.1,-22.8,65.3,59.7,36.7,37.2,135.6,100.7,218.7,29.7,111.7,148.0,153.3,123.0,18.8,113.5,162.8,42.5,136.6,55.8,57.6,107.5,140.3,32.9,38.3,165.5,155.8,52.9,78.8,129.1,57.4,67.9,taranaki,56262.0
2024-12-01,64.1,-22.8,65.3,59.7,36.7,37.2,135.6,100.7,218.7,29.7,111.7,148.0,153.3,123.0,18.8,113.5,162.8,42.5,136.6,55.8,57.6,107.5,140.3,32.9,38.3,165.5,155.8,52.9,78.8,129.1,57.4,67.9,tasman,26258.0
2024-12-01,64.1,-22.8,65.3,59.7,36.7,37.2,135.6,100.7,218.7,29.7,111.7,148.0,153.3,123.0,18.8,113.5,162.8,42.5,136.6,55.8,57.6,107.5,140.3,32.9,38.3,165.5,155.8,52.9,78.8,129.1,57.4,67.9,waikato,230737.0
2024-12-01,64.1,-22.8,65.3,59.7,36.7,37.2,135.6,100.7,218.7,29.7,111.7,148.0,153.3,123.0,18.8,113.5,162.8,42.5,136.6,55.8,57.6,107.5,140.3,32.9,38.3,165.5,155.8,52.9,78.8,129.1,57.4,67.9,wellington,259035.0
2024-12-01,64.1,-22.8,65.3,59.7,36.7,37.2,135.6,100.7,218.7,29.7,111.7,148.0,153.3,123.0,18.8,113.5,162.8,42.5,136.6,55.8,57.6,107.5,140.3,32.9,38.3,165.5,155.8,52.9,78.8,129.1,57.4,67.9,west_coast,15311.0
2025-01-01,103.2,-20.6,98.9,107.8,63.0,64.3,207.2,163.0,322.4,51.6,172.9,147.0,211.7,210.6,29.4,190.5,286.9,86.4,249.1,89.6,80.3,168.7,239.6,57.3,80.9,280.8,287.7,81.0,111.0,211.3,100.2,134.2,auckland,791099.0
2025-01-01,103.2,-20.6,98.9,107.8,63.0,64.3,207.2,163.0,322.4,51.6,172.9,147.0,211.7,210.6,29.4,190.5,286.9,86.4,249.1,89.6,80.3,168.7,239.6,57.3,80.9,280.8,287.7,81.0,111.0,211.3,100.2,134.2,bay_of_plenty,144258.0
2025-01-01,103.2,-20.6,98.9,107.8,63.0,64.3,207.2,163.0,322.4,51.6,172.9,147.0,211.7,210.6,29.4,190.5,286.9,86.4,249.1,89.6,80.3,168.7,239.6,57.3,80.9,280.8,287.7,81.0,111.0,211.3,100.2,134.2,canterbury,312923.0
2025-01-01,103.2,-20.6,98.9,107.8,63.0,64.3,207.2,163.0,322.4,51.6,172.9,147.0,211.7,210.6,29.4,190.5,286.9,86.4,249.1,89.6,80.3,168.7,239.6,57.3,80.9,280.8,287.7,81.0,111.0,211.3,100.2,134.2,gisborne,22780.0
2025-01-01,103.2,-20.6,98.9,107.8,63.0,64.3,207.2,163.0,322.4,51.6,172.9,147.0,211.7,210.6,29.4,190.5,286.9,86.4,249.1,89.6,80.3,168.7,239.6,57.3,80.9,280.8,287.7,81.0,111.0,211.3,100.2,134.2,hawke's_bay,81417.0
2025-01-01,103.2,-20.6,98.9,107.8,63.0,64.3,207.2,163.0,322.4,51.6,172.9,147.0,211.7,210.6,29.4,190.5,286.9,86.4,249.1,89.6,80.3,168.7,239.6,57.3,80.9,280.8,287.7,81.0,111.0,211.3,100.2,134.2,manawatu_whanganui,112145.0
2025-01-01,103.2,-20.6,98.9,107.8,63.0,64.3,207.2,163.0,322.4,51.6,172.9,147.0,211.7,210.6,29.4,190.5,286.9,86.4,249.1,89.6,80.3,168.7,239.6,57.3,80.9,280.8,287.7,81.0,111.0,211.3,100.2,134.2,marlborough,27375.0
2025-01-01,103.2,-20.6,98.9,107.8,63.0,64.3,207.2,163.0,322.4,51.6,172.9,147.0,211.7,210.6,29.4,190.5,286.9,86.4,249.1,89.6,80.3,168.7,239.6,57.3,80.9,280.8,287.7,81.0,111.0,211.3,100.2,134.2,nelson,20371.0
2025-01-01,103.2,-20.6,98.9,107.8,63.0,64.3,207.2,163.0,322.4,51.6,172.9,147.0,211.7,210.6,29.4,190.5,286.9,86.4,249.1,89.6,80.3,168.7,239.6,57.3,80.9,280.8,287.7,81.0,111.0,211.3,100.2,134.2,northland,73280.0
2025-01-01,103.2,-20.6,98.9,107.8,63.0,64.3,207.2,163.0,322.4,51.6,172.9,147.0,211.7,210.6,29.4,190.5,286.9,86.4,249.1,89.6,80.3,168.7,239.6,57.3,80.9,280.8,287.7,81.0,111.0,211.3,100.2,134.2,otago,118485.0
2025-01-01,103.2,-20.6,98.9,107.8,63.0,64.3,207.2,163.0,322.4,51.6,172.9,147.0,211.7,210.6,29.4,190.5,286.9,86.4,249.1,89.6,80.3,168.7,239.6,57.3,80.9,280.8,287.7,81.0,111.0,211.3,100.2,134.2,southland,49550.0
2025-01-01,103.2,-20.6,98.9,107.8,63.0,64.3,207.2,163.0,322.4,51.6,172.9,147.0,211.7,210.6,29.4,190.5,286.9,86.4,249.1,89.6,80.3,168.7,239.6,57.3,80.9,280.8,287.7,81.0,111.0,211.3,100.2,134.2,taranaki,55067.0
2025-01-01,103.2,-20.6,98.9,107.8,63.0,64.3,207.2,163.0,322.4,51.6,172.9,147.0,211.7,210.6,29.4,190.5,286.9,86.4,249.1,89.6,80.3,168.7,239.6,57.3,80.9,280.8,287.7,81.0,111.0,211.3,100.2,134.2,tasman,25824.0
2025-01-01,103.2,-20.6,98.9,107.8,63.0,64.3,207.2,163.0,322.4,51.6,172.9,147.0,211.7,210.6,29.4,190.5,286.9,86.4,249.1,89.6,80.3,168.7,239.6,57.3,80.9,280.8,287.7,81.0,111.0,211.3,100.2,134.2,waikato,226109.0
2025-01-01,103.2,-20.6,98.9,107.8,63.0,64.3,207.2,163.0,322.4,51.6,172.9,147.0,211.7,210.6,29.4,190.5,286.9,86.4,249.1,89.6,80.3,168.7,239.6,57.3,80.9,280.8,287.7,81.0,111.0,211.3,100.2,134.2,wellington,253478.0
2025-01-01,103.2,-20.6,98.9,107.8,63.0,64.3,207.2,163.0,322.4,51.6,172.9,147.0,211.7,210.6,29.4,190.5,286.9,86.4,249.1,89.6,80.3,168.7,239.6,57.3,80.9,280.8,287.7,81.0,111.0,211.3,100.2,134.2,west_coast,15128.0
2025-02-01,91.3,-28.7,91.9,86.2,57.0,57.7,179.0,149.3,267.4,47.8,147.8,160.3,193.4,165.3,28.2,160.3,263.5,73.0,221.8,88.4,76.8,145.8,197.4,51.4,60.5,201.6,230.5,77.2,99.6,189.8,80.0,107.6,auckland,796574.0
2025-02-01,91.3,-28.7,91.9,86.2,57.0,57.7,179.0,149.3,267.4,47.8,147.8,160.3,193.4,165.3,28.2,160.3,263.5,73.0,221.8,88.4,76.8,145.8,197.4,51.4,60.5,201.6,230.5,77.2,99.6,189.8,80.0,107.6,bay_of_plenty,144786.0
2025-02-01,91.3,-28.7,91.9,86.2,57.0,57.7,179.0,149.3,267.4,47.8,147.8,160.3,193.4,165.3,28.2,160.3,263.5,73.0,221.8,88.4,76.8,145.8,197.4,51.4,60.5,201.6,230.5,77.2,99.6,189.8,80.0,107.6,canterbury,315599.0
2025-02-01,91.3,-28.7,91.9,86.2,57.0,57.7,179.0,149.3,267.4,47.8,147.8,160.3,193.4,165.3,28.2,160.3,263.5,73.0,221.8,88.4,76.8,145.8,197.4,51.4,60.5,201.6,230.5,77.2,99.6,189.8,80.0,107.6,gisborne,22816.0
2025-02-01,91.3,-28.7,91.9,86.2,57.0,57.7,179.0,149.3,267.4,47.8,147.8,160.3,193.4,165.3,28.2,160.3,263.5,73.0,221.8,88.4,76.8,145.8,197.4,51.4,60.5,201.6,230.5,77.2,99.6,189.8,80.0,107.6,hawke's_bay,83083.0
2025-02-01,91.3,-28.7,91.9,86.2,57.0,57.7,179.0,149.3,267.4,47.8,147.8,160.3,193.4,165.3,28.2,160.3,263.5,73.0,221.8,88.4,76.8,145.8,197.4,51.4,60.5,201.6,230.5,77.2,99.6,189.8,80.0,107.6,manawatu_whanganui,112346.0
2025-02-01,91.3,-28.7,91.9,86.2,57.0,57.7,179.0,149.3,267.4,47.8,147.8,160.3,193.4,165.3,28.2,160.3,263.5,73.0,221.8,88.4,76.8,145.8,197.4,51.4,60.5,201.6,230.5,77.2,99.6,189.8,80.0,107.6,marlborough,27607.0
2025-02-01,91.3,-28.7,91.9,86.2,57.0,57.7,179.0,149.3,267.4,47.8,147.8,160.3,193.4,165.3,28.2,160.3,263.5,73.0,221.8,88.4,76.8,145.8,197.4,51.4,60.5,201.6,230.5,77.2,99.6,189.8,80.0,107.6,nelson,20522.0
2025-02-01,91.3,-28.7,91.9,86.2,57.0,57.7,179.0,149.3,267.4,47.8,147.8,160.3,193.4,165.3,28.2,160.3,263.5,73.0,221.8,88.4,76.8,145.8,197.4,51.4,60.5,201.6,230.5,77.2,99.6,189.8,80.0,107.6,northland,73842.0
2025-02-01,91.3,-28.7,91.9,86.2,57.0,57.7,179.0,149.3,267.4,47.8,147.8,160.3,193.4,165.3,28.2,160.3,263.5,73.0,221.8,88.4,76.8,145.8,197.4,51.4,60.5,201.6,230.5,77.2,99.6,189.8,80.0,107.6,otago,119082.0
2025-02-01,91.3,-28.7,91.9,86.2,57.0,57.7,179.0,149.3,267.4,47.8,147.8,160.3,193.4,165.3,28.2,160.3,263.5,73.0,221.8,88.4,76.8,145.8,197.4,51.4,60.5,201.6,230.5,77.2,99.6,189.8,80.0,107.6,southland,49960.0
2025-02-01,91.3,-28.7,91.9,86.2,57.0,57.7,179.0,149.3,267.4,47.8,147.8,160.3,193.4,165.3,28.2,160.3,263.5,73.0,221.8,88.4,76.8,145.8,197.4,51.4,60.5,201.6,230.5,77.2,99.6,189.8,80.0,107.6,taranaki,55393.0
2025-02-01,91.3,-28.7,91.9,86.2,57.0,57.7,179.0,149.3,267.4,47.8,147.8,160.3,193.4,165.3,28.2,160.3,263.5,73.0,221.8,88.4,76.8,145.8,197.4,51.4,60.5,201.6,230.5,77.2,99.6,189.8,80.0,107.6,tasman,25924.0
2025-02-01,91.3,-28.7,91.9,86.2,57.0,57.7,179.0,149.3,267.4,47.8,147.8,160.3,193.4,165.3,28.2,160.3,263.5,73.0,221.8,88.4,76.8,145.8,197.4,51.4,60.5,201.6,230.5,77.2,99.6,189.8,80.0,107.6,waikato,227751.0
2025-02-01,91.3,-28.7,91.9,86.2,57.0,57.7,179.0,149.3,267.4,47.8,147.8,160.3,193.4,165.3,28.2,160.3,263.5,73.0,221.8,88.4,76.8,145.8,197.4,51.4,60.5,201.6,230.5,77.2,99.6,189.8,80.0,107.6,wellington,255297.0
2025-02-01,91.3,-28.7,91.9,86.2,57.0,57.7,179.0,149.3,267.4,47.8,147.8,160.3,193.4,165.3,28.2,160.3,263.5,73.0,221.8,88.4,76.8,145.8,197.4,51.4,60.5,201.6,230.5,77.2,99.6,189.8,80.0,107.6,west_coast,15199.0
2025-03-01,100.9,-15.5,100.4,97.1,62.7,63.6,196.4,164.9,303.2,51.9,160.0,181.0,228.8,176.1,32.8,171.2,280.9,79.2,257.2,89.7,86.1,157.6,226.4,56.6,69.0,250.9,246.3,83.4,111.6,207.5,92.4,113.3,auckland,799989.0
2025-03-01,100.9,-15.5,100.4,97.1,62.7,63.6,196.4,164.9,303.2,51.9,160.0,181.0,228.8,176.1,32.8,171.2,280.9,79.2,257.2,89.7,86.1,157.6,226.4,56.6,69.0,250.9,246.3,83.4,111.6,207.5,92.4,113.3,bay_of_plenty,148268.0
2025-03-01,100.9,-15.5,100.4,97.1,62.7,63.6,196.4,164.9,303.2,51.9,160.0,181.0,228.8,176.1,32.8,171.2,280.9,79.2,257.2,89.7,86.1,157.6,226.4,56.6,69.0,250.9,246.3,83.4,111.6,207.5,92.4,113.3,canterbury,316276.0
2025-03-01,100.9,-15.5,100.4,97.1,62.7,63.6,196.4,164.9,303.2,51.9,160.0,181.0,228.8,176.1,32.8,171.2,280.9,79.2,257.2,89.7,86.1,157.6,226.4,56.6,69.0,250.9,246.3,83.4,111.6,207.5,92.4,113.3,gisborne,22927.0
2025-03-01,100.9,-15.5,100.4,97.1,62.7,63.6,196.4,164.9,303.2,51.9,160.0,181.0,228.8,176.1,32.8,171.2,280.9,79.2,257.2,89.7,86.1,157.6,226.4,56.6,69.0,250.9,246.3,83.4,111.6,207.5,92.4,113.3,hawke's_bay,84238.0
2025-03-01,100.9,-15.5,100.4,97.1,62.7,63.6,196.4,164.9,303.2,51.9,160.0,181.0,228.8,176.1,32.8,171.2,280.9,79.2,257.2,89.7,86.1,157.6,226.4,56.6,69.0,250.9,246.3,83.4,111.6,207.5,92.4,113.3,manawatu_whanganui,112076.0
2025-03-01,100.9,-15.5,100.4,97.1,62.7,63.6,196.4,164.9,303.2,51.9,160.0,181.0,228.8,176.1,32.8,171.2,280.9,79.2,257.2,89.7,86.1,157.6,226.4,56.6,69.0,250.9,246.3,83.4,111.6,207.5,92.4,113.3,marlborough,28474.0
2025-03-01,100.9,-15.5,100.4,97.1,62.7,63.6,196.4,164.9,303.2,51.9,160.0,181.0,228.8,176.1,32.8,171.2,280.9,79.2,257.2,89.7,86.1,157.6,226.4,56.6,69.0,250.9,246.3,83.4,111.6,207.5,92.4,113.3,nelson,20492.0
2025-03-01,100.9,-15.5,100.4,97.1,62.7,63.6,196.4,164.9,303.2,51.9,160.0,181.0,228.8,176.1,32.8,171.2,280.9,79.2,257.2,89.7,86.1,157.6,226.4,56.6,69.0,250.9,246.3,83.4,111.6,207.5,92.4,113.3,northland,74128.0
2025-03-01,100.9,-15.5,100.4,97.1,62.7,63.6,196.4,164.9,303.2,51.9,160.0,181.0,228.8,176.1,32.8,171.2,280.9,79.2,257.2,89.7,86.1,157.6,226.4,56.6,69.0,250.9,246.3,83.4,111.6,207.5,92.4,113.3,otago,119116.0
2025-03-01,100.9,-15.5,100.4,97.1,62.7,63.6,196.4,164.9,303.2,51.9,160.0,181.0,228.8,176.1,32.8,171.2,280.9,79.2,257.2,89.7,86.1,157.6,226.4,56.6,69.0,250.9,246.3,83.4,111.6,207.5,92.4,113.3,southland,49755.0
2025-03-01,100.9,-15.5,100.4,97.1,62.7,63.6,196.4,164.9,303.2,51.9,160.0,181.0,228.8,176.1,32.8,171.2,280.9,79.2,257.2,89.7,86.1,157.6,226.4,56.6,69.0,250.9,246.3,83.4,111.6,207.5,92.4,113.3,taranaki,55188.0
2025-03-01,100.9,-15.5,100.4,97.1,62.7,63.6,196.4,164.9,303.2,51.9,160.0,181.0,228.8,176.1,32.8,171.2,280.9,79.2,257.2,89.7,86.1,157.6,226.4,56.6,69.0,250.9,246.3,83.4,111.6,207.5,92.4,113.3,tasman,26707.0
2025-03-01,100.9,-15.5,100.4,97.1,62.7,63.6,196.4,164.9,303.2,51.9,160.0,181.0,228.8,176.1,32.8,171.2,280.9,79.2,257.2,89.7,86.1,157.6,226.4,56.6,69.0,250.9,246.3,83.4,111.6,207.5,92.4,113.3,waikato,228149.0
2025-03-01,100.9,-15.5,100.4,97.1,62.7,63.6,196.4,164.9,303.2,51.9,160.0,181.0,228.8,176.1,32.8,171.2,280.9,79.2,257.2,89.7,86.1,157.6,226.4,56.6,69.0,250.9,246.3,83.4,111.6,207.5,92.4,113.3,wellington,255646.0
2025-03-01,100.9,-15.5,100.4,97.1,62.7,63.6,196.4,164.9,303.2,51.9,160.0,181.0,228.8,176.1,32.8,171.2,280.9,79.2,257.2,89.7,86.1,157.6,226.4,56.6,69.0,250.9,246.3,83.4,111.6,207.5,92.4,113.3,west_coast,15181.0
2025-04-01,89.4,-16.7,90.6,82.8,55.6,55.5,177.4,139.6,259.9,46.3,150.5,142.7,229.0,130.4,31.1,137.5,281.9,69.0,207.5,80.9,78.2,142.8,185.7,48.5,61.8,210.0,219.0,77.6,93.5,189.2,78.4,98.0,auckland,797662.0
2025-04-01,89.4,-16.7,90.6,82.8,55.6,55.5,177.4,139.6,259.9,46.3,150.5,142.7,229.0,130.4,31.1,137.5,281.9,69.0,207.5,80.9,78.2,142.8,185.7,48.5,61.8,210.0,219.0,77.6,93.5,189.2,78.4,98.0,bay_of_plenty,149483.0
2025-04-01,89.4,-16.7,90.6,82.8,55.6,55.5,177.4,139.6,259.9,46.3,150.5,142.7,229.0,130.4,31.1,137.5,281.9,69.0,207.5,80.9,78.2,142.8,185.7,48.5,61.8,210.0,219.0,77.6,93.5,189.2,78.4,98.0,canterbury,314966.0
2025-04-01,89.4,-16.7,90.6,82.8,55.6,55.5,177.4,139.6,259.9,46.3,150.5,142.7,229.0,130.4,31.1,137.5,281.9,69.0,207.5,80.9,78.2,142.8,185.7,48.5,61.8,210.0,219.0,77.6,93.5,189.2,78.4,98.0,gisborne,22610.0
2025-04-01,89.4,-16.7,90.6,82.8,55.6,55.5,177.4,139.6,259.9,46.3,150.5,142.7,229.0,130.4,31.1,137.5,281.9,69.0,207.5,80.9,78.2,142.8,185.7,48.5,61.8,210.0,219.0,77.6,93.5,189.2,78.4,98.0,hawke's_bay,83379.0
2025-04-01,89.4,-16.7,90.6,82.8,55.6,55.5,177.4,139.6,259.9,46.3,150.5,142.7,229.0,130.4,31.1,137.5,281.9,69.0,207.5,80.9,78.2,142.8,185.7,48.5,61.8,210.0,219.0,77.6,93.5,189.2,78.4,98.0,manawatu_whanganui,111550.0
2025-04-01,89.4,-16.7,90.6,82.8,55.6,55.5,177.4,139.6,259.9,46.3,150.5,142.7,229.0,130.4,31.1,137.5,281.9,69.0,207.5,80.9,78.2,142.8,185.7,48.5,61.8,210.0,219.0,77.6,93.5,189.2,78.4,98.0,marlborough,28190.0
2025-04-01,89.4,-16.7,90.6,82.8,55.6,55.5,177.4,139.6,259.9,46.3,150.5,142.7,229.0,130.4,31.1,137.5,281.9,69.0,207.5,80.9,78.2,142.8,185.7,48.5,61.8,210.0,219.0,77.6,93.5,189.2,78.4,98.0,nelson,20339.0
2025-04-01,89.4,-16.7,90.6,82.8,55.6,55.5,177.4,139.6,259.9,46.3,150.5,142.7,229.0,130.4,31.1,137.5,281.9,69.0,207.5,80.9,78.2,142.8,185.7,48.5,61.8,210.0,219.0,77.6,93.5,189.2,78.4,98.0,northland,73974.0
2025-04-01,89.4,-16.7,90.6,82.8,55.6,55.5,177.4,139.6,259.9,46.3,150.5,142.7,229.0,130.4,31.1,137.5,281.9,69.0,207.5,80.9,78.2,142.8,185.7,48.5,61.8,210.0,219.0,77.6,93.5,189.2,78.4,98.0,otago,118647.0
2025-04-01,89.4,-16.7,90.6,82.8,55.6,55.5,177.4,139.6,259.9,46.3,150.5,142.7,229.0,130.4,31.1,137.5,281.9,69.0,207.5,80.9,78.2,142.8,185.7,48.5,61.8,210.0,219.0,77.6,93.5,189.2,78.4,98.0,southland,49347.0
2025-04-01,89.4,-16.7,90.6,82.8,55.6,55.5,177.4,139.6,259.9,46.3,150.5,142.7,229.0,130.4,31.1,137.5,281.9,69.0,207.5,80.9,78.2,142.8,185.7,48.5,61.8,210.0,219.0,77.6,93.5,189.2,78.4,98.0,taranaki,54847.0
2025-04-01,89.4,-16.7,90.6,82.8,55.6,55.5,177.4,139.6,259.9,46.3,150.5,142.7,229.0,130.4,31.1,137.5,281.9,69.0,207.5,80.9,78.2,142.8,185.7,48.5,61.8,210.0,219.0,77.6,93.5,189.2,78.4,98.0,tasman,26582.0
2025-04-01,89.4,-16.7,90.6,82.8,55.6,55.5,177.4,139.6,259.9,46.3,150.5,142.7,229.0,130.4,31.1,137.5,281.9,69.0,207.5,80.9,78.2,142.8,185.7,48.5,61.8,210.0,219.0,77.6,93.5,189.2,78.4,98.0,waikato,227516.0
2025-04-01,89.4,-16.7,90.6,82.8,55.6,55.5,177.4,139.6,259.9,46.3,150.5,142.7,229.0,130.4,31.1,137.5,281.9,69.0,207.5,80.9,78.2,142.8,185.7,48.5,61.8,210.0,219.0,77.6,93.5,189.2,78.4,98.0,wellington,254531.0
2025-04-01,89.4,-16.7,90.6,82.8,55.6,55.5,177.4,139.6,259.9,46.3,150.5,142.7,229.0,130.4,31.1,137.5,281.9,69.0,207.5,80.9,78.2,142.8,185.7,48.5,61.8,210.0,219.0,77.6,93.5,189.2,78.4,98.0,west_coast,15133.0
2025-05-01,104.0,-6.4,106.2,93.1,63.2,66.4,203.3,165.1,307.0,52.1,169.4,183.5,305.5,150.0,32.1,152.2,316.7,76.4,248.8,88.8,96.3,160.3,222.6,55.6,65.8,227.6,248.1,91.3,113.3,208.2,88.0,110.5,auckland,794187.0
2025-05-01,104.0,-6.4,106.2,93.1,63.2,66.4,203.3,165.1,307.0,52.1,169.4,183.5,305.5,150.0,32.1,152.2,316.7,76.4,248.8,88.8,96.3,160.3,222.6,55.6,65.8,227.6,248.1,91.3,113.3,208.2,88.0,110.5,bay_of_plenty,148201.0
2025-05-01,104.0,-6.4,106.2,93.1,63.2,66.4,203.3,165.1,307.0,52.1,169.4,183.5,305.5,150.0,32.1,152.2,316.7,76.4,248.8,88.8,96.3,160.3,222.6,55.6,65.8,227.6,248.1,91.3,113.3,208.2,88.0,110.5,canterbury,313498.0
2025-05-01,104.0,-6.4,106.2,93.1,63.2,66.4,203.3,165.1,307.0,52.1,169.4,183.5,305.5,150.0,32.1,152.2,316.7,76.4,248.8,88.8,96.3,160.3,222.6,55.6,65.8,227.6,248.1,91.3,113.3,208.2,88.0,110.5,gisborne,22685.0
2025-05-01,104.0,-6.4,106.2,93.1,63.2,66.4,203.3,165.1,307.0,52.1,169.4,183.5,305.5,150.0,32.1,152.2,316.7,76.4,248.8,88.8,96.3,160.3,222.6,55.6,65.8,227.6,248.1,91.3,113.3,208.2,88.0,110.5,hawke's_bay,81498.0
2025-05-01,104.0,-6.4,106.2,93.1,63.2,66.4,203.3,165.1,307.0,52.1,169.4,183.5,305.5,150.0,32.1,152.2,316.7,76.4,248.8,88.8,96.3,160.3,222.6,55.6,65.8,227.6,248.1,91.3,113.3,208.2,88.0,110.5,manawatu_whanganui,111198.0
2025-05-01,104.0,-6.4,106.2,93.1,63.2,66.4,203.3,165.1,307.0,52.1,169.4,183.5,305.5,150.0,32.1,152.2,316.7,76.4,248.8,88.8,96.3,160.3,222.6,55.6,65.8,227.6,248.1,91.3,113.3,208.2,88.0,110.5,marlborough,27820.0
2025-05-01,104.0,-6.4,106.2,93.1,63.2,66.4,203.3,165.1,307.0,52.1,169.4,183.5,305.5,150.0,32.1,152.2,316.7,76.4,248.8,88.8,96.3,160.3,222.6,55.6,65.8,227.6,248.1,91.3,113.3,208.2,88.0,110.5,nelson,20119.0
2025-05-01,104.0,-6.4,106.2,93.1,63.2,66.4,203.3,165.1,307.0,52.1,169.4,183.5,305.5,150.0,32.1,152.2,316.7,76.4,248.8,88.8,96.3,160.3,222.6,55.6,65.8,227.6,248.1,91.3,113.3,208.2,88.0,110.5,northland,73458.0
2025-05-01,104.0,-6.4,106.2,93.1,63.2,66.4,203.3,165.1,307.0,52.1,169.4,183.5,305.5,150.0,32.1,152.2,316.7,76.4,248.8,88.8,96.3,160.3,222.6,55.6,65.8,227.6,248.1,91.3,113.3,208.2,88.0,110.5,otago,117577.0
2025-05-01,104.0,-6.4,106.2,93.1,63.2,66.4,203.3,165.1,307.0,52.1,169.4,183.5,305.5,150.0,32.1,152.2,316.7,76.4,248.8,88.8,96.3,160.3,222.6,55.6,65.8,227.6,248.1,91.3,113.3,208.2,88.0,110.5,southland,48982.0
2025-05-01,104.0,-6.4,106.2,93.1,63.2,66.4,203.3,165.1,307.0,52.1,169.4,183.5,305.5,150.0,32.1,152.2,316.7,76.4,248.8,88.8,96.3,160.3,222.6,55.6,65.8,227.6,248.1,91.3,113.3,208.2,88.0,110.5,taranaki,54602.0
2025-05-01,104.0,-6.4,106.2,93.1,63.2,66.4,203.3,165.1,307.0,52.1,169.4,183.5,305.5,150.0,32.1,152.2,316.7,76.4,248.8,88.8,96.3,160.3,222.6,55.6,65.8,227.6,248.1,91.3,113.3,208.2,88.0,110.5,tasman,26017.0
2025-05-01,104.0,-6.4,106.2,93.1,63.2,66.4,203.3,165.1,307.0,52.1,169.4,183.5,305.5,150.0,32.1,152.2,316.7,76.4,248.8,88.8,96.3,160.3,222.6,55.6,65.8,227.6,248.1,91.3,113.3,208.2,88.0,110.5,waikato,226291.0
2025-05-01,104.0,-6.4,106.2,93.1,63.2,66.4,203.3,165.1,307.0,52.1,169.4,183.5,305.5,150.0,32.1,152.2,316.7,76.4,248.8,88.8,96.3,160.3,222.6,55.6,65.8,227.6,248.1,91.3,113.3,208.2,88.0,110.5,wellington,253794.0
2025-05-01,104.0,-6.4,106.2,93.1,63.2,66.4,203.3,165.1,307.0,52.1,169.4,183.5,305.5,150.0,32.1,152.2,316.7,76.4,248.8,88.8,96.3,160.3,222.6,55.6,65.8,227.6,248.1,91.3,113.3,208.2,88.0,110.5,west_coast,14953.0
2025-06-01,89.8,2.3,94.6,75.0,54.5,55.3,179.0,144.9,259.7,46.1,153.0,144.3,244.6,132.0,30.1,135.5,262.1,65.5,209.9,87.3,81.6,146.9,190.5,45.2,52.0,179.8,204.4,81.8,95.4,196.6,69.1,95.0,auckland,790919.0
2025-06-01,89.8,2.3,94.6,75.0,54.5,55.3,179.0,144.9,259.7,46.1,153.0,144.3,244.6,132.0,30.1,135.5,262.1,65.5,209.9,87.3,81.6,146.9,190.5,45.2,52.0,179.8,204.4,81.8,95.4,196.6,69.1,95.0,bay_of_plenty,146683.0
2025-06-01,89.8,2.3,94.6,75.0,54.5,55.3,179.0,144.9,259.7,46.1,153.0,144.3,244.6,132.0,30.1,135.5,262.1,65.5,209.9,87.3,81.6,146.9,190.5,45.2,52.0,179.8,204.4,81.8,95.4,196.6,69.1,95.0,canterbury,313942.0
2025-06-01,89.8,2.3,94.6,75.0,54.5,55.3,179.0,144.9,259.7,46.1,153.0,144.3,244.6,132.0,30.1,135.5,262.1,65.5,209.9,87.3,81.6,146.9,190.5,45.2,52.0,179.8,204.4,81.8,95.4,196.6,69.1,95.0,gisborne,22549.0
2025-06-01,89.8,2.3,94.6,75.0,54.5,55.3,179.0,144.9,259.7,46.1,153.0,144.3,244.6,132.0,30.1,135.5,262.1,65.5,209.9,87.3,81.6,146.9,190.5,45.2,52.0,179.8,204.4,81.8,95.4,196.6,69.1,95.0,hawke's_bay,80407.0
2025-06-01,89.8,2.3,94.6,75.0,54.5,55.3,179.0,144.9,259.7,46.1,153.0,144.3,244.6,132.0,30.1,135.5,262.1,65.5,209.9,87.3,81.6,146.9,190.5,45.2,52.0,179.8,204.4,81.8,95.4,196.6,69.1,95.0,manawatu_whanganui,111226.0
2025-06-01,89.8,2.3,94.6,75.0,54.5,55.3,179.0,144.9,259.7,46.1,153.0,144.3,244.6,132.0,30.1,135.5,262.1,65.5,209.9,87.3,81.6,146.9,190.5,45.2,52.0,179.8,204.4,81.8,95.4,196.6,69.1,95.0,marlborough,27760.0
2025-06-01,89.8,2.3,94.6,75.0,54.5,55.3,179.0,144.9,259.7,46.1,153.0,144.3,244.6,132.0,30.1,135.5,262.1,65.5,209.9,87.3,81.6,146.9,190.5,45.2,52.0,179.8,204.4,81.8,95.4,196.6,69.1,95.0,nelson,20221.0
2025-06-01,89.8,2.3,94.6,75.0,54.5,55.3,179.0,144.9,259.7,46.1,153.0,144.3,244.6,132.0,30.1,135.5,262.1,65.5,209.9,87.3,81.6,146.9,190.5,45.2,52.0,179.8,204.4,81.8,95.4,196.6,69.1,95.0,northland,73026.0
2025-06-01,89.8,2.3,94.6,75.0,54.5,55.3,179.0,144.9,259.7,46.1,153.0,144.3,244.6,132.0,30.1,135.5,262.1,65.5,209.9,87.3,81.6,146.9,190.5,45.2,52.0,179.8,204.4,81.8,95.4,196.6,69.1,95.0,otago,118102.0
2025-06-01,89.8,2.3,94.6,75.0,54.5,55.3,179.0,144.9,259.7,46.1,153.0,144.3,244.6,132.0,30.1,135.5,262.1,65.5,209.9,87.3,81.6,146.9,190.5,45.2,52.0,179.8,204.4,81.8,95.4,196.6,69.1,95.0,southland,48855.0
2025-06-01,89.8,2.3,94.6,75.0,54.5,55.3,179.0,144.9,259.7,46.1,153.0,144.3,244.6,132.0,30.1,135.5,262.1,65.5,209.9,87.3,81.6,146.9,190.5,45.2,52.0,179.8,204.4,81.8,95.4,196.6,69.1,95.0,taranaki,54661.0
2025-06-01,89.8,2.3,94.6,75.0,54.5,55.3,179.0,144.9,259.7,46.1,153.0,144.3,244.6,132.0,30.1,135.5,262.1,65.5,209.9,87.3,81.6,146.9,190.5,45.2,52.0,179.8,204.4,81.8,95.4,196.6,69.1,95.0,tasman,25449.0
2025-06-01,89.8,2.3,94.6,75.0,54.5,55.3,179.0,144.9,259.7,46.1,153.0,144.3,244.6,132.0,30.1,135.5,262.1,65.5,209.9,87.3,81.6,146.9,190.5,45.2,52.0,179.8,204.4,81.8,95.4,196.6,69.1,95.0,waikato,226209.0
2025-06-01,89.8,2.3,94.6,75.0,54.5,55.3,179.0,144.9,259.7,46.1,153.0,144.3,244.6,132.0,30.1,135.5,262.1,65.5,209.9,87.3,81.6,146.9,190.5,45.2,52.0,179.8,204.4,81.8,95.4,196.6,69.1,95.0,wellington,253140.0
2025-06-01,89.8,2.3,94.6,75.0,54.5,55.3,179.0,144.9,259.7,46.1,153.0,144.3,244.6,132.0,30.1,135.5,262.1,65.5,209.9,87.3,81.6,146.9,190.5,45.2,52.0,179.8,204.4,81.8,95.4,196.6,69.1,95.0,west_coast,15021.0
2025-07-01,104.1,0.5,104.5,97.4,63.7,66.7,199.9,177.4,307.0,52.6,181.1,132.9,249.0,169.1,37.4,164.3,329.8,79.8,262.2,95.6,86.7,166.5,227.2,56.6,71.9,255.4,264.4,88.2,110.3,221.6,90.2,122.0,auckland,787826.0
2025-07-01,104.1,0.5,104.5,97.4,63.7,66.7,199.9,177.4,307.0,52.6,181.1,132.9,249.0,169.1,37.4,164.3,329.8,79.8,262.2,95.6,86.7,166.5,227.2,56.6,71.9,255.4,264.4,88.2,110.3,221.6,90.2,122.0,bay_of_plenty,145023.0
2025-07-01,104.1,0.5,104.5,97.4,63.7,66.7,199.9,177.4,307.0,52.6,181.1,132.9,249.0,169.1,37.4,164.3,329.8,79.8,262.2,95.6,86.7,166.5,227.2,56.6,71.9,255.4,264.4,88.2,110.3,221.6,90.2,122.0,canterbury,312874.0
2025-07-01,104.1,0.5,104.5,97.4,63.7,66.7,199.9,177.4,307.0,52.6,181.1,132.9,249.0,169.1,37.4,164.3,329.8,79.8,262.2,95.6,86.7,166.5,227.2,56.6,71.9,255.4,264.4,88.2,110.3,221.6,90.2,122.0,gisborne,22200.0
2025-07-01,104.1,0.5,104.5,97.4,63.7,66.7,199.9,177.4,307.0,52.6,181.1,132.9,249.0,169.1,37.4,164.3,329.8,79.8,262.2,95.6,86.7,166.5,227.2,56.6,71.9,255.4,264.4,88.2,110.3,221.6,90.2,122.0,hawke's_bay,79494.0
2025-07-01,104.1,0.5,104.5,97.4,63.7,66.7,199.9,177.4,307.0,52.6,181.1,132.9,249.0,169.1,37.4,164.3,329.8,79.8,262.2,95.6,86.7,166.5,227.2,56.6,71.9,255.4,264.4,88.2,110.3,221.6,90.2,122.0,manawatu_whanganui,110899.0
2025-07-01,104.1,0.5,104.5,97.4,63.7,66.7,199.9,177.4,307.0,52.6,181.1,132.9,249.0,169.1,37.4,164.3,329.8,79.8,262.2,95.6,86.7,166.5,227.2,56.6,71.9,255.4,264.4,88.2,110.3,221.6,90.2,122.0,marlborough,27676.0
2025-07-01,104.1,0.5,104.5,97.4,63.7,66.7,199.9,177.4,307.0,52.6,181.1,132.9,249.0,169.1,37.4,164.3,329.8,79.8,262.2,95.6,86.7,166.5,227.2,56.6,71.9,255.4,264.4,88.2,110.3,221.6,90.2,122.0,nelson,20120.0
2025-07-01,104.1,0.5,104.5,97.4,63.7,66.7,199.9,177.4,307.0,52.6,181.1,132.9,249.0,169.1,37.4,164.3,329.8,79.8,262.2,95.6,86.7,166.5,227.2,56.6,71.9,255.4,264.4,88.2,110.3,221.6,90.2,122.0,northland,72658.0
2025-07-01,104.1,0.5,104.5,97.4,63.7,66.7,199.9,177.4,307.0,52.6,181.1,132.9,249.0,169.1,37.4,164.3,329.8,79.8,262.2,95.6,86.7,166.5,227.2,56.6,71.9,255.4,264.4,88.2,110.3,221.6,90.2,122.0,otago,117728.0
2025-07-01,104.1,0.5,104.5,97.4,63.7,66.7,199.9,177.4,307.0,52.6,181.1,132.9,249.0,169.1,37.4,164.3,329.8,79.8,262.2,95.6,86.7,166.5,227.2,56.6,71.9,255.4,264.4,88.2,110.3,221.6,90.2,122.0,southland,48332.0
2025-07-01,104.1,0.5,104.5,97.4,63.7,66.7,199.9,177.4,307.0,52.6,181.1,132.9,249.0,169.1,37.4,164.3,329.8,79.8,262.2,95.6,86.7,166.5,227.2,56.6,71.9,255.4,264.4,88.2,110.3,221.6,90.2,122.0,taranaki,54450.0
2025-07-01,104.1,0.5,104.5,97.4,63.7,66.7,199.9,177.4,307.0,52.6,181.1,132.9,249.0,169.1,37.4,164.3,329.8,79.8,262.2,95.6,86.7,166.5,227.2,56.6,71.9,255.4,264.4,88.2,110.3,221.6,90.2,122.0,tasman,25262.0
2025-07-01,104.1,0.5,104.5,97.4,63.7,66.7,199.9,177.4,307.0,52.6,181.1,132.9,249.0,169.1,37.4,164.3,329.8,79.8,262.2,95.6,86.7,166.5,227.2,56.6,71.9,255.4,264.4,88.2,110.3,221.6,90.2,122.0,waikato,225356.0
2025-07-01,104.1,0.5,104.5,97.4,63.7,66.7,199.9,177.4,307.0,52.6,181.1,132.9,249.0,169.1,37.4,164.3,329.8,79.8,262.2,95.6,86.7,166.5,227.2,56.6,71.9,255.4,264.4,88.2,110.3,221.6,90.2,122.0,wellington,252122.0
2025-07-01,104.1,0.5,104.5,97.4,63.7,66.7,199.9,177.4,307.0,52.6,181.1,132.9,249.0,169.1,37.4,164.3,329.8,79.8,262.2,95.6,86.7,166.5,227.2,56.6,71.9,255.4,264.4,88.2,110.3,221.6,90.2,122.0,west_coast,14916.0
2025-08-01,102.5,2.7,106.0,89.2,61.1,64.6,195.3,172.8,334.0,50.4,175.7,202.5,228.8,178.5,32.4,161.1,320.6,78.3,246.7,100.9,89.4,171.2,222.1,50.7,63.2,224.8,227.8,87.0,118.5,225.7,82.5,112.2,auckland,789048.0
2025-08-01,102.5,2.7,106.0,89.2,61.1,64.6,195.3,172.8,334.0,50.4,175.7,202.5,228.8,178.5,32.4,161.1,320.6,78.3,246.7,100.9,89.4,171.2,222.1,50.7,63.2,224.8,227.8,87.0,118.5,225.7,82.5,112.2,bay_of_plenty,145049.0
2025-08-01,102.5,2.7,106.0,89.2,61.1,64.6,195.3,172.8,334.0,50.4,175.7,202.5,228.8,178.5,32.4,161.1,320.6,78.3,246.7,100.9,89.4,171.2,222.1,50.7,63.2,224.8,227.8,87.0,118.5,225.7,82.5,112.2,canterbury,314231.0
2025-08-01,102.5,2.7,106.0,89.2,61.1,64.6,195.3,172.8,334.0,50.4,175.7,202.5,228.8,178.5,32.4,161.1,320.6,78.3,246.7,100.9,89.4,171.2,222.1,50.7,63.2,224.8,227.8,87.0,118.5,225.7,82.5,112.2,gisborne,21975.0
2025-08-01,102.5,2.7,106.0,89.2,61.1,64.6,195.3,172.8,334.0,50.4,175.7,202.5,228.8,178.5,32.4,161.1,320.6,78.3,246.7,100.9,89.4,171.2,222.1,50.7,63.2,224.8,227.8,87.0,118.5,225.7,82.5,112.2,hawke's_bay,77951.0
2025-08-01,102.5,2.7,106.0,89.2,61.1,64.6,195.3,172.8,334.0,50.4,175.7,202.5,228.8,178.5,32.4,161.1,320.6,78.3,246.7,100.9,89.4,171.2,222.1,50.7,63.2,224.8,227.8,87.0,118.5,225.7,82.5,112.2,manawatu_whanganui,110945.0
2025-08-01,102.5,2.7,106.0,89.2,61.1,64.6,195.3,172.8,334.0,50.4,175.7,202.5,228.8,178.5,32.4,161.1,320.6,78.3,246.7,100.9,89.4,171.2,222.1,50.7,63.2,224.8,227.8,87.0,118.5,225.7,82.5,112.2,marlborough,27512.0
2025-08-01,102.5,2.7,106.0,89.2,61.1,64.6,195.3,172.8,334.0,50.4,175.7,202.5,228.8,178.5,32.4,161.1,320.6,78.3,246.7,100.9,89.4,171.2,222.1,50.7,63.2,224.8,227.8,87.0,118.5,225.7,82.5,112.2,nelson,20135.0
2025-08-01,102.5,2.7,106.0,89.2,61.1,64.6,195.3,172.8,334.0,50.4,175.7,202.5,228.8,178.5,32.4,161.1,320.6,78.3,246.7,100.9,89.4,171.2,222.1,50.7,63.2,224.8,227.8,87.0,118.5,225.7,82.5,112.2,northland,72793.0
2025-08-01,102.5,2.7,106.0,89.2,61.1,64.6,195.3,172.8,334.0,50.4,175.7,202.5,228.8,178.5,32.4,161.1,320.6,78.3,246.7,100.9,89.4,171.2,222.1,50.7,63.2,224.8,227.8,87.0,118.5,225.7,82.5,112.2,otago,117563.0
2025-08-01,102.5,2.7,106.0,89.2,61.1,64.6,195.3,172.8,334.0,50.4,175.7,202.5,228.8,178.5,32.4,161.1,320.6,78.3,246.7,100.9,89.4,171.2,222.1,50.7,63.2,224.8,227.8,87.0,118.5,225.7,82.5,112.2,southland,48207.0
2025-08-01,102.5,2.7,106.0,89.2,61.1,64.6,195.3,172.8,334.0,50.4,175.7,202.5,228.8,178.5,32.4,161.1,320.6,78.3,246.7,100.9,89.4,171.2,222.1,50.7,63.2,224.8,227.8,87.0,118.5,225.7,82.5,112.2,taranaki,54410.0
2025-08-01,102.5,2.7,106.0,89.2,61.1,64.6,195.3,172.8,334.0,50.4,175.7,202.5,228.8,178.5,32.4,161.1,320.6,78.3,246.7,100.9,89.4,171.2,222.1,50.7,63.2,224.8,227.8,87.0,118.5,225.7,82.5,112.2,tasman,25379.0
2025-08-01,102.5,2.7,106.0,89.2,61.1,64.6,195.3,172.8,334.0,50.4,175.7,202.5,228.8,178.5,32.4,161.1,320.6,78.3,246.7,100.9,89.4,171.2,222.1,50.7,63.2,224.8,227.8,87.0,118.5,225.7,82.5,112.2,waikato,225622.0
2025-08-01,102.5,2.7,106.0,89.2,61.1,64.6,195.3,172.8,334.0,50.4,175.7,202.5,228.8,178.5,32.4,161.1,320.6,78.3,246.7,100.9,89.4,171.2,222.1,50.7,63.2,224.8,227.8,87.0,118.5,225.7,82.5,112.2,wellington,251599.0
2025-08-01,102.5,2.7,106.0,89.2,61.1,64.6,195.3,172.8,334.0,50.4,175.7,202.5,228.8,178.5,32.4,161.1,320.6,78.3,246.7,100.9,89.4,171.2,222.1,50.7,63.2,224.8,227.8,87.0,118.5,225.7,82.5,112.2,west_coast,14995.0
2025-09-01,107.9,7.5,112.6,93.2,62.3,68.8,213.4,188.2,346.8,50.2,178.9,277.9,239.0,214.4,34.4,164.7,299.7,78.6,251.2,101.5,101.6,171.3,229.7,50.6,67.1,224.4,257.2,91.0,137.3,220.3,84.6,122.7,auckland,791079.0
2025-09-01,107.9,7.5,112.6,93.2,62.3,68.8,213.4,188.2,346.8,50.2,178.9,277.9,239.0,214.4,34.4,164.7,299.7,78.6,251.2,101.5,101.6,171.3,229.7,50.6,67.1,224.4,257.2,91.0,137.3,220.3,84.6,122.7,bay_of_plenty,144655.0
2025-09-01,107.9,7.5,112.6,93.2,62.3,68.8,213.4,188.2,346.8,50.2,178.9,277.9,239.0,214.4,34.4,164.7,299.7,78.6,251.2,101.5,101.6,171.3,229.7,50.6,67.1,224.4,257.2,91.0,137.3,220.3,84.6,122.7,canterbury,316074.0
2025-09-01,107.9,7.5,112.6,93.2,62.3,68.8,213.4,188.2,346.8,50.2,178.9,277.9,239.0,214.4,34.4,164.7,299.7,78.6,251.2,101.5,101.6,171.3,229.7,50.6,67.1,224.4,257.2,91.0,137.3,220.3,84.6,122.7,gisborne,22050.0
2025-09-01,107.9,7.5,112.6,93.2,62.3,68.8,213.4,188.2,346.8,50.2,178.9,277.9,239.0,214.4,34.4,164.7,299.7,78.6,251.2,101.5,101.6,171.3,229.7,50.6,67.1,224.4,257.2,91.0,137.3,220.3,84.6,122.7,hawke's_bay,77350.0
2025-09-01,107.9,7.5,112.6,93.2,62.3,68.8,213.4,188.2,346.8,50.2,178.9,277.9,239.0,214.4,34.4,164.7,299.7,78.6,251.2,101.5,101.6,171.3,229.7,50.6,67.1,224.4,257.2,91.0,137.3,220.3,84.6,122.7,manawatu_whanganui,111258.0
2025-09-01,107.9,7.5,112.6,93.2,62.3,68.8,213.4,188.2,346.8,50.2,178.9,277.9,239.0,214.4,34.4,164.7,299.7,78.6,251.2,101.5,101.6,171.3,229.7,50.6,67.1,224.4,257.2,91.0,137.3,220.3,84.6,122.7,marlborough,26912.0
2025-09-01,107.9,7.5,112.6,93.2,62.3,68.8,213.4,188.2,346.8,50.2,178.9,277.9,239.0,214.4,34.4,164.7,299.7,78.6,251.2,101.5,101.6,171.3,229.7,50.6,67.1,224.4,257.2,91.0,137.3,220.3,84.6,122.7,nelson,20122.0
2025-09-01,107.9,7.5,112.6,93.2,62.3,68.8,213.4,188.2,346.8,50.2,178.9,277.9,239.0,214.4,34.4,164.7,299.7,78.6,251.2,101.5,101.6,171.3,229.7,50.6,67.1,224.4,257.2,91.0,137.3,220.3,84.6,122.7,northland,72902.0
2025-09-01,107.9,7.5,112.6,93.2,62.3,68.8,213.4,188.2,346.8,50.2,178.9,277.9,239.0,214.4,34.4,164.7,299.7,78.6,251.2,101.5,101.6,171.3,229.7,50.6,67.1,224.4,257.2,91.0,137.3,220.3,84.6,122.7,otago,117882.0
2025-09-01,107.9,7.5,112.6,93.2,62.3,68.8,213.4,188.2,346.8,50.2,178.9,277.9,239.0,214.4,34.4,164.7,299.7,78.6,251.2,101.5,101.6,171.3,229.7,50.6,67.1,224.4,257.2,91.0,137.3,220.3,84.6,122.7,southland,48558.0
2025-09-01,107.9,7.5,112.6,93.2,62.3,68.8,213.4,188.2,346.8,50.2,178.9,277.9,239.0,214.4,34.4,164.7,299.7,78.6,251.2,101.5,101.6,171.3,229.7,50.6,67.1,224.4,257.2,91.0,137.3,220.3,84.6,122.7,taranaki,54347.0
2025-09-01,107.9,7.5,112.6,93.2,62.3,68.8,213.4,188.2,346.8,50.2,178.9,277.9,239.0,214.4,34.4,164.7,299.7,78.6,251.2,101.5,101.6,171.3,229.7,50.6,67.1,224.4,257.2,91.0,137.3,220.3,84.6,122.7,tasman,24989.0
2025-09-01,107.9,7.5,112.6,93.2,62.3,68.8,213.4,188.2,346.8,50.2,178.9,277.9,239.0,214.4,34.4,164.7,299.7,78.6,251.2,101.5,101.6,171.3,229.7,50.6,67.1,224.4,257.2,91.0,137.3,220.3,84.6,122.7,waikato,226185.0
2025-09-01,107.9,7.5,112.6,93.2,62.3,68.8,213.4,188.2,346.8,50.2,178.9,277.9,239.0,214.4,34.4,164.7,299.7,78.6,251.2,101.5,101.6,171.3,229.7,50.6,67.1,224.4,257.2,91.0,137.3,220.3,84.6,122.7,wellington,252706.0
2025-09-01,107.9,7.5,112.6,93.2,62.3,68.8,213.4,188.2,346.8,50.2,178.9,277.9,239.0,214.4,34.4,164.7,299.7,78.6,251.2,101.5,101.6,171.3,229.7,50.6,67.1,224.4,257.2,91.0,137.3,220.3,84.6,122.7,west_coast,15210.0
2025-10-01,103.4,3.7,104.8,95.5,59.9,65.2,204.6,175.2,325.6,48.6,170.1,251.7,236.7,182.2,35.1,167.2,298.9,74.3,243.5,88.7,95.8,156.9,217.0,51.2,70.5,257.8,264.4,84.2,131.1,199.4,88.2,120.7,auckland,793238.0
2025-10-01,103.4,3.7,104.8,95.5,59.9,65.2,204.6,175.2,325.6,48.6,170.1,251.7,236.7,182.2,35.1,167.2,298.9,74.3,243.5,88.7,95.8,156.9,217.0,51.2,70.5,257.8,264.4,84.2,131.1,199.4,88.2,120.7,bay_of_plenty,145305.0
2025-10-01,103.4,3.7,104.8,95.5,59.9,65.2,204.6,175.2,325.6,48.6,170.1,251.7,236.7,182.2,35.1,167.2,298.9,74.3,243.5,88.7,95.8,156.9,217.0,51.2,70.5,257.8,264.4,84.2,131.1,199.4,88.2,120.7,canterbury,317551.0
2025-10-01,103.4,3.7,104.8,95.5,59.9,65.2,204.6,175.2,325.6,48.6,170.1,251.7,236.7,182.2,35.1,167.2,298.9,74.3,243.5,88.7,95.8,156.9,217.0,51.2,70.5,257.8,264.4,84.2,131.1,199.4,88.2,120.7,gisborne,22365.0
2025-10-01,103.4,3.7,104.8,95.5,59.9,65.2,204.6,175.2,325.6,48.6,170.1,251.7,236.7,182.2,35.1,167.2,298.9,74.3,243.5,88.7,95.8,156.9,217.0,51.2,70.5,257.8,264.4,84.2,131.1,199.4,88.2,120.7,hawke's_bay,78204.0
2025-10-01,103.4,3.7,104.8,95.5,59.9,65.2,204.6,175.2,325.6,48.6,170.1,251.7,236.7,182.2,35.1,167.2,298.9,74.3,243.5,88.7,95.8,156.9,217.0,51.2,70.5,257.8,264.4,84.2,131.1,199.4,88.2,120.7,manawatu_whanganui,111444.0
2025-10-01,103.4,3.7,104.8,95.5,59.9,65.2,204.6,175.2,325.6,48.6,170.1,251.7,236.7,182.2,35.1,167.2,298.9,74.3,243.5,88.7,95.8,156.9,217.0,51.2,70.5,257.8,264.4,84.2,131.1,199.4,88.2,120.7,marlborough,26763.0
2025-10-01,103.4,3.7,104.8,95.5,59.9,65.2,204.6,175.2,325.6,48.6,170.1,251.7,236.7,182.2,35.1,167.2,298.9,74.3,243.5,88.7,95.8,156.9,217.0,51.2,70.5,257.8,264.4,84.2,131.1,199.4,88.2,120.7,nelson,20157.0
2025-10-01,103.4,3.7,104.8,95.5,59.9,65.2,204.6,175.2,325.6,48.6,170.1,251.7,236.7,182.2,35.1,167.2,298.9,74.3,243.5,88.7,95.8,156.9,217.0,51.2,70.5,257.8,264.4,84.2,131.1,199.4,88.2,120.7,northland,71907.0
2025-10-01,103.4,3.7,104.8,95.5,59.9,65.2,204.6,175.2,325.6,48.6,170.1,251.7,236.7,182.2,35.1,167.2,298.9,74.3,243.5,88.7,95.8,156.9,217.0,51.2,70.5,257.8,264.4,84.2,131.1,199.4,88.2,120.7,otago,118375.0
2025-10-01,103.4,3.7,104.8,95.5,59.9,65.2,204.6,175.2,325.6,48.6,170.1,251.7,236.7,182.2,35.1,167.2,298.9,74.3,243.5,88.7,95.8,156.9,217.0,51.2,70.5,257.8,264.4,84.2,131.1,199.4,88.2,120.7,southland,49062.0
2025-10-01,103.4,3.7,104.8,95.5,59.9,65.2,204.6,175.2,325.6,48.6,170.1,251.7,236.7,182.2,35.1,167.2,298.9,74.3,243.5,88.7,95.8,156.9,217.0,51.2,70.5,257.8,264.4,84.2,131.1,199.4,88.2,120.7,taranaki,54040.0
2025-10-01,103.4,3.7,104.8,95.5,59.9,65.2,204.6,175.2,325.6,48.6,170.1,251.7,236.7,182.2,35.1,167.2,298.9,74.3,243.5,88.7,95.8,156.9,217.0,51.2,70.5,257.8,264.4,84.2,131.1,199.4,88.2,120.7,tasman,24904.0
2025-10-01,103.4,3.7,104.8,95.5,59.9,65.2,204.6,175.2,325.6,48.6,170.1,251.7,236.7,182.2,35.1,167.2,298.9,74.3,243.5,88.7,95.8,156.9,217.0,51.2,70.5,257.8,264.4,84.2,131.1,199.4,88.2,120.7,waikato,227480.0
2025-10-01,103.4,3.7,104.8,95.5,59.9,65.2,204.6,175.2,325.6,48.6,170.1,251.7,236.7,182.2,35.1,167.2,298.9,74.3,243.5,88.7,95.8,156.9,217.0,51.2,70.5,257.8,264.4,84.2,131.1,199.4,88.2,120.7,wellington,253024.0
2025-10-01,103.4,3.7,104.8,95.5,59.9,65.2,204.6,175.2,325.6,48.6,170.1,251.7,236.7,182.2,35.1,167.2,298.9,74.3,243.5,88.7,95.8,156.9,217.0,51.2,70.5,257.8,264.4,84.2,131.1,199.4,88.2,120.7,west_coast,15273.0
2025-11-01,98.0,6.6,96.7,95.4,55.9,62.1,197.2,159.7,324.9,42.8,158.2,230.4,235.1,189.2,30.1,157.5,278.7,77.6,230.0,81.7,86.3,153.9,210.9,49.8,78.1,240.1,242.3,77.6,119.1,189.7,85.5,129.6,auckland,804261.0
2025-11-01,98.0,6.6,96.7,95.4,55.9,62.1,197.2,159.7,324.9,42.8,158.2,230.4,235.1,189.2,30.1,157.5,278.7,77.6,230.0,81.7,86.3,153.9,210.9,49.8,78.1,240.1,242.3,77.6,119.1,189.7,85.5,129.6,bay_of_plenty,148352.0
2025-11-01,98.0,6.6,96.7,95.4,55.9,62.1,197.2,159.7,324.9,42.8,158.2,230.4,235.1,189.2,30.1,157.5,278.7,77.6,230.0,81.7,86.3,153.9,210.9,49.8,78.1,240.1,242.3,77.6,119.1,189.7,85.5,129.6,canterbury,323106.0
2025-11-01,98.0,6.6,96.7,95.4,55.9,62.1,197.2,159.7,324.9,42.8,158.2,230.4,235.1,189.2,30.1,157.5,278.7,77.6,230.0,81.7,86.3,153.9,210.9,49.8,78.1,240.1,242.3,77.6,119.1,189.7,85.5,129.6,gisborne,22846.0
2025-11-01,98.0,6.6,96.7,95.4,55.9,62.1,197.2,159.7,324.9,42.8,158.2,230.4,235.1,189.2,30.1,157.5,278.7,77.6,230.0,81.7,86.3,153.9,210.9,49.8,78.1,240.1,242.3,77.6,119.1,189.7,85.5,129.6,hawke's_bay,81619.0
2025-11-01,98.0,6.6,96.7,95.4,55.9,62.1,197.2,159.7,324.9,42.8,158.2,230.4,235.1,189.2,30.1,157.5,278.7,77.6,230.0,81.7,86.3,153.9,210.9,49.8,78.1,240.1,242.3,77.6,119.1,189.7,85.5,129.6,manawatu_whanganui,113011.0
2025-11-01,98.0,6.6,96.7,95.4,55.9,62.1,197.2,159.7,324.9,42.8,158.2,230.4,235.1,189.2,30.1,157.5,278.7,77.6,230.0,81.7,86.3,153.9,210.9,49.8,78.1,240.1,242.3,77.6,119.1,189.7,85.5,129.6,marlborough,28081.0
2025-11-01,98.0,6.6,96.7,95.4,55.9,62.1,197.2,159.7,324.9,42.8,158.2,230.4,235.1,189.2,30.1,157.5,278.7,77.6,230.0,81.7,86.3,153.9,210.9,49.8,78.1,240.1,242.3,77.6,119.1,189.7,85.5,129.6,nelson,20506.0
2025-11-01,98.0,6.6,96.7,95.4,55.9,62.1,197.2,159.7,324.9,42.8,158.2,230.4,235.1,189.2,30.1,157.5,278.7,77.6,230.0,81.7,86.3,153.9,210.9,49.8,78.1,240.1,242.3,77.6,119.1,189.7,85.5,129.6,northland,73378.0
2025-11-01,98.0,6.6,96.7,95.4,55.9,62.1,197.2,159.7,324.9,42.8,158.2,230.4,235.1,189.2,30.1,157.5,278.7,77.6,230.0,81.7,86.3,153.9,210.9,49.8,78.1,240.1,242.3,77.6,119.1,189.7,85.5,129.6,otago,121175.0
2025-11-01,98.0,6.6,96.7,95.4,55.9,62.1,197.2,159.7,324.9,42.8,158.2,230.4,235.1,189.2,30.1,157.5,278.7,77.6,230.0,81.7,86.3,153.9,210.9,49.8,78.1,240.1,242.3,77.6,119.1,189.7,85.5,129.6,southland,50421.0
2025-11-01,98.0,6.6,96.7,95.4,55.9,62.1,197.2,159.7,324.9,42.8,158.2,230.4,235.1,189.2,30.1,157.5,278.7,77.6,230.0,81.7,86.3,153.9,210.9,49.8,78.1,240.1,242.3,77.6,119.1,189.7,85.5,129.6,taranaki,55441.0
2025-11-01,98.0,6.6,96.7,95.4,55.9,62.1,197.2,159.7,324.9,42.8,158.2,230.4,235.1,189.2,30.1,157.5,278.7,77.6,230.0,81.7,86.3,153.9,210.9,49.8,78.1,240.1,242.3,77.6,119.1,189.7,85.5,129.6,tasman,25855.0
2025-11-01,98.0,6.6,96.7,95.4,55.9,62.1,197.2,159.7,324.9,42.8,158.2,230.4,235.1,189.2,30.1,157.5,278.7,77.6,230.0,81.7,86.3,153.9,210.9,49.8,78.1,240.1,242.3,77.6,119.1,189.7,85.5,129.6,waikato,231016.0
2025-11-01,98.0,6.6,96.7,95.4,55.9,62.1,197.2,159.7,324.9,42.8,158.2,230.4,235.1,189.2,30.1,157.5,278.7,77.6,230.0,81.7,86.3,153.9,210.9,49.8,78.1,240.1,242.3,77.6,119.1,189.7,85.5,129.6,wellington,256216.0
2025-11-01,98.0,6.6,96.7,95.4,55.9,62.1,197.2,159.7,324.9,42.8,158.2,230.4,235.1,189.2,30.1,157.5,278.7,77.6,230.0,81.7,86.3,153.9,210.9,49.8,78.1,240.1,242.3,77.6,119.1,189.7,85.5,129.6,west_coast,15503.0
2025-12-01,70.4,9.8,71.4,64.1,38.2,41.4,149.2,121.0,247.3,31.6,130.7,124.8,178.3,125.7,20.7,123.2,215.6,45.3,160.5,62.5,61.8,120.6,141.3,35.7,38.2,190.3,176.2,60.1,76.7,149.0,60.5,76.5,auckland,801548.0
2025-12-01,70.4,9.8,71.4,64.1,38.2,41.4,149.2,121.0,247.3,31.6,130.7,124.8,178.3,125.7,20.7,123.2,215.6,45.3,160.5,62.5,61.8,120.6,141.3,35.7,38.2,190.3,176.2,60.1,76.7,149.0,60.5,76.5,bay_of_plenty,147771.0
2025-12-01,70.4,9.8,71.4,64.1,38.2,41.4,149.2,121.0,247.3,31.6,130.7,124.8,178.3,125.7,20.7,123.2,215.6,45.3,160.5,62.5,61.8,120.6,141.3,35.7,38.2,190.3,176.2,60.1,76.7,149.0,60.5,76.5,canterbury,322761.0
2025-12-01,70.4,9.8,71.4,64.1,38.2,41.4,149.2,121.0,247.3,31.6,130.7,124.8,178.3,125.7,20.7,123.2,215.6,45.3,160.5,62.5,61.8,120.6,141.3,35.7,38.2,190.3,176.2,60.1,76.7,149.0,60.5,76.5,gisborne,22888.0
2025-12-01,70.4,9.8,71.4,64.1,38.2,41.4,149.2,121.0,247.3,31.6,130.7,124.8,178.3,125.7,20.7,123.2,215.6,45.3,160.5,62.5,61.8,120.6,141.3,35.7,38.2,190.3,176.2,60.1,76.7,149.0,60.5,76.5,hawke's_bay,82844.0
2025-12-01,70.4,9.8,71.4,64.1,38.2,41.4,149.2,121.0,247.3,31.6,130.7,124.8,178.3,125.7,20.7,123.2,215.6,45.3,160.5,62.5,61.8,120.6,141.3,35.7,38.2,190.3,176.2,60.1,76.7,149.0,60.5,76.5,manawatu_whanganui,113286.0
2025-12-01,70.4,9.8,71.4,64.1,38.2,41.4,149.2,121.0,247.3,31.6,130.7,124.8,178.3,125.7,20.7,123.2,215.6,45.3,160.5,62.5,61.8,120.6,141.3,35.7,38.2,190.3,176.2,60.1,76.7,149.0,60.5,76.5,marlborough,28202.0
2025-12-01,70.4,9.8,71.4,64.1,38.2,41.4,149.2,121.0,247.3,31.6,130.7,124.8,178.3,125.7,20.7,123.2,215.6,45.3,160.5,62.5,61.8,120.6,141.3,35.7,38.2,190.3,176.2,60.1,76.7,149.0,60.5,76.5,nelson,20509.0
2025-12-01,70.4,9.8,71.4,64.1,38.2,41.4,149.2,121.0,247.3,31.6,130.7,124.8,178.3,125.7,20.7,123.2,215.6,45.3,160.5,62.5,61.8,120.6,141.3,35.7,38.2,190.3,176.2,60.1,76.7,149.0,60.5,76.5,northland,73035.0
2025-12-01,70.4,9.8,71.4,64.1,38.2,41.4,149.2,121.0,247.3,31.6,130.7,124.8,178.3,125.7,20.7,123.2,215.6,45.3,160.5,62.5,61.8,120.6,141.3,35.7,38.2,190.3,176.2,60.1,76.7,149.0,60.5,76.5,otago,121474.0
2025-12-01,70.4,9.8,71.4,64.1,38.2,41.4,149.2,121.0,247.3,31.6,130.7,124.8,178.3,125.7,20.7,123.2,215.6,45.3,160.5,62.5,61.8,120.6,141.3,35.7,38.2,190.3,176.2,60.1,76.7,149.0,60.5,76.5,southland,51205.0
2025-12-01,70.4,9.8,71.4,64.1,38.2,41.4,149.2,121.0,247.3,31.6,130.7,124.8,178.3,125.7,20.7,123.2,215.6,45.3,160.5,62.5,61.8,120.6,141.3,35.7,38.2,190.3,176.2,60.1,76.7,149.0,60.5,76.5,taranaki,55549.0
2025-12-01,70.4,9.8,71.4,64.1,38.2,41.4,149.2,121.0,247.3,31.6,130.7,124.8,178.3,125.7,20.7,123.2,215.6,45.3,160.5,62.5,61.8,120.6,141.3,35.7,38.2,190.3,176.2,60.1,76.7,149.0,60.5,76.5,tasman,26280.0
2025-12-01,70.4,9.8,71.4,64.1,38.2,41.4,149.2,121.0,247.3,31.6,130.7,124.8,178.3,125.7,20.7,123.2,215.6,45.3,160.5,62.5,61.8,120.6,141.3,35.7,38.2,190.3,176.2,60.1,76.7,149.0,60.5,76.5,waikato,231620.0
2025-12-01,70.4,9.8,71.4,64.1,38.2,41.4,149.2,121.0,247.3,31.6,130.7,124.8,178.3,125.7,20.7,123.2,215.6,45.3,160.5,62.5,61.8,120.6,141.3,35.7,38.2,190.3,176.2,60.1,76.7,149.0,60.5,76.5,wellington,254905.0
2025-12-01,70.4,9.8,71.4,64.1,38.2,41.4,149.2,121.0,247.3,31.6,130.7,124.8,178.3,125.7,20.7,123.2,215.6,45.3,160.5,62.5,61.8,120.6,141.3,35.7,38.2,190.3,176.2,60.1,76.7,149.0,60.5,76.5,west_coast,15549.0
2026-01-01,111.7,8.2,105.6,117.6,63.8,69.8,227.1,195.4,356.9,53.4,201.4,127.3,238.3,210.6,34.1,196.6,358.2,93.3,269.6,97.5,84.4,190.6,235.1,59.2,95.9,311.0,307.7,88.0,107.1,245.4,105.4,159.8,auckland,784564.0
2026-01-01,111.7,8.2,105.6,117.6,63.8,69.8,227.1,195.4,356.9,53.4,201.4,127.3,238.3,210.6,34.1,196.6,358.2,93.3,269.6,97.5,84.4,190.6,235.1,59.2,95.9,311.0,307.7,88.0,107.1,245.4,105.4,159.8,bay_of_plenty,143951.0
2026-01-01,111.7,8.2,105.6,117.6,63.8,69.8,227.1,195.4,356.9,53.4,201.4,127.3,238.3,210.6,34.1,196.6,358.2,93.3,269.6,97.5,84.4,190.6,235.1,59.2,95.9,311.0,307.7,88.0,107.1,245.4,105.4,159.8,canterbury,316261.0
2026-01-01,111.7,8.2,105.6,117.6,63.8,69.8,227.1,195.4,356.9,53.4,201.4,127.3,238.3,210.6,34.1,196.6,358.2,93.3,269.6,97.5,84.4,190.6,235.1,59.2,95.9,311.0,307.7,88.0,107.1,245.4,105.4,159.8,gisborne,22390.0
2026-01-01,111.7,8.2,105.6,117.6,63.8,69.8,227.1,195.4,356.9,53.4,201.4,127.3,238.3,210.6,34.1,196.6,358.2,93.3,269.6,97.5,84.4,190.6,235.1,59.2,95.9,311.0,307.7,88.0,107.1,245.4,105.4,159.8,hawke's_bay,80609.0
2026-01-01,111.7,8.2,105.6,117.6,63.8,69.8,227.1,195.4,356.9,53.4,201.4,127.3,238.3,210.6,34.1,196.6,358.2,93.3,269.6,97.5,84.4,190.6,235.1,59.2,95.9,311.0,307.7,88.0,107.1,245.4,105.4,159.8,manawatu_whanganui,111074.0
2026-01-01,111.7,8.2,105.6,117.6,63.8,69.8,227.1,195.4,356.9,53.4,201.4,127.3,238.3,210.6,34.1,196.6,358.2,93.3,269.6,97.5,84.4,190.6,235.1,59.2,95.9,311.0,307.7,88.0,107.1,245.4,105.4,159.8,marlborough,27320.0
2026-01-01,111.7,8.2,105.6,117.6,63.8,69.8,227.1,195.4,356.9,53.4,201.4,127.3,238.3,210.6,34.1,196.6,358.2,93.3,269.6,97.5,84.4,190.6,235.1,59.2,95.9,311.0,307.7,88.0,107.1,245.4,105.4,159.8,nelson,20143.0
2026-01-01,111.7,8.2,105.6,117.6,63.8,69.8,227.1,195.4,356.9,53.4,201.4,127.3,238.3,210.6,34.1,196.6,358.2,93.3,269.6,97.5,84.4,190.6,235.1,59.2,95.9,311.0,307.7,88.0,107.1,245.4,105.4,159.8,northland,71140.0
2026-01-01,111.7,8.2,105.6,117.6,63.8,69.8,227.1,195.4,356.9,53.4,201.4,127.3,238.3,210.6,34.1,196.6,358.2,93.3,269.6,97.5,84.4,190.6,235.1,59.2,95.9,311.0,307.7,88.0,107.1,245.4,105.4,159.8,otago,118598.0
2026-01-01,111.7,8.2,105.6,117.6,63.8,69.8,227.1,195.4,356.9,53.4,201.4,127.3,238.3,210.6,34.1,196.6,358.2,93.3,269.6,97.5,84.4,190.6,235.1,59.2,95.9,311.0,307.7,88.0,107.1,245.4,105.4,159.8,southland,50041.0
2026-01-01,111.7,8.2,105.6,117.6,63.8,69.8,227.1,195.4,356.9,53.4,201.4,127.3,238.3,210.6,34.1,196.6,358.2,93.3,269.6,97.5,84.4,190.6,235.1,59.2,95.9,311.0,307.7,88.0,107.1,245.4,105.4,159.8,taranaki,54448.0
2026-01-01,111.7,8.2,105.6,117.6,63.8,69.8,227.1,195.4,356.9,53.4,201.4,127.3,238.3,210.6,34.1,196.6,358.2,93.3,269.6,97.5,84.4,190.6,235.1,59.2,95.9,311.0,307.7,88.0,107.1,245.4,105.4,159.8,tasman,25599.0
2026-01-01,111.7,8.2,105.6,117.6,63.8,69.8,227.1,195.4,356.9,53.4,201.4,127.3,238.3,210.6,34.1,196.6,358.2,93.3,269.6,97.5,84.4,190.6,235.1,59.2,95.9,311.0,307.7,88.0,107.1,245.4,105.4,159.8,waikato,226817.0
2026-01-01,111.7,8.2,105.6,117.6,63.8,69.8,227.1,195.4,356.9,53.4,201.4,127.3,238.3,210.6,34.1,196.6,358.2,93.3,269.6,97.5,84.4,190.6,235.1,59.2,95.9,311.0,307.7,88.0,107.1,245.4,105.4,159.8,wellington,249629.0
2026-01-01,111.7,8.2,105.6,117.6,63.8,69.8,227.1,195.4,356.9,53.4,201.4,127.3,238.3,210.6,34.1,196.6,358.2,93.3,269.6,97.5,84.4,190.6,235.1,59.2,95.9,311.0,307.7,88.0,107.1,245.4,105.4,159.8,west_coast,15422.0
2026-02-01,103.7,13.6,99.9,106.1,60.7,64.7,210.2,180.4,318.3,49.8,183.2,149.7,234.5,187.8,30.9,187.0,304.6,83.9,236.0,87.1,84.3,169.5,213.1,57.8,84.2,275.4,273.6,83.3,105.8,218.3,96.8,138.1,auckland,793482.0
2026-02-01,103.7,13.6,99.9,106.1,60.7,64.7,210.2,180.4,318.3,49.8,183.2,149.7,234.5,187.8,30.9,187.0,304.6,83.9,236.0,87.1,84.3,169.5,213.1,57.8,84.2,275.4,273.6,83.3,105.8,218.3,96.8,138.1,bay_of_plenty,145037.0
2026-02-01,103.7,13.6,99.9,106.1,60.7,64.7,210.2,180.4,318.3,49.8,183.2,149.7,234.5,187.8,30.9,187.0,304.6,83.9,236.0,87.1,84.3,169.5,213.1,57.8,84.2,275.4,273.6,83.3,105.8,218.3,96.8,138.1,canterbury,319576.0
2026-02-01,103.7,13.6,99.9,106.1,60.7,64.7,210.2,180.4,318.3,49.8,183.2,149.7,234.5,187.8,30.9,187.0,304.6,83.9,236.0,87.1,84.3,169.5,213.1,57.8,84.2,275.4,273.6,83.3,105.8,218.3,96.8,138.1,gisborne,22585.0
2026-02-01,103.7,13.6,99.9,106.1,60.7,64.7,210.2,180.4,318.3,49.8,183.2,149.7,234.5,187.8,30.9,187.0,304.6,83.9,236.0,87.1,84.3,169.5,213.1,57.8,84.2,275.4,273.6,83.3,105.8,218.3,96.8,138.1,hawke's_bay,82730.0
2026-02-01,103.7,13.6,99.9,106.1,60.7,64.7,210.2,180.4,318.3,49.8,183.2,149.7,234.5,187.8,30.9,187.0,304.6,83.9,236.0,87.1,84.3,169.5,213.1,57.8,84.2,275.4,273.6,83.3,105.8,218.3,96.8,138.1,manawatu_whanganui,112223.0
2026-02-01,103.7,13.6,99.9,106.1,60.7,64.7,210.2,180.4,318.3,49.8,183.2,149.7,234.5,187.8,30.9,187.0,304.6,83.9,236.0,87.1,84.3,169.5,213.1,57.8,84.2,275.4,273.6,83.3,105.8,218.3,96.8,138.1,marlborough,27507.0
2026-02-01,103.7,13.6,99.9,106.1,60.7,64.7,210.2,180.4,318.3,49.8,183.2,149.7,234.5,187.8,30.9,187.0,304.6,83.9,236.0,87.1,84.3,169.5,213.1,57.8,84.2,275.4,273.6,83.3,105.8,218.3,96.8,138.1,nelson,20257.0
2026-02-01,103.7,13.6,99.9,106.1,60.7,64.7,210.2,180.4,318.3,49.8,183.2,149.7,234.5,187.8,30.9,187.0,304.6,83.9,236.0,87.1,84.3,169.5,213.1,57.8,84.2,275.4,273.6,83.3,105.8,218.3,96.8,138.1,northland,71854.0
2026-02-01,103.7,13.6,99.9,106.1,60.7,64.7,210.2,180.4,318.3,49.8,183.2,149.7,234.5,187.8,30.9,187.0,304.6,83.9,236.0,87.1,84.3,169.5,213.1,57.8,84.2,275.4,273.6,83.3,105.8,218.3,96.8,138.1,otago,120630.0
2026-02-01,103.7,13.6,99.9,106.1,60.7,64.7,210.2,180.4,318.3,49.8,183.2,149.7,234.5,187.8,30.9,187.0,304.6,83.9,236.0,87.1,84.3,169.5,213.1,57.8,84.2,275.4,273.6,83.3,105.8,218.3,96.8,138.1,southland,50961.0
2026-02-01,103.7,13.6,99.9,106.1,60.7,64.7,210.2,180.4,318.3,49.8,183.2,149.7,234.5,187.8,30.9,187.0,304.6,83.9,236.0,87.1,84.3,169.5,213.1,57.8,84.2,275.4,273.6,83.3,105.8,218.3,96.8,138.1,taranaki,54703.0
2026-02-01,103.7,13.6,99.9,106.1,60.7,64.7,210.2,180.4,318.3,49.8,183.2,149.7,234.5,187.8,30.9,187.0,304.6,83.9,236.0,87.1,84.3,169.5,213.1,57.8,84.2,275.4,273.6,83.3,105.8,218.3,96.8,138.1,tasman,25850.0
2026-02-01,103.7,13.6,99.9,106.1,60.7,64.7,210.2,180.4,318.3,49.8,183.2,149.7,234.5,187.8,30.9,187.0,304.6,83.9,236.0,87.1,84.3,169.5,213.1,57.8,84.2,275.4,273.6,83.3,105.8,218.3,96.8,138.1,waikato,229332.0
2026-02-01,103.7,13.6,99.9,106.1,60.7,64.7,210.2,180.4,318.3,49.8,183.2,149.7,234.5,187.8,30.9,187.0,304.6,83.9,236.0,87.1,84.3,169.5,213.1,57.8,84.2,275.4,273.6,83.3,105.8,218.3,96.8,138.1,wellington,252124.0
2026-02-01,103.7,13.6,99.9,106.1,60.7,64.7,210.2,180.4,318.3,49.8,183.2,149.7,234.5,187.8,30.9,187.0,304.6,83.9,236.0,87.1,84.3,169.5,213.1,57.8,84.2,275.4,273.6,83.3,105.8,218.3,96.8,138.1,west_coast,15532.0
2026-03-01,114.8,13.8,112.5,112.5,66.6,74.1,233.0,192.1,352.6,57.2,201.5,178.2,280.4,164.5,36.6,198.2,346.5,90.5,261.9,98.8,97.2,179.3,232.7,63.3,87.5,296.2,294.5,95.9,118.5,231.3,101.9,148.9,auckland,800276.0
2026-03-01,114.8,13.8,112.5,112.5,66.6,74.1,233.0,192.1,352.6,57.2,201.5,178.2,280.4,164.5,36.6,198.2,346.5,90.5,261.9,98.8,97.2,179.3,232.7,63.3,87.5,296.2,294.5,95.9,118.5,231.3,101.9,148.9,bay_of_plenty,148766.0
2026-03-01,114.8,13.8,112.5,112.5,66.6,74.1,233.0,192.1,352.6,57.2,201.5,178.2,280.4,164.5,36.6,198.2,346.5,90.5,261.9,98.8,97.2,179.3,232.7,63.3,87.5,296.2,294.5,95.9,118.5,231.3,101.9,148.9,canterbury,322108.0
2026-03-01,114.8,13.8,112.5,112.5,66.6,74.1,233.0,192.1,352.6,57.2,201.5,178.2,280.4,164.5,36.6,198.2,346.5,90.5,261.9,98.8,97.2,179.3,232.7,63.3,87.5,296.2,294.5,95.9,118.5,231.3,101.9,148.9,gisborne,22816.0
2026-03-01,114.8,13.8,112.5,112.5,66.6,74.1,233.0,192.1,352.6,57.2,201.5,178.2,280.4,164.5,36.6,198.2,346.5,90.5,261.9,98.8,97.2,179.3,232.7,63.3,87.5,296.2,294.5,95.9,118.5,231.3,101.9,148.9,hawke's_bay,84262.0
2026-03-01,114.8,13.8,112.5,112.5,66.6,74.1,233.0,192.1,352.6,57.2,201.5,178.2,280.4,164.5,36.6,198.2,346.5,90.5,261.9,98.8,97.2,179.3,232.7,63.3,87.5,296.2,294.5,95.9,118.5,231.3,101.9,148.9,manawatu_whanganui,112688.0
2026-03-01,114.8,13.8,112.5,112.5,66.6,74.1,233.0,192.1,352.6,57.2,201.5,178.2,280.4,164.5,36.6,198.2,346.5,90.5,261.9,98.8,97.2,179.3,232.7,63.3,87.5,296.2,294.5,95.9,118.5,231.3,101.9,148.9,marlborough,28265.0
2026-03-01,114.8,13.8,112.5,112.5,66.6,74.1,233.0,192.1,352.6,57.2,201.5,178.2,280.4,164.5,36.6,198.2,346.5,90.5,261.9,98.8,97.2,179.3,232.7,63.3,87.5,296.2,294.5,95.9,118.5,231.3,101.9,148.9,nelson,20359.0
2026-03-01,114.8,13.8,112.5,112.5,66.6,74.1,233.0,192.1,352.6,57.2,201.5,178.2,280.4,164.5,36.6,198.2,346.5,90.5,261.9,98.8,97.2,179.3,232.7,63.3,87.5,296.2,294.5,95.9,118.5,231.3,101.9,148.9,northland,72393.0
2026-03-01,114.8,13.8,112.5,112.5,66.6,74.1,233.0,192.1,352.6,57.2,201.5,178.2,280.4,164.5,36.6,198.2,346.5,90.5,261.9,98.8,97.2,179.3,232.7,63.3,87.5,296.2,294.5,95.9,118.5,231.3,101.9,148.9,otago,120982.0
2026-03-01,114.8,13.8,112.5,112.5,66.6,74.1,233.0,192.1,352.6,57.2,201.5,178.2,280.4,164.5,36.6,198.2,346.5,90.5,261.9,98.8,97.2,179.3,232.7,63.3,87.5,296.2,294.5,95.9,118.5,231.3,101.9,148.9,southland,50798.0
2026-03-01,114.8,13.8,112.5,112.5,66.6,74.1,233.0,192.1,352.6,57.2,201.5,178.2,280.4,164.5,36.6,198.2,346.5,90.5,261.9,98.8,97.2,179.3,232.7,63.3,87.5,296.2,294.5,95.9,118.5,231.3,101.9,148.9,taranaki,54780.0
2026-03-01,114.8,13.8,112.5,112.5,66.6,74.1,233.0,192.1,352.6,57.2,201.5,178.2,280.4,164.5,36.6,198.2,346.5,90.5,261.9,98.8,97.2,179.3,232.7,63.3,87.5,296.2,294.5,95.9,118.5,231.3,101.9,148.9,tasman,26537.0
2026-03-01,114.8,13.8,112.5,112.5,66.6,74.1,233.0,192.1,352.6,57.2,201.5,178.2,280.4,164.5,36.6,198.2,346.5,90.5,261.9,98.8,97.2,179.3,232.7,63.3,87.5,296.2,294.5,95.9,118.5,231.3,101.9,148.9,waikato,230481.0
2026-03-01,114.8,13.8,112.5,112.5,66.6,74.1,233.0,192.1,352.6,57.2,201.5,178.2,280.4,164.5,36.6,198.2,346.5,90.5,261.9,98.8,97.2,179.3,232.7,63.3,87.5,296.2,294.5,95.9,118.5,231.3,101.9,148.9,wellington,254347.0
2026-03-01,114.8,13.8,112.5,112.5,66.6,74.1,233.0,192.1,352.6,57.2,201.5,178.2,280.4,164.5,36.6,198.2,346.5,90.5,261.9,98.8,97.2,179.3,232.7,63.3,87.5,296.2,294.5,95.9,118.5,231.3,101.9,148.9,west_coast,15563.0
