date,category_type,category,region_code,vacancy_index
2010-12-01,industry,accounting,akl,100.0
2010-12-01,industry,accounting,bop,100.0
2010-12-01,industry,accounting,cant,100.0
2010-12-01,industry,accounting,gis,100.0
2010-12-01,industry,accounting,mrl,100.0
2010-12-01,industry,accounting,mwt,100.0
2010-12-01,industry,accounting,nld,100.0
2010-12-01,industry,accounting,otg,100.0
2010-12-01,industry,accounting,wai,100.0
2010-12-01,industry,accounting,wlg,100.0
2010-12-01,industry,construction,akl,100.0
2010-12-01,industry,construction,bop,100.0
2010-12-01,industry,construction,cant,100.0
2010-12-01,industry,construction,gis,100.0
2010-12-01,industry,construction,mrl,100.0
2010-12-01,industry,construction,mwt,100.0
2010-12-01,industry,construction,nld,100.0
2010-12-01,industry,construction,otg,100.0
2010-12-01,industry,construction,wai,100.0
2010-12-01,industry,construction,wlg,100.0
2010-12-01,industry,education,akl,100.0
2010-12-01,industry,education,bop,100.0
2010-12-01,industry,education,cant,100.0
2010-12-01,industry,education,gis,100.0
2010-12-01,industry,education,mrl,100.0
2010-12-01,industry,education,mwt,100.0
2010-12-01,industry,education,nld,100.0
2010-12-01,industry,education,otg,100.0
2010-12-01,industry,education,wai,100.0
2010-12-01,industry,education,wlg,100.0
2010-12-01,industry,health,akl,100.0
2010-12-01,industry,health,bop,100.0
2010-12-01,industry,health,cant,100.0
2010-12-01,industry,health,gis,100.0
2010-12-01,industry,health,mrl,100.0
2010-12-01,industry,health,mwt,100.0
2010-12-01,industry,health,nld,100.0
2010-12-01,industry,health,otg,100.0
2010-12-01,industry,health,wai,100.0
2010-12-01,industry,health,wlg,100.0
2010-12-01,industry,hospitality,akl,100.0
2010-12-01,industry,hospitality,bop,100.0
2010-12-01,industry,hospitality,cant,100.0
2010-12-01,industry,hospitality,gis,100.0
2010-12-01,industry,hospitality,mrl,100.0
2010-12-01,industry,hospitality,mwt,100.0
2010-12-01,industry,hospitality,nld,100.0
2010-12-01,industry,hospitality,otg,100.0
2010-12-01,industry,hospitality,wai,100.0
2010-12-01,industry,hospitality,wlg,100.0
2010-12-01,industry,it,akl,100.0
2010-12-01,industry,it,bop,100.0
2010-12-01,industry,it,cant,100.0
2010-12-01,industry,it,gis,100.0
2010-12-01,industry,it,mrl,100.0
2010-12-01,industry,it,mwt,100.0
2010-12-01,industry,it,nld,100.0
2010-12-01,industry,it,otg,100.0
2010-12-01,industry,it,wai,100.0
2010-12-01,industry,it,wlg,100.0
2010-12-01,industry,manufacturing,akl,100.0
2010-12-01,industry,manufacturing,bop,100.0
2010-12-01,industry,manufacturing,cant,100.0
2010-12-01,industry,manufacturing,gis,100.0
2010-12-01,industry,manufacturing,mrl,100.0
2010-12-01,industry,manufacturing,mwt,100.0
2010-12-01,industry,manufacturing,nld,100.0
2010-12-01,industry,manufacturing,otg,100.0
2010-12-01,industry,manufacturing,wai,100.0
2010-12-01,industry,manufacturing,wlg,100.0
2010-12-01,industry,other,akl,100.0
2010-12-01,industry,other,bop,100.0
2010-12-01,industry,other,cant,100.0
2010-12-01,industry,other,gis,100.0
2010-12-01,industry,other,mrl,100.0
2010-12-01,industry,other,mwt,100.0
2010-12-01,industry,other,nld,100.0
2010-12-01,industry,other,otg,100.0
2010-12-01,industry,other,wai,100.0
2010-12-01,industry,other,wlg,100.0
2010-12-01,industry,primary,akl,100.0
2010-12-01,industry,primary,bop,100.0
2010-12-01,industry,primary,cant,100.0
2010-12-01,industry,primary,gis,100.0
2010-12-01,industry,primary,mrl,100.0
2010-12-01,industry,primary,mwt,100.0
2010-12-01,industry,primary,nld,100.0
2010-12-01,industry,primary,otg,100.0
2010-12-01,industry,primary,wai,100.0
2010-12-01,industry,primary,wlg,100.0
2010-12-01,industry,sales,akl,100.0
2010-12-01,industry,sales,bop,100.0
2010-12-01,industry,sales,cant,100.0
2010-12-01,industry,sales,gis,100.0
2010-12-01,industry,sales,mrl,100.0
2010-12-01,industry,sales,mwt,100.0
2010-12-01,industry,sales,nld,100.0
2010-12-01,industry,sales,otg,100.0
2010-12-01,industry,sales,wai,100.0
2010-12-01,industry,sales,wlg,100.0
2010-12-01,occupation,clerical_admin,akl,100.0
2010-12-01,occupation,clerical_admin,bop,100.0
2010-12-01,occupation,clerical_admin,cant,100.0
2010-12-01,occupation,clerical_admin,gis,100.0
2010-12-01,occupation,clerical_admin,mrl,100.0
2010-12-01,occupation,clerical_admin,mwt,100.0
2010-12-01,occupation,clerical_admin,nld,100.0
2010-12-01,occupation,clerical_admin,otg,100.0
2010-12-01,occupation,clerical_admin,wai,100.0
2010-12-01,occupation,clerical_admin,wlg,100.0
2010-12-01,occupation,community_services,akl,100.0
2010-12-01,occupation,community_services,bop,100.0
2010-12-01,occupation,community_services,cant,100.0
2010-12-01,occupation,community_services,gis,100.0
2010-12-01,occupation,community_services,mrl,100.0
2010-12-01,occupation,community_services,mwt,100.0
2010-12-01,occupation,community_services,nld,100.0
2010-12-01,occupation,community_services,otg,100.0
2010-12-01,occupation,community_services,wai,100.0
2010-12-01,occupation,community_services,wlg,100.0
2010-12-01,occupation,labourers,akl,100.0
2010-12-01,occupation,labourers,bop,100.0
2010-12-01,occupation,labourers,cant,100.0
2010-12-01,occupation,labourers,gis,100.0
2010-12-01,occupation,labourers,mrl,100.0
2010-12-01,occupation,labourers,mwt,100.0
2010-12-01,occupation,labourers,nld,100.0
2010-12-01,occupation,labourers,otg,100.0
2010-12-01,occupation,labourers,wai,100.0
2010-12-01,occupation,labourers,wlg,100.0
2010-12-01,occupation,machinery_drivers,akl,100.0
2010-12-01,occupation,machinery_drivers,bop,100.0
2010-12-01,occupation,machinery_drivers,cant,100.0
2010-12-01,occupation,machinery_drivers,gis,100.0
2010-12-01,occupation,machinery_drivers,mrl,100.0
2010-12-01,occupation,machinery_drivers,mwt,100.0
2010-12-01,occupation,machinery_drivers,nld,100.0
2010-12-01,occupation,machinery_drivers,otg,100.0
2010-12-01,occupation,machinery_drivers,wai,100.0
2010-12-01,occupation,machinery_drivers,wlg,100.0
2010-12-01,occupation,managers,akl,100.0
2010-12-01,occupation,managers,bop,100.0
2010-12-01,occupation,managers,cant,100.0
2010-12-01,occupation,managers,gis,100.0
2010-12-01,occupation,managers,mrl,100.0
2010-12-01,occupation,managers,mwt,100.0
2010-12-01,occupation,managers,nld,100.0
2010-12-01,occupation,managers,otg,100.0
2010-12-01,occupation,managers,wai,100.0
2010-12-01,occupation,managers,wlg,100.0
2010-12-01,occupation,professionals,akl,100.0
2010-12-01,occupation,professionals,bop,100.0
2010-12-01,occupation,professionals,cant,100.0
2010-12-01,occupation,professionals,gis,100.0
2010-12-01,occupation,professionals,mrl,100.0
2010-12-01,occupation,professionals,mwt,100.0
2010-12-01,occupation,professionals,nld,100.0
2010-12-01,occupation,professionals,otg,100.0
2010-12-01,occupation,professionals,wai,100.0
2010-12-01,occupation,professionals,wlg,100.0
2010-12-01,occupation,sales,akl,100.0
2010-12-01,occupation,sales,bop,100.0
2010-12-01,occupation,sales,cant,100.0
2010-12-01,occupation,sales,gis,100.0
2010-12-01,occupation,sales,mrl,100.0
2010-12-01,occupation,sales,mwt,100.0
2010-12-01,occupation,sales,nld,100.0
2010-12-01,occupation,sales,otg,100.0
2010-12-01,occupation,sales,wai,100.0
2010-12-01,occupation,sales,wlg,100.0
2010-12-01,occupation,trades_and_technical,akl,100.0
2010-12-01,occupation,trades_and_technical,bop,100.0
2010-12-01,occupation,trades_and_technical,cant,100.0
2010-12-01,occupation,trades_and_technical,gis,100.0
2010-12-01,occupation,trades_and_technical,mrl,100.0
2010-12-01,occupation,trades_and_technical,mwt,100.0
2010-12-01,occupation,trades_and_technical,nld,100.0
2010-12-01,occupation,trades_and_technical,otg,100.0
2010-12-01,occupation,trades_and_technical,wai,100.0
2010-12-01,occupation,trades_and_technical,wlg,100.0
2010-12-01,skill_level,highly_skilled,akl,100.0
2010-12-01,skill_level,highly_skilled,bop,100.0
2010-12-01,skill_level,highly_skilled,cant,100.0
2010-12-01,skill_level,highly_skilled,gis,100.0
2010-12-01,skill_level,highly_skilled,mrl,100.0
2010-12-01,skill_level,highly_skilled,mwt,100.0
2010-12-01,skill_level,highly_skilled,nld,100.0
2010-12-01,skill_level,highly_skilled,otg,100.0
2010-12-01,skill_level,highly_skilled,wai,100.0
2010-12-01,skill_level,highly_skilled,wlg,100.0
2010-12-01,skill_level,low_skilled,akl,100.0
2010-12-01,skill_level,low_skilled,bop,100.0
2010-12-01,skill_level,low_skilled,cant,100.0
2010-12-01,skill_level,low_skilled,gis,100.0
2010-12-01,skill_level,low_skilled,mrl,100.0
2010-12-01,skill_level,low_skilled,mwt,100.0
2010-12-01,skill_level,low_skilled,nld,100.0
2010-12-01,skill_level,low_skilled,otg,100.0
2010-12-01,skill_level,low_skilled,wai,100.0
2010-12-01,skill_level,low_skilled,wlg,100.0
2010-12-01,skill_level,semi_skilled,akl,100.0
2010-12-01,skill_level,semi_skilled,bop,100.0
2010-12-01,skill_level,semi_skilled,cant,100.0
2010-12-01,skill_level,semi_skilled,gis,100.0
2010-12-01,skill_level,semi_skilled,mrl,100.0
2010-12-01,skill_level,semi_skilled,mwt,100.0
2010-12-01,skill_level,semi_skilled,nld,100.0
2010-12-01,skill_level,semi_skilled,otg,100.0
2010-12-01,skill_level,semi_skilled,wai,100.0
2010-12-01,skill_level,semi_skilled,wlg,100.0
2010-12-01,skill_level,skilled,akl,100.0
2010-12-01,skill_level,skilled,bop,100.0
2010-12-01,skill_level,skilled,cant,100.0
2010-12-01,skill_level,skilled,gis,100.0
2010-12-01,skill_level,skilled,mrl,100.0
2010-12-01,skill_level,skilled,mwt,100.0
2010-12-01,skill_level,skilled,nld,100.0
2010-12-01,skill_level,skilled,otg,100.0
2010-12-01,skill_level,skilled,wai,100.0
2010-12-01,skill_level,skilled,wlg,100.0
2010-12-01,skill_level,unskilled,akl,100.0
2010-12-01,skill_level,unskilled,bop,100.0
2010-12-01,skill_level,unskilled,cant,100.0
2010-12-01,skill_level,unskilled,gis,100.0
2010-12-01,skill_level,unskilled,mrl,100.0
2010-12-01,skill_level,unskilled,mwt,100.0
2010-12-01,skill_level,unskilled,nld,100.0
2010-12-01,skill_level,unskilled,otg,100.0
2010-12-01,skill_level,unskilled,wai,100.0
2010-12-01,skill_level,unskilled,wlg,100.0
2011-03-01,industry,accounting,akl,120.84
2011-03-01,industry,accounting,bop,127.92
2011-03-01,industry,accounting,cant,114.29
2011-03-01,industry,accounting,gis,121.99
2011-03-01,industry,accounting,mrl,109.77
2011-03-01,industry,accounting,mwt,132.58
2011-03-01,industry,accounting,nld,91.54
2011-03-01,industry,accounting,otg,131.51
2011-03-01,industry,accounting,wai,122.12
2011-03-01,industry,accounting,wlg,142.35
2011-03-01,industry,construction,akl,121.03
2011-03-01,industry,construction,bop,128.08
2011-03-01,industry,construction,cant,124.26
2011-03-01,industry,construction,gis,104.17
2011-03-01,industry,construction,mrl,118.22
2011-03-01,industry,construction,mwt,108.95
2011-03-01,industry,construction,nld,169.59
2011-03-01,industry,construction,otg,140.3
2011-03-01,industry,construction,wai,126.02
2011-03-01,industry,construction,wlg,120.14
2011-03-01,industry,education,akl,65.01
2011-03-01,industry,education,bop,54.1
2011-03-01,industry,education,cant,54.49
2011-03-01,industry,education,gis,40.41
2011-03-01,industry,education,mrl,32.61
2011-03-01,industry,education,mwt,56.64
2011-03-01,industry,education,nld,45.21
2011-03-01,industry,education,otg,45.74
2011-03-01,industry,education,wai,48.39
2011-03-01,industry,education,wlg,67.54
2011-03-01,industry,health,akl,117.05
2011-03-01,industry,health,bop,133.5
2011-03-01,industry,health,cant,102.71
2011-03-01,industry,health,gis,121.05
2011-03-01,industry,health,mrl,124.59
2011-03-01,industry,health,mwt,97.54
2011-03-01,industry,health,nld,113.0
2011-03-01,industry,health,otg,123.03
2011-03-01,industry,health,wai,115.29
2011-03-01,industry,health,wlg,105.04
2011-03-01,industry,hospitality,akl,125.21
2011-03-01,industry,hospitality,bop,117.73
2011-03-01,industry,hospitality,cant,106.92
2011-03-01,industry,hospitality,gis,126.4
2011-03-01,industry,hospitality,mrl,108.39
2011-03-01,industry,hospitality,mwt,116.54
2011-03-01,industry,hospitality,nld,124.14
2011-03-01,industry,hospitality,otg,113.01
2011-03-01,industry,hospitality,wai,116.52
2011-03-01,industry,hospitality,wlg,157.14
2011-03-01,industry,it,akl,116.4
2011-03-01,industry,it,bop,156.63
2011-03-01,industry,it,cant,95.65
2011-03-01,industry,it,gis,133.33
2011-03-01,industry,it,mrl,119.23
2011-03-01,industry,it,mwt,114.12
2011-03-01,industry,it,nld,78.57
2011-03-01,industry,it,otg,91.4
2011-03-01,industry,it,wai,164.32
2011-03-01,industry,it,wlg,111.47
2011-03-01,industry,manufacturing,akl,115.61
2011-03-01,industry,manufacturing,bop,141.18
2011-03-01,industry,manufacturing,cant,144.94
2011-03-01,industry,manufacturing,gis,115.32
2011-03-01,industry,manufacturing,mrl,139.13
2011-03-01,industry,manufacturing,mwt,109.57
2011-03-01,industry,manufacturing,nld,121.43
2011-03-01,industry,manufacturing,otg,74.38
2011-03-01,industry,manufacturing,wai,121.22
2011-03-01,industry,manufacturing,wlg,129.97
2011-03-01,industry,other,akl,127.58
2011-03-01,industry,other,bop,166.35
2011-03-01,industry,other,cant,106.05
2011-03-01,industry,other,gis,86.84
2011-03-01,industry,other,mrl,96.05
2011-03-01,industry,other,mwt,107.28
2011-03-01,industry,other,nld,135.29
2011-03-01,industry,other,otg,117.86
2011-03-01,industry,other,wai,113.23
2011-03-01,industry,other,wlg,131.09
2011-03-01,industry,primary,akl,131.29
2011-03-01,industry,primary,bop,204.55
2011-03-01,industry,primary,cant,116.05
2011-03-01,industry,primary,gis,115.87
2011-03-01,industry,primary,mrl,130.11
2011-03-01,industry,primary,mwt,125.71
2011-03-01,industry,primary,nld,166.67
2011-03-01,industry,primary,otg,111.01
2011-03-01,industry,primary,wai,134.74
2011-03-01,industry,primary,wlg,137.31
2011-03-01,industry,sales,akl,126.69
2011-03-01,industry,sales,bop,126.49
2011-03-01,industry,sales,cant,110.39
2011-03-01,industry,sales,gis,148.5
2011-03-01,industry,sales,mrl,135.27
2011-03-01,industry,sales,mwt,118.55
2011-03-01,industry,sales,nld,121.54
2011-03-01,industry,sales,otg,119.73
2011-03-01,industry,sales,wai,121.36
2011-03-01,industry,sales,wlg,133.46
2011-03-01,occupation,clerical_admin,akl,122.7
2011-03-01,occupation,clerical_admin,bop,142.5
2011-03-01,occupation,clerical_admin,cant,113.4
2011-03-01,occupation,clerical_admin,gis,132.7
2011-03-01,occupation,clerical_admin,mrl,136.1
2011-03-01,occupation,clerical_admin,mwt,132.1
2011-03-01,occupation,clerical_admin,nld,117.4
2011-03-01,occupation,clerical_admin,otg,131.5
2011-03-01,occupation,clerical_admin,wai,134.0
2011-03-01,occupation,clerical_admin,wlg,146.9
2011-03-01,occupation,community_services,akl,134.6
2011-03-01,occupation,community_services,bop,128.9
2011-03-01,occupation,community_services,cant,118.4
2011-03-01,occupation,community_services,gis,111.0
2011-03-01,occupation,community_services,mrl,115.5
2011-03-01,occupation,community_services,mwt,120.9
2011-03-01,occupation,community_services,nld,122.2
2011-03-01,occupation,community_services,otg,135.1
2011-03-01,occupation,community_services,wai,138.2
2011-03-01,occupation,community_services,wlg,150.5
2011-03-01,occupation,labourers,akl,142.5
2011-03-01,occupation,labourers,bop,149.0
2011-03-01,occupation,labourers,cant,140.9
2011-03-01,occupation,labourers,gis,114.3
2011-03-01,occupation,labourers,mrl,119.7
2011-03-01,occupation,labourers,mwt,131.0
2011-03-01,occupation,labourers,nld,166.7
2011-03-01,occupation,labourers,otg,114.4
2011-03-01,occupation,labourers,wai,139.7
2011-03-01,occupation,labourers,wlg,167.9
2011-03-01,occupation,machinery_drivers,akl,110.2
2011-03-01,occupation,machinery_drivers,bop,128.1
2011-03-01,occupation,machinery_drivers,cant,118.9
2011-03-01,occupation,machinery_drivers,gis,104.3
2011-03-01,occupation,machinery_drivers,mrl,115.4
2011-03-01,occupation,machinery_drivers,mwt,116.3
2011-03-01,occupation,machinery_drivers,nld,207.1
2011-03-01,occupation,machinery_drivers,otg,89.1
2011-03-01,occupation,machinery_drivers,wai,100.0
2011-03-01,occupation,machinery_drivers,wlg,121.6
2011-03-01,occupation,managers,akl,116.7
2011-03-01,occupation,managers,bop,130.4
2011-03-01,occupation,managers,cant,110.1
2011-03-01,occupation,managers,gis,135.9
2011-03-01,occupation,managers,mrl,123.0
2011-03-01,occupation,managers,mwt,112.9
2011-03-01,occupation,managers,nld,99.0
2011-03-01,occupation,managers,otg,112.0
2011-03-01,occupation,managers,wai,116.1
2011-03-01,occupation,managers,wlg,119.7
2011-03-01,occupation,professionals,akl,107.8
2011-03-01,occupation,professionals,bop,97.5
2011-03-01,occupation,professionals,cant,92.5
2011-03-01,occupation,professionals,gis,75.2
2011-03-01,occupation,professionals,mrl,72.1
2011-03-01,occupation,professionals,mwt,77.9
2011-03-01,occupation,professionals,nld,90.5
2011-03-01,occupation,professionals,otg,92.4
2011-03-01,occupation,professionals,wai,92.6
2011-03-01,occupation,professionals,wlg,106.9
2011-03-01,occupation,sales,akl,133.8
2011-03-01,occupation,sales,bop,127.9
2011-03-01,occupation,sales,cant,110.9
2011-03-01,occupation,sales,gis,126.2
2011-03-01,occupation,sales,mrl,144.0
2011-03-01,occupation,sales,mwt,137.0
2011-03-01,occupation,sales,nld,109.8
2011-03-01,occupation,sales,otg,120.3
2011-03-01,occupation,sales,wai,132.5
2011-03-01,occupation,sales,wlg,143.6
2011-03-01,occupation,trades_and_technical,akl,130.4
2011-03-01,occupation,trades_and_technical,bop,125.2
2011-03-01,occupation,trades_and_technical,cant,126.8
2011-03-01,occupation,trades_and_technical,gis,108.9
2011-03-01,occupation,trades_and_technical,mrl,109.3
2011-03-01,occupation,trades_and_technical,mwt,122.1
2011-03-01,occupation,trades_and_technical,nld,114.3
2011-03-01,occupation,trades_and_technical,otg,115.9
2011-03-01,occupation,trades_and_technical,wai,124.8
2011-03-01,occupation,trades_and_technical,wlg,120.8
2011-03-01,skill_level,highly_skilled,akl,115.91
2011-03-01,skill_level,highly_skilled,bop,126.28
2011-03-01,skill_level,highly_skilled,cant,107.1
2011-03-01,skill_level,highly_skilled,gis,111.53
2011-03-01,skill_level,highly_skilled,mrl,105.99
2011-03-01,skill_level,highly_skilled,mwt,109.54
2011-03-01,skill_level,highly_skilled,nld,120.18
2011-03-01,skill_level,highly_skilled,otg,119.44
2011-03-01,skill_level,highly_skilled,wai,114.33
2011-03-01,skill_level,highly_skilled,wlg,116.34
2011-03-01,skill_level,low_skilled,akl,123.82
2011-03-01,skill_level,low_skilled,bop,122.24
2011-03-01,skill_level,low_skilled,cant,116.47
2011-03-01,skill_level,low_skilled,gis,105.11
2011-03-01,skill_level,low_skilled,mrl,119.38
2011-03-01,skill_level,low_skilled,mwt,127.19
2011-03-01,skill_level,low_skilled,nld,139.78
2011-03-01,skill_level,low_skilled,otg,112.03
2011-03-01,skill_level,low_skilled,wai,126.24
2011-03-01,skill_level,low_skilled,wlg,145.6
2011-03-01,skill_level,semi_skilled,akl,138.16
2011-03-01,skill_level,semi_skilled,bop,150.0
2011-03-01,skill_level,semi_skilled,cant,149.16
2011-03-01,skill_level,semi_skilled,gis,109.46
2011-03-01,skill_level,semi_skilled,mrl,129.66
2011-03-01,skill_level,semi_skilled,mwt,125.64
2011-03-01,skill_level,semi_skilled,nld,106.52
2011-03-01,skill_level,semi_skilled,otg,142.65
2011-03-01,skill_level,semi_skilled,wai,130.03
2011-03-01,skill_level,semi_skilled,wlg,127.42
2011-03-01,skill_level,skilled,akl,103.49
2011-03-01,skill_level,skilled,bop,93.82
2011-03-01,skill_level,skilled,cant,87.75
2011-03-01,skill_level,skilled,gis,75.14
2011-03-01,skill_level,skilled,mrl,74.81
2011-03-01,skill_level,skilled,mwt,73.51
2011-03-01,skill_level,skilled,nld,60.56
2011-03-01,skill_level,skilled,otg,76.95
2011-03-01,skill_level,skilled,wai,89.53
2011-03-01,skill_level,skilled,wlg,106.74
2011-03-01,skill_level,unskilled,akl,133.51
2011-03-01,skill_level,unskilled,bop,141.58
2011-03-01,skill_level,unskilled,cant,117.08
2011-03-01,skill_level,unskilled,gis,152.8
2011-03-01,skill_level,unskilled,mrl,144.27
2011-03-01,skill_level,unskilled,mwt,141.62
2011-03-01,skill_level,unskilled,nld,155.71
2011-03-01,skill_level,unskilled,otg,124.65
2011-03-01,skill_level,unskilled,wai,129.61
2011-03-01,skill_level,unskilled,wlg,151.88
2011-06-01,industry,accounting,akl,136.33
2011-06-01,industry,accounting,bop,140.38
2011-06-01,industry,accounting,cant,146.13
2011-06-01,industry,accounting,gis,118.44
2011-06-01,industry,accounting,mrl,105.17
2011-06-01,industry,accounting,mwt,141.95
2011-06-01,industry,accounting,nld,106.92
2011-06-01,industry,accounting,otg,134.25
2011-06-01,industry,accounting,wai,128.17
2011-06-01,industry,accounting,wlg,143.67
2011-06-01,industry,construction,akl,121.46
2011-06-01,industry,construction,bop,118.95
2011-06-01,industry,construction,cant,190.22
2011-06-01,industry,construction,gis,120.45
2011-06-01,industry,construction,mrl,147.88
2011-06-01,industry,construction,mwt,116.0
2011-06-01,industry,construction,nld,135.81
2011-06-01,industry,construction,otg,144.58
2011-06-01,industry,construction,wai,135.86
2011-06-01,industry,construction,wlg,115.06
2011-06-01,industry,education,akl,65.24
2011-06-01,industry,education,bop,48.52
2011-06-01,industry,education,cant,51.29
2011-06-01,industry,education,gis,39.18
2011-06-01,industry,education,mrl,33.04
2011-06-01,industry,education,mwt,55.56
2011-06-01,industry,education,nld,45.66
2011-06-01,industry,education,otg,46.37
2011-06-01,industry,education,wai,48.82
2011-06-01,industry,education,wlg,58.63
2011-06-01,industry,health,akl,111.95
2011-06-01,industry,health,bop,149.07
2011-06-01,industry,health,cant,164.38
2011-06-01,industry,health,gis,118.05
2011-06-01,industry,health,mrl,164.43
2011-06-01,industry,health,mwt,108.42
2011-06-01,industry,health,nld,125.24
2011-06-01,industry,health,otg,128.02
2011-06-01,industry,health,wai,127.06
2011-06-01,industry,health,wlg,126.92
2011-06-01,industry,hospitality,akl,121.14
2011-06-01,industry,hospitality,bop,81.77
2011-06-01,industry,hospitality,cant,90.38
2011-06-01,industry,hospitality,gis,66.4
2011-06-01,industry,hospitality,mrl,65.81
2011-06-01,industry,hospitality,mwt,100.0
2011-06-01,industry,hospitality,nld,74.14
2011-06-01,industry,hospitality,otg,96.34
2011-06-01,industry,hospitality,wai,111.61
2011-06-01,industry,hospitality,wlg,140.57
2011-06-01,industry,it,akl,127.82
2011-06-01,industry,it,bop,104.82
2011-06-01,industry,it,cant,130.9
2011-06-01,industry,it,gis,159.26
2011-06-01,industry,it,mrl,146.15
2011-06-01,industry,it,mwt,160.0
2011-06-01,industry,it,nld,114.29
2011-06-01,industry,it,otg,80.65
2011-06-01,industry,it,wai,131.66
2011-06-01,industry,it,wlg,122.72
2011-06-01,industry,manufacturing,akl,110.44
2011-06-01,industry,manufacturing,bop,141.18
2011-06-01,industry,manufacturing,cant,185.61
2011-06-01,industry,manufacturing,gis,111.29
2011-06-01,industry,manufacturing,mrl,116.3
2011-06-01,industry,manufacturing,mwt,105.22
2011-06-01,industry,manufacturing,nld,137.5
2011-06-01,industry,manufacturing,otg,95.63
2011-06-01,industry,manufacturing,wai,132.15
2011-06-01,industry,manufacturing,wlg,103.54
2011-06-01,industry,other,akl,131.52
2011-06-01,industry,other,bop,113.46
2011-06-01,industry,other,cant,132.56
2011-06-01,industry,other,gis,101.32
2011-06-01,industry,other,mrl,96.05
2011-06-01,industry,other,mwt,103.31
2011-06-01,industry,other,nld,223.53
2011-06-01,industry,other,otg,135.71
2011-06-01,industry,other,wai,126.98
2011-06-01,industry,other,wlg,118.31
2011-06-01,industry,primary,akl,114.29
2011-06-01,industry,primary,bop,195.45
2011-06-01,industry,primary,cant,149.38
2011-06-01,industry,primary,gis,111.11
2011-06-01,industry,primary,mrl,113.98
2011-06-01,industry,primary,mwt,100.0
2011-06-01,industry,primary,nld,161.54
2011-06-01,industry,primary,otg,111.93
2011-06-01,industry,primary,wai,150.53
2011-06-01,industry,primary,wlg,147.76
2011-06-01,industry,sales,akl,136.21
2011-06-01,industry,sales,bop,128.65
2011-06-01,industry,sales,cant,123.41
2011-06-01,industry,sales,gis,147.5
2011-06-01,industry,sales,mrl,99.11
2011-06-01,industry,sales,mwt,112.05
2011-06-01,industry,sales,nld,128.46
2011-06-01,industry,sales,otg,109.3
2011-06-01,industry,sales,wai,129.24
2011-06-01,industry,sales,wlg,122.82
2011-06-01,occupation,clerical_admin,akl,134.2
2011-06-01,occupation,clerical_admin,bop,139.6
2011-06-01,occupation,clerical_admin,cant,142.5
2011-06-01,occupation,clerical_admin,gis,124.8
2011-06-01,occupation,clerical_admin,mrl,110.1
2011-06-01,occupation,clerical_admin,mwt,128.3
2011-06-01,occupation,clerical_admin,nld,120.4
2011-06-01,occupation,clerical_admin,otg,124.9
2011-06-01,occupation,clerical_admin,wai,146.8
2011-06-01,occupation,clerical_admin,wlg,140.3
2011-06-01,occupation,community_services,akl,138.7
2011-06-01,occupation,community_services,bop,107.4
2011-06-01,occupation,community_services,cant,127.7
2011-06-01,occupation,community_services,gis,96.3
2011-06-01,occupation,community_services,mrl,109.0
2011-06-01,occupation,community_services,mwt,108.1
2011-06-01,occupation,community_services,nld,164.0
2011-06-01,occupation,community_services,otg,139.0
2011-06-01,occupation,community_services,wai,144.2
2011-06-01,occupation,community_services,wlg,141.9
2011-06-01,occupation,labourers,akl,123.0
2011-06-01,occupation,labourers,bop,119.4
2011-06-01,occupation,labourers,cant,176.5
2011-06-01,occupation,labourers,gis,83.1
2011-06-01,occupation,labourers,mrl,102.9
2011-06-01,occupation,labourers,mwt,133.3
2011-06-01,occupation,labourers,nld,126.2
2011-06-01,occupation,labourers,otg,116.5
2011-06-01,occupation,labourers,wai,135.3
2011-06-01,occupation,labourers,wlg,129.7
2011-06-01,occupation,machinery_drivers,akl,101.0
2011-06-01,occupation,machinery_drivers,bop,90.6
2011-06-01,occupation,machinery_drivers,cant,158.4
2011-06-01,occupation,machinery_drivers,gis,88.4
2011-06-01,occupation,machinery_drivers,mrl,93.4
2011-06-01,occupation,machinery_drivers,mwt,105.8
2011-06-01,occupation,machinery_drivers,nld,108.1
2011-06-01,occupation,machinery_drivers,otg,71.3
2011-06-01,occupation,machinery_drivers,wai,117.5
2011-06-01,occupation,machinery_drivers,wlg,97.9
2011-06-01,occupation,managers,akl,122.0
2011-06-01,occupation,managers,bop,120.0
2011-06-01,occupation,managers,cant,134.3
2011-06-01,occupation,managers,gis,146.9
2011-06-01,occupation,managers,mrl,122.5
2011-06-01,occupation,managers,mwt,111.9
2011-06-01,occupation,managers,nld,158.4
2011-06-01,occupation,managers,otg,101.5
2011-06-01,occupation,managers,wai,118.5
2011-06-01,occupation,managers,wlg,112.9
2011-06-01,occupation,professionals,akl,114.9
2011-06-01,occupation,professionals,bop,97.7
2011-06-01,occupation,professionals,cant,127.1
2011-06-01,occupation,professionals,gis,91.1
2011-06-01,occupation,professionals,mrl,79.4
2011-06-01,occupation,professionals,mwt,88.0
2011-06-01,occupation,professionals,nld,86.4
2011-06-01,occupation,professionals,otg,93.8
2011-06-01,occupation,professionals,wai,91.9
2011-06-01,occupation,professionals,wlg,114.2
2011-06-01,occupation,sales,akl,157.8
2011-06-01,occupation,sales,bop,124.6
2011-06-01,occupation,sales,cant,122.7
2011-06-01,occupation,sales,gis,92.9
2011-06-01,occupation,sales,mrl,95.7
2011-06-01,occupation,sales,mwt,110.4
2011-06-01,occupation,sales,nld,103.3
2011-06-01,occupation,sales,otg,118.5
2011-06-01,occupation,sales,wai,131.8
2011-06-01,occupation,sales,wlg,150.7
2011-06-01,occupation,trades_and_technical,akl,128.7
2011-06-01,occupation,trades_and_technical,bop,129.0
2011-06-01,occupation,trades_and_technical,cant,177.6
2011-06-01,occupation,trades_and_technical,gis,90.5
2011-06-01,occupation,trades_and_technical,mrl,116.4
2011-06-01,occupation,trades_and_technical,mwt,119.9
2011-06-01,occupation,trades_and_technical,nld,101.6
2011-06-01,occupation,trades_and_technical,otg,120.5
2011-06-01,occupation,trades_and_technical,wai,145.4
2011-06-01,occupation,trades_and_technical,wlg,125.5
2011-06-01,skill_level,highly_skilled,akl,123.42
2011-06-01,skill_level,highly_skilled,bop,126.29
2011-06-01,skill_level,highly_skilled,cant,145.98
2011-06-01,skill_level,highly_skilled,gis,134.74
2011-06-01,skill_level,highly_skilled,mrl,123.1
2011-06-01,skill_level,highly_skilled,mwt,118.45
2011-06-01,skill_level,highly_skilled,nld,135.53
2011-06-01,skill_level,highly_skilled,otg,119.42
2011-06-01,skill_level,highly_skilled,wai,118.44
2011-06-01,skill_level,highly_skilled,wlg,119.37
2011-06-01,skill_level,low_skilled,akl,134.96
2011-06-01,skill_level,low_skilled,bop,119.74
2011-06-01,skill_level,low_skilled,cant,143.42
2011-06-01,skill_level,low_skilled,gis,92.5
2011-06-01,skill_level,low_skilled,mrl,99.72
2011-06-01,skill_level,low_skilled,mwt,119.92
2011-06-01,skill_level,low_skilled,nld,137.2
2011-06-01,skill_level,low_skilled,otg,109.92
2011-06-01,skill_level,low_skilled,wai,141.23
2011-06-01,skill_level,low_skilled,wlg,138.89
2011-06-01,skill_level,semi_skilled,akl,139.5
2011-06-01,skill_level,semi_skilled,bop,146.46
2011-06-01,skill_level,semi_skilled,cant,205.09
2011-06-01,skill_level,semi_skilled,gis,101.35
2011-06-01,skill_level,semi_skilled,mrl,148.31
2011-06-01,skill_level,semi_skilled,mwt,125.12
2011-06-01,skill_level,semi_skilled,nld,108.7
2011-06-01,skill_level,semi_skilled,otg,149.51
2011-06-01,skill_level,semi_skilled,wai,145.21
2011-06-01,skill_level,semi_skilled,wlg,130.87
2011-06-01,skill_level,skilled,akl,104.44
2011-06-01,skill_level,skilled,bop,84.99
2011-06-01,skill_level,skilled,cant,106.54
2011-06-01,skill_level,skilled,gis,66.95
2011-06-01,skill_level,skilled,mrl,61.55
2011-06-01,skill_level,skilled,mwt,74.8
2011-06-01,skill_level,skilled,nld,57.97
2011-06-01,skill_level,skilled,otg,72.12
2011-06-01,skill_level,skilled,wai,88.22
2011-06-01,skill_level,skilled,wlg,106.54
2011-06-01,skill_level,unskilled,akl,135.67
2011-06-01,skill_level,unskilled,bop,104.96
2011-06-01,skill_level,unskilled,cant,129.49
2011-06-01,skill_level,unskilled,gis,98.4
2011-06-01,skill_level,unskilled,mrl,98.44
2011-06-01,skill_level,unskilled,mwt,108.65
2011-06-01,skill_level,unskilled,nld,105.71
2011-06-01,skill_level,unskilled,otg,118.6
2011-06-01,skill_level,unskilled,wai,125.66
2011-06-01,skill_level,unskilled,wlg,134.76
2011-09-01,industry,accounting,akl,137.09
2011-09-01,industry,accounting,bop,123.02
2011-09-01,industry,accounting,cant,167.36
2011-09-01,industry,accounting,gis,114.18
2011-09-01,industry,accounting,mrl,91.38
2011-09-01,industry,accounting,mwt,120.97
2011-09-01,industry,accounting,nld,113.85
2011-09-01,industry,accounting,otg,135.27
2011-09-01,industry,accounting,wai,131.0
2011-09-01,industry,accounting,wlg,140.05
2011-09-01,industry,construction,akl,129.92
2011-09-01,industry,construction,bop,152.28
2011-09-01,industry,construction,cant,201.32
2011-09-01,industry,construction,gis,136.36
2011-09-01,industry,construction,mrl,155.93
2011-09-01,industry,construction,mwt,129.14
2011-09-01,industry,construction,nld,172.97
2011-09-01,industry,construction,otg,153.65
2011-09-01,industry,construction,wai,140.51
2011-09-01,industry,construction,wlg,120.44
2011-09-01,industry,education,akl,66.7
2011-09-01,industry,education,bop,74.75
2011-09-01,industry,education,cant,73.06
2011-09-01,industry,education,gis,45.71
2011-09-01,industry,education,mrl,40.87
2011-09-01,industry,education,mwt,53.12
2011-09-01,industry,education,nld,45.21
2011-09-01,industry,education,otg,61.2
2011-09-01,industry,education,wai,67.96
2011-09-01,industry,education,wlg,72.66
2011-09-01,industry,health,akl,118.45
2011-09-01,industry,health,bop,119.5
2011-09-01,industry,health,cant,184.41
2011-09-01,industry,health,gis,101.86
2011-09-01,industry,health,mrl,171.22
2011-09-01,industry,health,mwt,107.1
2011-09-01,industry,health,nld,131.22
2011-09-01,industry,health,otg,115.6
2011-09-01,industry,health,wai,146.13
2011-09-01,industry,health,wlg,131.66
2011-09-01,industry,hospitality,akl,145.52
2011-09-01,industry,hospitality,bop,110.84
2011-09-01,industry,hospitality,cant,106.77
2011-09-01,industry,hospitality,gis,85.6
2011-09-01,industry,hospitality,mrl,132.9
2011-09-01,industry,hospitality,mwt,118.8
2011-09-01,industry,hospitality,nld,122.41
2011-09-01,industry,hospitality,otg,140.24
2011-09-01,industry,hospitality,wai,131.7
2011-09-01,industry,hospitality,wlg,143.43
2011-09-01,industry,it,akl,129.11
2011-09-01,industry,it,bop,110.84
2011-09-01,industry,it,cant,139.75
2011-09-01,industry,it,gis,129.63
2011-09-01,industry,it,mrl,123.08
2011-09-01,industry,it,mwt,117.65
2011-09-01,industry,it,nld,92.86
2011-09-01,industry,it,otg,81.72
2011-09-01,industry,it,wai,161.31
2011-09-01,industry,it,wlg,117.58
2011-09-01,industry,manufacturing,akl,122.93
2011-09-01,industry,manufacturing,bop,142.78
2011-09-01,industry,manufacturing,cant,238.9
2011-09-01,industry,manufacturing,gis,108.87
2011-09-01,industry,manufacturing,mrl,156.52
2011-09-01,industry,manufacturing,mwt,110.87
2011-09-01,industry,manufacturing,nld,158.93
2011-09-01,industry,manufacturing,otg,139.38
2011-09-01,industry,manufacturing,wai,138.59
2011-09-01,industry,manufacturing,wlg,119.07
2011-09-01,industry,other,akl,127.58
2011-09-01,industry,other,bop,139.42
2011-09-01,industry,other,cant,165.58
2011-09-01,industry,other,gis,102.63
2011-09-01,industry,other,mrl,114.47
2011-09-01,industry,other,mwt,154.97
2011-09-01,industry,other,nld,158.82
2011-09-01,industry,other,otg,155.95
2011-09-01,industry,other,wai,136.51
2011-09-01,industry,other,wlg,140.05
2011-09-01,industry,primary,akl,123.13
2011-09-01,industry,primary,bop,209.09
2011-09-01,industry,primary,cant,172.22
2011-09-01,industry,primary,gis,149.21
2011-09-01,industry,primary,mrl,159.14
2011-09-01,industry,primary,mwt,155.71
2011-09-01,industry,primary,nld,125.64
2011-09-01,industry,primary,otg,177.06
2011-09-01,industry,primary,wai,160.0
2011-09-01,industry,primary,wlg,150.75
2011-09-01,industry,sales,akl,137.96
2011-09-01,industry,sales,bop,132.7
2011-09-01,industry,sales,cant,138.22
2011-09-01,industry,sales,gis,154.5
2011-09-01,industry,sales,mrl,102.68
2011-09-01,industry,sales,mwt,131.33
2011-09-01,industry,sales,nld,166.15
2011-09-01,industry,sales,otg,121.54
2011-09-01,industry,sales,wai,125.0
2011-09-01,industry,sales,wlg,129.45
2011-09-01,occupation,clerical_admin,akl,137.8
2011-09-01,occupation,clerical_admin,bop,125.2
2011-09-01,occupation,clerical_admin,cant,156.7
2011-09-01,occupation,clerical_admin,gis,136.3
2011-09-01,occupation,clerical_admin,mrl,112.9
2011-09-01,occupation,clerical_admin,mwt,127.8
2011-09-01,occupation,clerical_admin,nld,146.5
2011-09-01,occupation,clerical_admin,otg,130.5
2011-09-01,occupation,clerical_admin,wai,149.8
2011-09-01,occupation,clerical_admin,wlg,145.4
2011-09-01,occupation,community_services,akl,156.6
2011-09-01,occupation,community_services,bop,123.5
2011-09-01,occupation,community_services,cant,147.2
2011-09-01,occupation,community_services,gis,100.7
2011-09-01,occupation,community_services,mrl,140.9
2011-09-01,occupation,community_services,mwt,129.1
2011-09-01,occupation,community_services,nld,183.2
2011-09-01,occupation,community_services,otg,159.1
2011-09-01,occupation,community_services,wai,154.8
2011-09-01,occupation,community_services,wlg,148.0
2011-09-01,occupation,labourers,akl,132.8
2011-09-01,occupation,labourers,bop,118.4
2011-09-01,occupation,labourers,cant,190.6
2011-09-01,occupation,labourers,gis,97.5
2011-09-01,occupation,labourers,mrl,118.7
2011-09-01,occupation,labourers,mwt,116.7
2011-09-01,occupation,labourers,nld,152.4
2011-09-01,occupation,labourers,otg,111.3
2011-09-01,occupation,labourers,wai,128.7
2011-09-01,occupation,labourers,wlg,127.0
2011-09-01,occupation,machinery_drivers,akl,118.0
2011-09-01,occupation,machinery_drivers,bop,140.6
2011-09-01,occupation,machinery_drivers,cant,245.9
2011-09-01,occupation,machinery_drivers,gis,92.8
2011-09-01,occupation,machinery_drivers,mrl,99.3
2011-09-01,occupation,machinery_drivers,mwt,126.9
2011-09-01,occupation,machinery_drivers,nld,200.0
2011-09-01,occupation,machinery_drivers,otg,127.7
2011-09-01,occupation,machinery_drivers,wai,138.6
2011-09-01,occupation,machinery_drivers,wlg,110.0
2011-09-01,occupation,managers,akl,129.6
2011-09-01,occupation,managers,bop,125.3
2011-09-01,occupation,managers,cant,140.6
2011-09-01,occupation,managers,gis,144.2
2011-09-01,occupation,managers,mrl,106.0
2011-09-01,occupation,managers,mwt,115.4
2011-09-01,occupation,managers,nld,148.5
2011-09-01,occupation,managers,otg,120.8
2011-09-01,occupation,managers,wai,131.3
2011-09-01,occupation,managers,wlg,118.3
2011-09-01,occupation,professionals,akl,115.5
2011-09-01,occupation,professionals,bop,109.2
2011-09-01,occupation,professionals,cant,136.9
2011-09-01,occupation,professionals,gis,85.7
2011-09-01,occupation,professionals,mrl,86.0
2011-09-01,occupation,professionals,mwt,95.8
2011-09-01,occupation,professionals,nld,93.0
2011-09-01,occupation,professionals,otg,95.5
2011-09-01,occupation,professionals,wai,103.7
2011-09-01,occupation,professionals,wlg,115.6
2011-09-01,occupation,sales,akl,153.6
2011-09-01,occupation,sales,bop,122.4
2011-09-01,occupation,sales,cant,153.1
2011-09-01,occupation,sales,gis,112.7
2011-09-01,occupation,sales,mrl,106.0
2011-09-01,occupation,sales,mwt,134.7
2011-09-01,occupation,sales,nld,119.6
2011-09-01,occupation,sales,otg,138.7
2011-09-01,occupation,sales,wai,132.8
2011-09-01,occupation,sales,wlg,131.7
2011-09-01,occupation,trades_and_technical,akl,138.2
2011-09-01,occupation,trades_and_technical,bop,140.9
2011-09-01,occupation,trades_and_technical,cant,197.1
2011-09-01,occupation,trades_and_technical,gis,117.7
2011-09-01,occupation,trades_and_technical,mrl,152.8
2011-09-01,occupation,trades_and_technical,mwt,131.3
2011-09-01,occupation,trades_and_technical,nld,105.6
2011-09-01,occupation,trades_and_technical,otg,150.9
2011-09-01,occupation,trades_and_technical,wai,153.9
2011-09-01,occupation,trades_and_technical,wlg,126.5
2011-09-01,skill_level,highly_skilled,akl,125.72
2011-09-01,skill_level,highly_skilled,bop,128.06
2011-09-01,skill_level,highly_skilled,cant,153.04
2011-09-01,skill_level,highly_skilled,gis,122.98
2011-09-01,skill_level,highly_skilled,mrl,121.95
2011-09-01,skill_level,highly_skilled,mwt,124.62
2011-09-01,skill_level,highly_skilled,nld,139.33
2011-09-01,skill_level,highly_skilled,otg,124.26
2011-09-01,skill_level,highly_skilled,wai,127.87
2011-09-01,skill_level,highly_skilled,wlg,120.91
2011-09-01,skill_level,low_skilled,akl,139.26
2011-09-01,skill_level,low_skilled,bop,120.71
2011-09-01,skill_level,low_skilled,cant,167.92
2011-09-01,skill_level,low_skilled,gis,97.93
2011-09-01,skill_level,low_skilled,mrl,116.31
2011-09-01,skill_level,low_skilled,mwt,133.01
2011-09-01,skill_level,low_skilled,nld,160.5
2011-09-01,skill_level,low_skilled,otg,135.86
2011-09-01,skill_level,low_skilled,wai,144.67
2011-09-01,skill_level,low_skilled,wlg,139.38
2011-09-01,skill_level,semi_skilled,akl,144.04
2011-09-01,skill_level,semi_skilled,bop,155.05
2011-09-01,skill_level,semi_skilled,cant,231.52
2011-09-01,skill_level,semi_skilled,gis,122.3
2011-09-01,skill_level,semi_skilled,mrl,174.58
2011-09-01,skill_level,semi_skilled,mwt,141.31
2011-09-01,skill_level,semi_skilled,nld,115.22
2011-09-01,skill_level,semi_skilled,otg,179.41
2011-09-01,skill_level,semi_skilled,wai,158.75
2011-09-01,skill_level,semi_skilled,wlg,132.12
2011-09-01,skill_level,skilled,akl,113.37
2011-09-01,skill_level,skilled,bop,105.36
2011-09-01,skill_level,skilled,cant,125.19
2011-09-01,skill_level,skilled,gis,84.7
2011-09-01,skill_level,skilled,mrl,73.44
2011-09-01,skill_level,skilled,mwt,79.51
2011-09-01,skill_level,skilled,nld,67.18
2011-09-01,skill_level,skilled,otg,86.99
2011-09-01,skill_level,skilled,wai,103.17
2011-09-01,skill_level,skilled,wlg,112.51
2011-09-01,skill_level,unskilled,akl,145.52
2011-09-01,skill_level,unskilled,bop,122.11
2011-09-01,skill_level,unskilled,cant,156.64
2011-09-01,skill_level,unskilled,gis,120.8
2011-09-01,skill_level,unskilled,mrl,119.83
2011-09-01,skill_level,unskilled,mwt,126.86
2011-09-01,skill_level,unskilled,nld,141.43
2011-09-01,skill_level,unskilled,otg,128.84
2011-09-01,skill_level,unskilled,wai,129.93
2011-09-01,skill_level,unskilled,wlg,134.1
2011-12-01,industry,accounting,akl,100.53
2011-12-01,industry,accounting,bop,115.47
2011-12-01,industry,accounting,cant,144.93
2011-12-01,industry,accounting,gis,119.15
2011-12-01,industry,accounting,mrl,104.6
2011-12-01,industry,accounting,mwt,95.51
2011-12-01,industry,accounting,nld,75.38
2011-12-01,industry,accounting,otg,124.32
2011-12-01,industry,accounting,wai,92.44
2011-12-01,industry,accounting,wlg,109.13
2011-12-01,industry,construction,akl,98.29
2011-12-01,industry,construction,bop,128.54
2011-12-01,industry,construction,cant,180.57
2011-12-01,industry,construction,gis,116.29
2011-12-01,industry,construction,mrl,131.78
2011-12-01,industry,construction,mwt,117.14
2011-12-01,industry,construction,nld,137.16
2011-12-01,industry,construction,otg,155.16
2011-12-01,industry,construction,wai,123.91
2011-12-01,industry,construction,wlg,110.98
2011-12-01,industry,education,akl,79.38
2011-12-01,industry,education,bop,84.26
2011-12-01,industry,education,cant,91.32
2011-12-01,industry,education,gis,82.45
2011-12-01,industry,education,mrl,82.61
2011-12-01,industry,education,mwt,93.22
2011-12-01,industry,education,nld,91.78
2011-12-01,industry,education,otg,89.59
2011-12-01,industry,education,wai,93.12
2011-12-01,industry,education,wlg,77.92
2011-12-01,industry,health,akl,89.19
2011-12-01,industry,health,bop,102.6
2011-12-01,industry,health,cant,188.28
2011-12-01,industry,health,gis,101.86
2011-12-01,industry,health,mrl,147.56
2011-12-01,industry,health,mwt,109.7
2011-12-01,industry,health,nld,114.87
2011-12-01,industry,health,otg,114.72
2011-12-01,industry,health,wai,108.73
2011-12-01,industry,health,wlg,93.6
2011-12-01,industry,hospitality,akl,99.4
2011-12-01,industry,hospitality,bop,91.63
2011-12-01,industry,hospitality,cant,98.8
2011-12-01,industry,hospitality,gis,107.2
2011-12-01,industry,hospitality,mrl,121.94
2011-12-01,industry,hospitality,mwt,97.74
2011-12-01,industry,hospitality,nld,118.97
2011-12-01,industry,hospitality,otg,122.76
2011-12-01,industry,hospitality,wai,94.64
2011-12-01,industry,hospitality,wlg,108.0
2011-12-01,industry,it,akl,111.58
2011-12-01,industry,it,bop,95.18
2011-12-01,industry,it,cant,113.2
2011-12-01,industry,it,gis,81.48
2011-12-01,industry,it,mrl,107.69
2011-12-01,industry,it,mwt,115.29
2011-12-01,industry,it,nld,71.43
2011-12-01,industry,it,otg,77.42
2011-12-01,industry,it,wai,92.96
2011-12-01,industry,it,wlg,97.84
2011-12-01,industry,manufacturing,akl,98.93
2011-12-01,industry,manufacturing,bop,112.83
2011-12-01,industry,manufacturing,cant,185.26
2011-12-01,industry,manufacturing,gis,116.13
2011-12-01,industry,manufacturing,mrl,164.13
2011-12-01,industry,manufacturing,mwt,98.26
2011-12-01,industry,manufacturing,nld,126.79
2011-12-01,industry,manufacturing,otg,120.63
2011-12-01,industry,manufacturing,wai,113.18
2011-12-01,industry,manufacturing,wlg,108.17
2011-12-01,industry,other,akl,111.68
2011-12-01,industry,other,bop,126.92
2011-12-01,industry,other,cant,170.23
2011-12-01,industry,other,gis,93.42
2011-12-01,industry,other,mrl,110.53
2011-12-01,industry,other,mwt,103.97
2011-12-01,industry,other,nld,164.71
2011-12-01,industry,other,otg,155.95
2011-12-01,industry,other,wai,106.88
2011-12-01,industry,other,wlg,120.82
2011-12-01,industry,primary,akl,131.97
2011-12-01,industry,primary,bop,122.73
2011-12-01,industry,primary,cant,150.62
2011-12-01,industry,primary,gis,128.57
2011-12-01,industry,primary,mrl,178.49
2011-12-01,industry,primary,mwt,138.57
2011-12-01,industry,primary,nld,128.21
2011-12-01,industry,primary,otg,149.54
2011-12-01,industry,primary,wai,141.05
2011-12-01,industry,primary,wlg,129.85
2011-12-01,industry,sales,akl,104.28
2011-12-01,industry,sales,bop,97.3
2011-12-01,industry,sales,cant,109.69
2011-12-01,industry,sales,gis,123.5
2011-12-01,industry,sales,mrl,104.46
2011-12-01,industry,sales,mwt,87.95
2011-12-01,industry,sales,nld,112.31
2011-12-01,industry,sales,otg,110.66
2011-12-01,industry,sales,wai,106.36
2011-12-01,industry,sales,wlg,105.42
2011-12-01,occupation,clerical_admin,akl,98.8
2011-12-01,occupation,clerical_admin,bop,109.8
2011-12-01,occupation,clerical_admin,cant,133.6
2011-12-01,occupation,clerical_admin,gis,152.2
2011-12-01,occupation,clerical_admin,mrl,131.2
2011-12-01,occupation,clerical_admin,mwt,86.8
2011-12-01,occupation,clerical_admin,nld,103.4
2011-12-01,occupation,clerical_admin,otg,129.1
2011-12-01,occupation,clerical_admin,wai,97.0
2011-12-01,occupation,clerical_admin,wlg,107.9
2011-12-01,occupation,community_services,akl,103.3
2011-12-01,occupation,community_services,bop,108.9
2011-12-01,occupation,community_services,cant,126.6
2011-12-01,occupation,community_services,gis,110.3
2011-12-01,occupation,community_services,mrl,117.3
2011-12-01,occupation,community_services,mwt,114.0
2011-12-01,occupation,community_services,nld,148.6
2011-12-01,occupation,community_services,otg,146.1
2011-12-01,occupation,community_services,wai,126.3
2011-12-01,occupation,community_services,wlg,114.5
2011-12-01,occupation,labourers,akl,108.7
2011-12-01,occupation,labourers,bop,103.1
2011-12-01,occupation,labourers,cant,171.2
2011-12-01,occupation,labourers,gis,86.3
2011-12-01,occupation,labourers,mrl,118.7
2011-12-01,occupation,labourers,mwt,126.2
2011-12-01,occupation,labourers,nld,128.6
2011-12-01,occupation,labourers,otg,150.5
2011-12-01,occupation,labourers,wai,141.2
2011-12-01,occupation,labourers,wlg,124.2
2011-12-01,occupation,machinery_drivers,akl,106.5
2011-12-01,occupation,machinery_drivers,bop,95.8
2011-12-01,occupation,machinery_drivers,cant,210.7
2011-12-01,occupation,machinery_drivers,gis,114.5
2011-12-01,occupation,machinery_drivers,mrl,114.0
2011-12-01,occupation,machinery_drivers,mwt,103.8
2011-12-01,occupation,machinery_drivers,nld,166.7
2011-12-01,occupation,machinery_drivers,otg,136.6
2011-12-01,occupation,machinery_drivers,wai,112.9
2011-12-01,occupation,machinery_drivers,wlg,120.0
2011-12-01,occupation,managers,akl,105.6
2011-12-01,occupation,managers,bop,105.9
2011-12-01,occupation,managers,cant,121.8
2011-12-01,occupation,managers,gis,115.7
2011-12-01,occupation,managers,mrl,120.3
2011-12-01,occupation,managers,mwt,95.4
2011-12-01,occupation,managers,nld,119.8
2011-12-01,occupation,managers,otg,111.6
2011-12-01,occupation,managers,wai,88.9
2011-12-01,occupation,managers,wlg,96.6
2011-12-01,occupation,professionals,akl,96.7
2011-12-01,occupation,professionals,bop,100.6
2011-12-01,occupation,professionals,cant,129.4
2011-12-01,occupation,professionals,gis,93.2
2011-12-01,occupation,professionals,mrl,93.9
2011-12-01,occupation,professionals,mwt,102.2
2011-12-01,occupation,professionals,nld,101.7
2011-12-01,occupation,professionals,otg,99.4
2011-12-01,occupation,professionals,wai,93.8
2011-12-01,occupation,professionals,wlg,98.5
2011-12-01,occupation,sales,akl,109.9
2011-12-01,occupation,sales,bop,100.5
2011-12-01,occupation,sales,cant,134.6
2011-12-01,occupation,sales,gis,86.5
2011-12-01,occupation,sales,mrl,125.0
2011-12-01,occupation,sales,mwt,86.3
2011-12-01,occupation,sales,nld,92.4
2011-12-01,occupation,sales,otg,110.8
2011-12-01,occupation,sales,wai,125.3
2011-12-01,occupation,sales,wlg,112.9
2011-12-01,occupation,trades_and_technical,akl,104.1
2011-12-01,occupation,trades_and_technical,bop,115.0
2011-12-01,occupation,trades_and_technical,cant,174.1
2011-12-01,occupation,trades_and_technical,gis,103.1
2011-12-01,occupation,trades_and_technical,mrl,135.0
2011-12-01,occupation,trades_and_technical,mwt,121.4
2011-12-01,occupation,trades_and_technical,nld,107.1
2011-12-01,occupation,trades_and_technical,otg,147.7
2011-12-01,occupation,trades_and_technical,wai,126.0
2011-12-01,occupation,trades_and_technical,wlg,107.7
2011-12-01,skill_level,highly_skilled,akl,100.52
2011-12-01,skill_level,highly_skilled,bop,112.17
2011-12-01,skill_level,highly_skilled,cant,131.55
2011-12-01,skill_level,highly_skilled,gis,108.8
2011-12-01,skill_level,highly_skilled,mrl,117.61
2011-12-01,skill_level,highly_skilled,mwt,109.63
2011-12-01,skill_level,highly_skilled,nld,117.26
2011-12-01,skill_level,highly_skilled,otg,107.16
2011-12-01,skill_level,highly_skilled,wai,93.32
2011-12-01,skill_level,highly_skilled,wlg,98.72
2011-12-01,skill_level,low_skilled,akl,102.74
2011-12-01,skill_level,low_skilled,bop,102.46
2011-12-01,skill_level,low_skilled,cant,150.16
2011-12-01,skill_level,low_skilled,gis,106.56
2011-12-01,skill_level,low_skilled,mrl,128.98
2011-12-01,skill_level,low_skilled,mwt,105.39
2011-12-01,skill_level,low_skilled,nld,117.98
2011-12-01,skill_level,low_skilled,otg,131.43
2011-12-01,skill_level,low_skilled,wai,119.32
2011-12-01,skill_level,low_skilled,wlg,116.1
2011-12-01,skill_level,semi_skilled,akl,101.06
2011-12-01,skill_level,semi_skilled,bop,126.26
2011-12-01,skill_level,semi_skilled,cant,200.25
2011-12-01,skill_level,semi_skilled,gis,97.97
2011-12-01,skill_level,semi_skilled,mrl,157.63
2011-12-01,skill_level,semi_skilled,mwt,122.57
2011-12-01,skill_level,semi_skilled,nld,96.74
2011-12-01,skill_level,semi_skilled,otg,154.9
2011-12-01,skill_level,semi_skilled,wai,129.7
2011-12-01,skill_level,semi_skilled,wlg,116.05
2011-12-01,skill_level,skilled,akl,100.67
2011-12-01,skill_level,skilled,bop,96.2
2011-12-01,skill_level,skilled,cant,125.19
2011-12-01,skill_level,skilled,gis,104.27
2011-12-01,skill_level,skilled,mrl,90.99
2011-12-01,skill_level,skilled,mwt,90.81
2011-12-01,skill_level,skilled,nld,97.59
2011-12-01,skill_level,skilled,otg,117.29
2011-12-01,skill_level,skilled,wai,103.17
2011-12-01,skill_level,skilled,wlg,98.12
2011-12-01,skill_level,unskilled,akl,104.25
2011-12-01,skill_level,unskilled,bop,93.78
2011-12-01,skill_level,unskilled,cant,134.89
2011-12-01,skill_level,unskilled,gis,97.6
2011-12-01,skill_level,unskilled,mrl,107.18
2011-12-01,skill_level,unskilled,mwt,91.68
2011-12-01,skill_level,unskilled,nld,127.14
2011-12-01,skill_level,unskilled,otg,123.72
2011-12-01,skill_level,unskilled,wai,113.16
2011-12-01,skill_level,unskilled,wlg,106.64
2012-03-01,industry,accounting,akl,122.08
2012-03-01,industry,accounting,bop,169.81
2012-03-01,industry,accounting,cant,186.11
2012-03-01,industry,accounting,gis,162.41
2012-03-01,industry,accounting,mrl,132.76
2012-03-01,industry,accounting,mwt,147.57
2012-03-01,industry,accounting,nld,107.69
2012-03-01,industry,accounting,otg,151.03
2012-03-01,industry,accounting,wai,124.2
2012-03-01,industry,accounting,wlg,142.61
2012-03-01,industry,construction,akl,123.55
2012-03-01,industry,construction,bop,144.52
2012-03-01,industry,construction,cant,244.28
2012-03-01,industry,construction,gis,131.44
2012-03-01,industry,construction,mrl,152.97
2012-03-01,industry,construction,mwt,149.14
2012-03-01,industry,construction,nld,143.92
2012-03-01,industry,construction,otg,183.12
2012-03-01,industry,construction,wai,142.33
2012-03-01,industry,construction,wlg,126.57
2012-03-01,industry,education,akl,55.72
2012-03-01,industry,education,bop,62.3
2012-03-01,industry,education,cant,54.03
2012-03-01,industry,education,gis,42.45
2012-03-01,industry,education,mrl,33.04
2012-03-01,industry,education,mwt,51.49
2012-03-01,industry,education,nld,45.66
2012-03-01,industry,education,otg,49.21
2012-03-01,industry,education,wai,48.17
2012-03-01,industry,education,wlg,56.87
2012-03-01,industry,health,akl,106.64
2012-03-01,industry,health,bop,133.09
2012-03-01,industry,health,cant,215.35
2012-03-01,industry,health,gis,110.14
2012-03-01,industry,health,mrl,206.13
2012-03-01,industry,health,mwt,124.95
2012-03-01,industry,health,nld,127.35
2012-03-01,industry,health,otg,126.11
2012-03-01,industry,health,wai,144.64
2012-03-01,industry,health,wlg,109.44
2012-03-01,industry,hospitality,akl,127.46
2012-03-01,industry,hospitality,bop,106.4
2012-03-01,industry,hospitality,cant,120.0
2012-03-01,industry,hospitality,gis,129.6
2012-03-01,industry,hospitality,mrl,113.55
2012-03-01,industry,hospitality,mwt,109.02
2012-03-01,industry,hospitality,nld,125.86
2012-03-01,industry,hospitality,otg,132.93
2012-03-01,industry,hospitality,wai,138.84
2012-03-01,industry,hospitality,wlg,149.52
2012-03-01,industry,it,akl,120.36
2012-03-01,industry,it,bop,133.73
2012-03-01,industry,it,cant,130.12
2012-03-01,industry,it,gis,92.59
2012-03-01,industry,it,mrl,111.54
2012-03-01,industry,it,mwt,111.76
2012-03-01,industry,it,nld,107.14
2012-03-01,industry,it,otg,98.92
2012-03-01,industry,it,wai,123.12
2012-03-01,industry,it,wlg,104.79
2012-03-01,industry,manufacturing,akl,114.49
2012-03-01,industry,manufacturing,bop,134.76
2012-03-01,industry,manufacturing,cant,260.21
2012-03-01,industry,manufacturing,gis,139.52
2012-03-01,industry,manufacturing,mrl,179.35
2012-03-01,industry,manufacturing,mwt,136.52
2012-03-01,industry,manufacturing,nld,123.21
2012-03-01,industry,manufacturing,otg,116.88
2012-03-01,industry,manufacturing,wai,117.04
2012-03-01,industry,manufacturing,wlg,143.05
2012-03-01,industry,other,akl,130.3
2012-03-01,industry,other,bop,147.12
2012-03-01,industry,other,cant,184.19
2012-03-01,industry,other,gis,97.37
2012-03-01,industry,other,mrl,127.63
2012-03-01,industry,other,mwt,124.5
2012-03-01,industry,other,nld,170.59
2012-03-01,industry,other,otg,177.38
2012-03-01,industry,other,wai,138.1
2012-03-01,industry,other,wlg,118.58
2012-03-01,industry,primary,akl,157.82
2012-03-01,industry,primary,bop,195.45
2012-03-01,industry,primary,cant,161.73
2012-03-01,industry,primary,gis,152.38
2012-03-01,industry,primary,mrl,169.89
2012-03-01,industry,primary,mwt,175.71
2012-03-01,industry,primary,nld,133.33
2012-03-01,industry,primary,otg,154.13
2012-03-01,industry,primary,wai,164.21
2012-03-01,industry,primary,wlg,170.15
2012-03-01,industry,sales,akl,127.21
2012-03-01,industry,sales,bop,132.7
2012-03-01,industry,sales,cant,143.64
2012-03-01,industry,sales,gis,163.0
2012-03-01,industry,sales,mrl,147.32
2012-03-01,industry,sales,mwt,126.27
2012-03-01,industry,sales,nld,134.62
2012-03-01,industry,sales,otg,144.9
2012-03-01,industry,sales,wai,139.09
2012-03-01,industry,sales,wlg,119.25
2012-03-01,occupation,clerical_admin,akl,122.7
2012-03-01,occupation,clerical_admin,bop,149.5
2012-03-01,occupation,clerical_admin,cant,196.5
2012-03-01,occupation,clerical_admin,gis,175.2
2012-03-01,occupation,clerical_admin,mrl,173.0
2012-03-01,occupation,clerical_admin,mwt,136.8
2012-03-01,occupation,clerical_admin,nld,124.9
2012-03-01,occupation,clerical_admin,otg,149.3
2012-03-01,occupation,clerical_admin,wai,137.4
2012-03-01,occupation,clerical_admin,wlg,139.4
2012-03-01,occupation,community_services,akl,137.6
2012-03-01,occupation,community_services,bop,155.0
2012-03-01,occupation,community_services,cant,155.5
2012-03-01,occupation,community_services,gis,141.9
2012-03-01,occupation,community_services,mrl,147.7
2012-03-01,occupation,community_services,mwt,138.4
2012-03-01,occupation,community_services,nld,189.2
2012-03-01,occupation,community_services,otg,197.4
2012-03-01,occupation,community_services,wai,184.3
2012-03-01,occupation,community_services,wlg,163.6
2012-03-01,occupation,labourers,akl,150.7
2012-03-01,occupation,labourers,bop,155.1
2012-03-01,occupation,labourers,cant,241.5
2012-03-01,occupation,labourers,gis,120.1
2012-03-01,occupation,labourers,mrl,136.9
2012-03-01,occupation,labourers,mwt,202.4
2012-03-01,occupation,labourers,nld,157.1
2012-03-01,occupation,labourers,otg,168.0
2012-03-01,occupation,labourers,wai,144.9
2012-03-01,occupation,labourers,wlg,162.9
2012-03-01,occupation,machinery_drivers,akl,123.5
2012-03-01,occupation,machinery_drivers,bop,132.3
2012-03-01,occupation,machinery_drivers,cant,271.9
2012-03-01,occupation,machinery_drivers,gis,114.5
2012-03-01,occupation,machinery_drivers,mrl,134.9
2012-03-01,occupation,machinery_drivers,mwt,136.5
2012-03-01,occupation,machinery_drivers,nld,136.7
2012-03-01,occupation,machinery_drivers,otg,126.7
2012-03-01,occupation,machinery_drivers,wai,122.8
2012-03-01,occupation,machinery_drivers,wlg,144.7
2012-03-01,occupation,managers,akl,121.6
2012-03-01,occupation,managers,bop,116.8
2012-03-01,occupation,managers,cant,150.0
2012-03-01,occupation,managers,gis,155.1
2012-03-01,occupation,managers,mrl,128.6
2012-03-01,occupation,managers,mwt,121.7
2012-03-01,occupation,managers,nld,145.5
2012-03-01,occupation,managers,otg,141.6
2012-03-01,occupation,managers,wai,117.8
2012-03-01,occupation,managers,wlg,106.3
2012-03-01,occupation,professionals,akl,102.8
2012-03-01,occupation,professionals,bop,102.2
2012-03-01,occupation,professionals,cant,141.4
2012-03-01,occupation,professionals,gis,79.5
2012-03-01,occupation,professionals,mrl,87.9
2012-03-01,occupation,professionals,mwt,92.9
2012-03-01,occupation,professionals,nld,82.1
2012-03-01,occupation,professionals,otg,90.0
2012-03-01,occupation,professionals,wai,93.2
2012-03-01,occupation,professionals,wlg,105.9
2012-03-01,occupation,sales,akl,127.5
2012-03-01,occupation,sales,bop,136.6
2012-03-01,occupation,sales,cant,155.4
2012-03-01,occupation,sales,gis,120.6
2012-03-01,occupation,sales,mrl,160.3
2012-03-01,occupation,sales,mwt,138.1
2012-03-01,occupation,sales,nld,114.1
2012-03-01,occupation,sales,otg,136.0
2012-03-01,occupation,sales,wai,146.4
2012-03-01,occupation,sales,wlg,139.7
2012-03-01,occupation,trades_and_technical,akl,133.5
2012-03-01,occupation,trades_and_technical,bop,141.3
2012-03-01,occupation,trades_and_technical,cant,215.7
2012-03-01,occupation,trades_and_technical,gis,117.7
2012-03-01,occupation,trades_and_technical,mrl,141.1
2012-03-01,occupation,trades_and_technical,mwt,158.6
2012-03-01,occupation,trades_and_technical,nld,105.6
2012-03-01,occupation,trades_and_technical,otg,159.8
2012-03-01,occupation,trades_and_technical,wai,149.5
2012-03-01,occupation,trades_and_technical,wlg,119.7
2012-03-01,skill_level,highly_skilled,akl,113.99
2012-03-01,skill_level,highly_skilled,bop,127.62
2012-03-01,skill_level,highly_skilled,cant,162.96
2012-03-01,skill_level,highly_skilled,gis,120.58
2012-03-01,skill_level,highly_skilled,mrl,132.8
2012-03-01,skill_level,highly_skilled,mwt,130.22
2012-03-01,skill_level,highly_skilled,nld,123.85
2012-03-01,skill_level,highly_skilled,otg,128.57
2012-03-01,skill_level,highly_skilled,wai,116.09
2012-03-01,skill_level,highly_skilled,wlg,110.2
2012-03-01,skill_level,low_skilled,akl,125.58
2012-03-01,skill_level,low_skilled,bop,141.97
2012-03-01,skill_level,low_skilled,cant,192.04
2012-03-01,skill_level,low_skilled,gis,129.19
2012-03-01,skill_level,low_skilled,mrl,149.27
2012-03-01,skill_level,low_skilled,mwt,142.49
2012-03-01,skill_level,low_skilled,nld,137.12
2012-03-01,skill_level,low_skilled,otg,152.32
2012-03-01,skill_level,low_skilled,wai,142.07
2012-03-01,skill_level,low_skilled,wlg,153.41
2012-03-01,skill_level,semi_skilled,akl,137.66
2012-03-01,skill_level,semi_skilled,bop,164.65
2012-03-01,skill_level,semi_skilled,cant,266.66
2012-03-01,skill_level,semi_skilled,gis,125.0
2012-03-01,skill_level,semi_skilled,mrl,172.03
2012-03-01,skill_level,semi_skilled,mwt,182.84
2012-03-01,skill_level,semi_skilled,nld,105.43
2012-03-01,skill_level,semi_skilled,otg,182.35
2012-03-01,skill_level,semi_skilled,wai,148.51
2012-03-01,skill_level,semi_skilled,wlg,137.74
2012-03-01,skill_level,skilled,akl,103.85
2012-03-01,skill_level,skilled,bop,102.24
2012-03-01,skill_level,skilled,cant,127.64
2012-03-01,skill_level,skilled,gis,87.5
2012-03-01,skill_level,skilled,mrl,77.89
2012-03-01,skill_level,skilled,mwt,75.24
2012-03-01,skill_level,skilled,nld,70.85
2012-03-01,skill_level,skilled,otg,94.42
2012-03-01,skill_level,skilled,wai,102.41
2012-03-01,skill_level,skilled,wlg,97.32
2012-03-01,skill_level,unskilled,akl,136.14
2012-03-01,skill_level,unskilled,bop,123.09
2012-03-01,skill_level,unskilled,cant,182.34
2012-03-01,skill_level,unskilled,gis,134.4
2012-03-01,skill_level,unskilled,mrl,159.27
2012-03-01,skill_level,unskilled,mwt,163.64
2012-03-01,skill_level,unskilled,nld,150.0
2012-03-01,skill_level,unskilled,otg,150.7
2012-03-01,skill_level,unskilled,wai,144.08
2012-03-01,skill_level,unskilled,wlg,145.71
2012-06-01,industry,accounting,akl,127.09
2012-06-01,industry,accounting,bop,162.26
2012-06-01,industry,accounting,cant,202.63
2012-06-01,industry,accounting,gis,139.72
2012-06-01,industry,accounting,mrl,117.82
2012-06-01,industry,accounting,mwt,153.18
2012-06-01,industry,accounting,nld,116.92
2012-06-01,industry,accounting,otg,151.71
2012-06-01,industry,accounting,wai,136.48
2012-06-01,industry,accounting,wlg,149.71
2012-06-01,industry,construction,akl,139.95
2012-06-01,industry,construction,bop,161.42
2012-06-01,industry,construction,cant,273.63
2012-06-01,industry,construction,gis,129.92
2012-06-01,industry,construction,mrl,186.86
2012-06-01,industry,construction,mwt,145.52
2012-06-01,industry,construction,nld,147.97
2012-06-01,industry,construction,otg,203.02
2012-06-01,industry,construction,wai,158.93
2012-06-01,industry,construction,wlg,130.81
2012-06-01,industry,education,akl,53.41
2012-06-01,industry,education,bop,44.59
2012-06-01,industry,education,cant,54.03
2012-06-01,industry,education,gis,31.02
2012-06-01,industry,education,mrl,31.74
2012-06-01,industry,education,mwt,44.72
2012-06-01,industry,education,nld,36.53
2012-06-01,industry,education,otg,49.21
2012-06-01,industry,education,wai,46.02
2012-06-01,industry,education,wlg,55.56
2012-06-01,industry,health,akl,129.37
2012-06-01,industry,health,bop,151.23
2012-06-01,industry,health,cant,186.34
2012-06-01,industry,health,gis,122.98
2012-06-01,industry,health,mrl,155.45
2012-06-01,industry,health,mwt,120.41
2012-06-01,industry,health,nld,138.1
2012-06-01,industry,health,otg,134.86
2012-06-01,industry,health,wai,144.89
2012-06-01,industry,health,wlg,124.09
2012-06-01,industry,hospitality,akl,116.85
2012-06-01,industry,hospitality,bop,97.04
2012-06-01,industry,hospitality,cant,102.26
2012-06-01,industry,hospitality,gis,107.2
2012-06-01,industry,hospitality,mrl,90.32
2012-06-01,industry,hospitality,mwt,115.04
2012-06-01,industry,hospitality,nld,86.21
2012-06-01,industry,hospitality,otg,100.0
2012-06-01,industry,hospitality,wai,102.68
2012-06-01,industry,hospitality,wlg,128.38
2012-06-01,industry,it,akl,120.44
2012-06-01,industry,it,bop,130.12
2012-06-01,industry,it,cant,135.56
2012-06-01,industry,it,gis,151.85
2012-06-01,industry,it,mrl,157.69
2012-06-01,industry,it,mwt,97.65
2012-06-01,industry,it,nld,200.0
2012-06-01,industry,it,otg,144.09
2012-06-01,industry,it,wai,123.62
2012-06-01,industry,it,wlg,110.91
2012-06-01,industry,manufacturing,akl,127.45
2012-06-01,industry,manufacturing,bop,128.88
2012-06-01,industry,manufacturing,cant,222.02
2012-06-01,industry,manufacturing,gis,114.52
2012-06-01,industry,manufacturing,mrl,181.52
2012-06-01,industry,manufacturing,mwt,124.35
2012-06-01,industry,manufacturing,nld,151.79
2012-06-01,industry,manufacturing,otg,123.75
2012-06-01,industry,manufacturing,wai,136.01
2012-06-01,industry,manufacturing,wlg,118.53
2012-06-01,industry,other,akl,125.82
2012-06-01,industry,other,bop,114.42
2012-06-01,industry,other,cant,191.16
2012-06-01,industry,other,gis,115.79
2012-06-01,industry,other,mrl,135.53
2012-06-01,industry,other,mwt,123.84
2012-06-01,industry,other,nld,194.12
2012-06-01,industry,other,otg,188.1
2012-06-01,industry,other,wai,138.62
2012-06-01,industry,other,wlg,121.61
2012-06-01,industry,primary,akl,157.14
2012-06-01,industry,primary,bop,209.09
2012-06-01,industry,primary,cant,174.07
2012-06-01,industry,primary,gis,158.73
2012-06-01,industry,primary,mrl,165.59
2012-06-01,industry,primary,mwt,177.14
2012-06-01,industry,primary,nld,138.46
2012-06-01,industry,primary,otg,193.58
2012-06-01,industry,primary,wai,215.79
2012-06-01,industry,primary,wlg,177.61
2012-06-01,industry,sales,akl,132.75
2012-06-01,industry,sales,bop,129.46
2012-06-01,industry,sales,cant,142.95
2012-06-01,industry,sales,gis,143.5
2012-06-01,industry,sales,mrl,119.64
2012-06-01,industry,sales,mwt,109.64
2012-06-01,industry,sales,nld,113.08
2012-06-01,industry,sales,otg,115.19
2012-06-01,industry,sales,wai,125.0
2012-06-01,industry,sales,wlg,126.9
2012-06-01,occupation,clerical_admin,akl,127.0
2012-06-01,occupation,clerical_admin,bop,147.0
2012-06-01,occupation,clerical_admin,cant,191.0
2012-06-01,occupation,clerical_admin,gis,136.3
2012-06-01,occupation,clerical_admin,mrl,140.0
2012-06-01,occupation,clerical_admin,mwt,146.6
2012-06-01,occupation,clerical_admin,nld,128.3
2012-06-01,occupation,clerical_admin,otg,173.7
2012-06-01,occupation,clerical_admin,wai,155.3
2012-06-01,occupation,clerical_admin,wlg,140.6
2012-06-01,occupation,community_services,akl,142.0
2012-06-01,occupation,community_services,bop,132.4
2012-06-01,occupation,community_services,cant,147.6
2012-06-01,occupation,community_services,gis,133.8
2012-06-01,occupation,community_services,mrl,140.1
2012-06-01,occupation,community_services,mwt,139.0
2012-06-01,occupation,community_services,nld,139.6
2012-06-01,occupation,community_services,otg,164.9
2012-06-01,occupation,community_services,wai,146.1
2012-06-01,occupation,community_services,wlg,149.0
2012-06-01,occupation,labourers,akl,151.2
2012-06-01,occupation,labourers,bop,159.2
2012-06-01,occupation,labourers,cant,236.5
2012-06-01,occupation,labourers,gis,102.5
2012-06-01,occupation,labourers,mrl,127.8
2012-06-01,occupation,labourers,mwt,147.6
2012-06-01,occupation,labourers,nld,133.3
2012-06-01,occupation,labourers,otg,151.5
2012-06-01,occupation,labourers,wai,155.9
2012-06-01,occupation,labourers,wlg,165.3
2012-06-01,occupation,machinery_drivers,akl,137.3
2012-06-01,occupation,machinery_drivers,bop,132.3
2012-06-01,occupation,machinery_drivers,cant,269.0
2012-06-01,occupation,machinery_drivers,gis,94.2
2012-06-01,occupation,machinery_drivers,mrl,136.1
2012-06-01,occupation,machinery_drivers,mwt,111.5
2012-06-01,occupation,machinery_drivers,nld,156.7
2012-06-01,occupation,machinery_drivers,otg,121.8
2012-06-01,occupation,machinery_drivers,wai,122.8
2012-06-01,occupation,machinery_drivers,wlg,108.4
2012-06-01,occupation,managers,akl,127.0
2012-06-01,occupation,managers,bop,108.3
2012-06-01,occupation,managers,cant,154.9
2012-06-01,occupation,managers,gis,142.2
2012-06-01,occupation,managers,mrl,117.6
2012-06-01,occupation,managers,mwt,121.1
2012-06-01,occupation,managers,nld,136.6
2012-06-01,occupation,managers,otg,142.8
2012-06-01,occupation,managers,wai,125.8
2012-06-01,occupation,managers,wlg,114.6
2012-06-01,occupation,professionals,akl,109.4
2012-06-01,occupation,professionals,bop,111.0
2012-06-01,occupation,professionals,cant,151.2
2012-06-01,occupation,professionals,gis,85.5
2012-06-01,occupation,professionals,mrl,80.9
2012-06-01,occupation,professionals,mwt,84.0
2012-06-01,occupation,professionals,nld,90.4
2012-06-01,occupation,professionals,otg,101.5
2012-06-01,occupation,professionals,wai,100.3
2012-06-01,occupation,professionals,wlg,115.9
2012-06-01,occupation,sales,akl,144.6
2012-06-01,occupation,sales,bop,132.8
2012-06-01,occupation,sales,cant,161.8
2012-06-01,occupation,sales,gis,110.3
2012-06-01,occupation,sales,mrl,128.4
2012-06-01,occupation,sales,mwt,104.6
2012-06-01,occupation,sales,nld,101.1
2012-06-01,occupation,sales,otg,114.4
2012-06-01,occupation,sales,wai,125.6
2012-06-01,occupation,sales,wlg,139.7
2012-06-01,occupation,trades_and_technical,akl,142.2
2012-06-01,occupation,trades_and_technical,bop,146.3
2012-06-01,occupation,trades_and_technical,cant,225.6
2012-06-01,occupation,trades_and_technical,gis,122.0
2012-06-01,occupation,trades_and_technical,mrl,166.8
2012-06-01,occupation,trades_and_technical,mwt,161.6
2012-06-01,occupation,trades_and_technical,nld,119.0
2012-06-01,occupation,trades_and_technical,otg,159.2
2012-06-01,occupation,trades_and_technical,wai,165.1
2012-06-01,occupation,trades_and_technical,wlg,122.3
2012-06-01,skill_level,highly_skilled,akl,119.79
2012-06-01,skill_level,highly_skilled,bop,137.48
2012-06-01,skill_level,highly_skilled,cant,172.87
2012-06-01,skill_level,highly_skilled,gis,127.77
2012-06-01,skill_level,highly_skilled,mrl,122.82
2012-06-01,skill_level,highly_skilled,mwt,118.77
2012-06-01,skill_level,highly_skilled,nld,139.33
2012-06-01,skill_level,highly_skilled,otg,139.8
2012-06-01,skill_level,highly_skilled,wai,128.16
2012-06-01,skill_level,highly_skilled,wlg,120.9
2012-06-01,skill_level,low_skilled,akl,128.39
2012-06-01,skill_level,low_skilled,bop,134.55
2012-06-01,skill_level,low_skilled,cant,190.71
2012-06-01,skill_level,low_skilled,gis,107.16
2012-06-01,skill_level,low_skilled,mrl,136.91
2012-06-01,skill_level,low_skilled,mwt,133.43
2012-06-01,skill_level,low_skilled,nld,122.77
2012-06-01,skill_level,low_skilled,otg,134.39
2012-06-01,skill_level,low_skilled,wai,141.52
2012-06-01,skill_level,low_skilled,wlg,144.52
2012-06-01,skill_level,semi_skilled,akl,150.71
2012-06-01,skill_level,semi_skilled,bop,163.13
2012-06-01,skill_level,semi_skilled,cant,272.21
2012-06-01,skill_level,semi_skilled,gis,128.38
2012-06-01,skill_level,semi_skilled,mrl,213.56
2012-06-01,skill_level,semi_skilled,mwt,175.75
2012-06-01,skill_level,semi_skilled,nld,110.87
2012-06-01,skill_level,semi_skilled,otg,205.88
2012-06-01,skill_level,semi_skilled,wai,159.74
2012-06-01,skill_level,semi_skilled,wlg,134.12
2012-06-01,skill_level,skilled,akl,114.48
2012-06-01,skill_level,skilled,bop,89.58
2012-06-01,skill_level,skilled,cant,127.07
2012-06-01,skill_level,skilled,gis,79.39
2012-06-01,skill_level,skilled,mrl,71.1
2012-06-01,skill_level,skilled,mwt,81.95
2012-06-01,skill_level,skilled,nld,62.5
2012-06-01,skill_level,skilled,otg,96.84
2012-06-01,skill_level,skilled,wai,101.65
2012-06-01,skill_level,skilled,wlg,103.69
2012-06-01,skill_level,unskilled,akl,151.85
2012-06-01,skill_level,unskilled,bop,138.72
2012-06-01,skill_level,unskilled,cant,183.94
2012-06-01,skill_level,unskilled,gis,128.8
2012-06-01,skill_level,unskilled,mrl,133.23
2012-06-01,skill_level,unskilled,mwt,122.06
2012-06-01,skill_level,unskilled,nld,140.0
2012-06-01,skill_level,unskilled,otg,132.09
2012-06-01,skill_level,unskilled,wai,129.28
2012-06-01,skill_level,unskilled,wlg,135.81
2012-09-01,industry,accounting,akl,122.72
2012-09-01,industry,accounting,bop,147.92
2012-09-01,industry,accounting,cant,194.33
2012-09-01,industry,accounting,gis,151.06
2012-09-01,industry,accounting,mrl,133.33
2012-09-01,industry,accounting,mwt,158.05
2012-09-01,industry,accounting,nld,86.92
2012-09-01,industry,accounting,otg,153.42
2012-09-01,industry,accounting,wai,134.03
2012-09-01,industry,accounting,wlg,146.54
2012-09-01,industry,construction,akl,151.3
2012-09-01,industry,construction,bop,167.81
2012-09-01,industry,construction,cant,305.75
2012-09-01,industry,construction,gis,153.79
2012-09-01,industry,construction,mrl,201.27
2012-09-01,industry,construction,mwt,153.33
2012-09-01,industry,construction,nld,153.38
2012-09-01,industry,construction,otg,199.75
2012-09-01,industry,construction,wai,169.48
2012-09-01,industry,construction,wlg,134.14
2012-09-01,industry,education,akl,61.3
2012-09-01,industry,education,bop,67.87
2012-09-01,industry,education,cant,69.1
2012-09-01,industry,education,gis,40.41
2012-09-01,industry,education,mrl,39.13
2012-09-01,industry,education,mwt,62.06
2012-09-01,industry,education,nld,47.03
2012-09-01,industry,education,otg,62.46
2012-09-01,industry,education,wai,67.31
2012-09-01,industry,education,wlg,64.33
2012-09-01,industry,health,akl,145.27
2012-09-01,industry,health,bop,126.91
2012-09-01,industry,health,cant,213.59
2012-09-01,industry,health,gis,122.98
2012-09-01,industry,health,mrl,194.87
2012-09-01,industry,health,mwt,138.26
2012-09-01,industry,health,nld,144.56
2012-09-01,industry,health,otg,158.07
2012-09-01,industry,health,wai,132.67
2012-09-01,industry,health,wlg,139.46
2012-09-01,industry,hospitality,akl,131.68
2012-09-01,industry,hospitality,bop,100.0
2012-09-01,industry,hospitality,cant,133.83
2012-09-01,industry,hospitality,gis,125.6
2012-09-01,industry,hospitality,mrl,137.42
2012-09-01,industry,hospitality,mwt,98.5
2012-09-01,industry,hospitality,nld,134.48
2012-09-01,industry,hospitality,otg,134.15
2012-09-01,industry,hospitality,wai,125.89
2012-09-01,industry,hospitality,wlg,154.67
2012-09-01,industry,it,akl,118.89
2012-09-01,industry,it,bop,96.39
2012-09-01,industry,it,cant,168.63
2012-09-01,industry,it,gis,166.67
2012-09-01,industry,it,mrl,130.77
2012-09-01,industry,it,mwt,102.35
2012-09-01,industry,it,nld,128.57
2012-09-01,industry,it,otg,163.44
2012-09-01,industry,it,wai,160.3
2012-09-01,industry,it,wlg,107.68
2012-09-01,industry,manufacturing,akl,131.22
2012-09-01,industry,manufacturing,bop,135.29
2012-09-01,industry,manufacturing,cant,236.23
2012-09-01,industry,manufacturing,gis,125.81
2012-09-01,industry,manufacturing,mrl,154.35
2012-09-01,industry,manufacturing,mwt,137.39
2012-09-01,industry,manufacturing,nld,169.64
2012-09-01,industry,manufacturing,otg,136.88
2012-09-01,industry,manufacturing,wai,133.12
2012-09-01,industry,manufacturing,wlg,136.78
2012-09-01,industry,other,akl,126.9
2012-09-01,industry,other,bop,127.88
2012-09-01,industry,other,cant,176.74
2012-09-01,industry,other,gis,111.84
2012-09-01,industry,other,mrl,90.79
2012-09-01,industry,other,mwt,113.25
2012-09-01,industry,other,nld,205.88
2012-09-01,industry,other,otg,195.24
2012-09-01,industry,other,wai,150.79
2012-09-01,industry,other,wlg,131.75
2012-09-01,industry,primary,akl,135.37
2012-09-01,industry,primary,bop,163.64
2012-09-01,industry,primary,cant,261.73
2012-09-01,industry,primary,gis,185.71
2012-09-01,industry,primary,mrl,137.63
2012-09-01,industry,primary,mwt,212.86
2012-09-01,industry,primary,nld,138.46
2012-09-01,industry,primary,otg,187.16
2012-09-01,industry,primary,wai,174.74
2012-09-01,industry,primary,wlg,232.84
2012-09-01,industry,sales,akl,139.36
2012-09-01,industry,sales,bop,130.54
2012-09-01,industry,sales,cant,157.13
2012-09-01,industry,sales,gis,152.0
2012-09-01,industry,sales,mrl,133.04
2012-09-01,industry,sales,mwt,120.0
2012-09-01,industry,sales,nld,141.54
2012-09-01,industry,sales,otg,141.72
2012-09-01,industry,sales,wai,132.12
2012-09-01,industry,sales,wlg,131.8
2012-09-01,occupation,clerical_admin,akl,127.7
2012-09-01,occupation,clerical_admin,bop,134.6
2012-09-01,occupation,clerical_admin,cant,189.2
2012-09-01,occupation,clerical_admin,gis,163.7
2012-09-01,occupation,clerical_admin,mrl,127.6
2012-09-01,occupation,clerical_admin,mwt,132.3
2012-09-01,occupation,clerical_admin,nld,132.9
2012-09-01,occupation,clerical_admin,otg,165.7
2012-09-01,occupation,clerical_admin,wai,131.9
2012-09-01,occupation,clerical_admin,wlg,139.9
2012-09-01,occupation,community_services,akl,146.9
2012-09-01,occupation,community_services,bop,113.6
2012-09-01,occupation,community_services,cant,184.2
2012-09-01,occupation,community_services,gis,143.4
2012-09-01,occupation,community_services,mrl,161.4
2012-09-01,occupation,community_services,mwt,161.0
2012-09-01,occupation,community_services,nld,156.2
2012-09-01,occupation,community_services,otg,225.3
2012-09-01,occupation,community_services,wai,159.9
2012-09-01,occupation,community_services,wlg,167.9
2012-09-01,occupation,labourers,akl,177.0
2012-09-01,occupation,labourers,bop,151.0
2012-09-01,occupation,labourers,cant,270.6
2012-09-01,occupation,labourers,gis,110.1
2012-09-01,occupation,labourers,mrl,130.4
2012-09-01,occupation,labourers,mwt,159.5
2012-09-01,occupation,labourers,nld,157.1
2012-09-01,occupation,labourers,otg,155.7
2012-09-01,occupation,labourers,wai,181.6
2012-09-01,occupation,labourers,wlg,180.7
2012-09-01,occupation,machinery_drivers,akl,151.1
2012-09-01,occupation,machinery_drivers,bop,137.5
2012-09-01,occupation,machinery_drivers,cant,304.6
2012-09-01,occupation,machinery_drivers,gis,97.1
2012-09-01,occupation,machinery_drivers,mrl,110.4
2012-09-01,occupation,machinery_drivers,mwt,139.4
2012-09-01,occupation,machinery_drivers,nld,196.7
2012-09-01,occupation,machinery_drivers,otg,162.4
2012-09-01,occupation,machinery_drivers,wai,138.0
2012-09-01,occupation,machinery_drivers,wlg,124.2
2012-09-01,occupation,managers,akl,124.1
2012-09-01,occupation,managers,bop,129.6
2012-09-01,occupation,managers,cant,175.7
2012-09-01,occupation,managers,gis,176.9
2012-09-01,occupation,managers,mrl,139.1
2012-09-01,occupation,managers,mwt,116.0
2012-09-01,occupation,managers,nld,147.5
2012-09-01,occupation,managers,otg,134.0
2012-09-01,occupation,managers,wai,131.8
2012-09-01,occupation,managers,wlg,114.9
2012-09-01,occupation,professionals,akl,116.2
2012-09-01,occupation,professionals,bop,103.9
2012-09-01,occupation,professionals,cant,161.0
2012-09-01,occupation,professionals,gis,93.9
2012-09-01,occupation,professionals,mrl,91.8
2012-09-01,occupation,professionals,mwt,103.8
2012-09-01,occupation,professionals,nld,90.1
2012-09-01,occupation,professionals,otg,112.3
2012-09-01,occupation,professionals,wai,108.8
2012-09-01,occupation,professionals,wlg,116.4
2012-09-01,occupation,sales,akl,146.1
2012-09-01,occupation,sales,bop,131.7
2012-09-01,occupation,sales,cant,180.8
2012-09-01,occupation,sales,gis,86.5
2012-09-01,occupation,sales,mrl,131.9
2012-09-01,occupation,sales,mwt,112.5
2012-09-01,occupation,sales,nld,104.3
2012-09-01,occupation,sales,otg,137.8
2012-09-01,occupation,sales,wai,145.5
2012-09-01,occupation,sales,wlg,151.8
2012-09-01,occupation,trades_and_technical,akl,147.8
2012-09-01,occupation,trades_and_technical,bop,159.1
2012-09-01,occupation,trades_and_technical,cant,263.3
2012-09-01,occupation,trades_and_technical,gis,131.1
2012-09-01,occupation,trades_and_technical,mrl,189.7
2012-09-01,occupation,trades_and_technical,mwt,159.8
2012-09-01,occupation,trades_and_technical,nld,147.6
2012-09-01,occupation,trades_and_technical,otg,169.9
2012-09-01,occupation,trades_and_technical,wai,166.2
2012-09-01,occupation,trades_and_technical,wlg,135.0
2012-09-01,skill_level,highly_skilled,akl,123.25
2012-09-01,skill_level,highly_skilled,bop,128.65
2012-09-01,skill_level,highly_skilled,cant,184.82
2012-09-01,skill_level,highly_skilled,gis,141.73
2012-09-01,skill_level,highly_skilled,mrl,136.7
2012-09-01,skill_level,highly_skilled,mwt,133.02
2012-09-01,skill_level,highly_skilled,nld,133.03
2012-09-01,skill_level,highly_skilled,otg,141.36
2012-09-01,skill_level,highly_skilled,wai,133.03
2012-09-01,skill_level,highly_skilled,wlg,120.23
2012-09-01,skill_level,low_skilled,akl,131.97
2012-09-01,skill_level,low_skilled,bop,124.12
2012-09-01,skill_level,low_skilled,cant,202.1
2012-09-01,skill_level,low_skilled,gis,113.71
2012-09-01,skill_level,low_skilled,mrl,141.34
2012-09-01,skill_level,low_skilled,mwt,145.02
2012-09-01,skill_level,low_skilled,nld,141.9
2012-09-01,skill_level,low_skilled,otg,156.75
2012-09-01,skill_level,low_skilled,wai,149.6
2012-09-01,skill_level,low_skilled,wlg,147.74
2012-09-01,skill_level,semi_skilled,akl,163.9
2012-09-01,skill_level,semi_skilled,bop,165.15
2012-09-01,skill_level,semi_skilled,cant,310.71
2012-09-01,skill_level,semi_skilled,gis,150.0
2012-09-01,skill_level,semi_skilled,mrl,240.68
2012-09-01,skill_level,semi_skilled,mwt,176.26
2012-09-01,skill_level,semi_skilled,nld,139.13
2012-09-01,skill_level,semi_skilled,otg,210.78
2012-09-01,skill_level,semi_skilled,wai,172.94
2012-09-01,skill_level,semi_skilled,wlg,145.57
2012-09-01,skill_level,skilled,akl,114.82
2012-09-01,skill_level,skilled,bop,107.69
2012-09-01,skill_level,skilled,cant,157.59
2012-09-01,skill_level,skilled,gis,89.73
2012-09-01,skill_level,skilled,mrl,80.93
2012-09-01,skill_level,skilled,mwt,84.55
2012-09-01,skill_level,skilled,nld,79.54
2012-09-01,skill_level,skilled,otg,113.38
2012-09-01,skill_level,skilled,wai,100.63
2012-09-01,skill_level,skilled,wlg,112.85
2012-09-01,skill_level,unskilled,akl,163.39
2012-09-01,skill_level,unskilled,bop,135.79
2012-09-01,skill_level,unskilled,cant,207.01
2012-09-01,skill_level,unskilled,gis,116.8
2012-09-01,skill_level,unskilled,mrl,125.78
2012-09-01,skill_level,unskilled,mwt,131.66
2012-09-01,skill_level,unskilled,nld,132.86
2012-09-01,skill_level,unskilled,otg,153.49
2012-09-01,skill_level,unskilled,wai,146.71
2012-09-01,skill_level,unskilled,wlg,158.5
2012-12-01,industry,accounting,akl,94.84
2012-12-01,industry,accounting,bop,102.64
2012-12-01,industry,accounting,cant,147.09
2012-12-01,industry,accounting,gis,140.43
2012-12-01,industry,accounting,mrl,96.55
2012-12-01,industry,accounting,mwt,135.21
2012-12-01,industry,accounting,nld,94.62
2012-12-01,industry,accounting,otg,123.29
2012-12-01,industry,accounting,wai,105.67
2012-12-01,industry,accounting,wlg,108.73
2012-12-01,industry,construction,akl,133.56
2012-12-01,industry,construction,bop,149.77
2012-12-01,industry,construction,cant,279.97
2012-12-01,industry,construction,gis,136.36
2012-12-01,industry,construction,mrl,165.25
2012-12-01,industry,construction,mwt,142.67
2012-12-01,industry,construction,nld,159.46
2012-12-01,industry,construction,otg,171.54
2012-12-01,industry,construction,wai,143.18
2012-12-01,industry,construction,wlg,134.37
2012-12-01,industry,education,akl,71.21
2012-12-01,industry,education,bop,64.26
2012-12-01,industry,education,cant,77.17
2012-12-01,industry,education,gis,57.96
2012-12-01,industry,education,mrl,66.09
2012-12-01,industry,education,mwt,84.82
2012-12-01,industry,education,nld,83.56
2012-12-01,industry,education,otg,76.97
2012-12-01,industry,education,wai,87.31
2012-12-01,industry,education,wlg,73.68
2012-12-01,industry,health,akl,113.04
2012-12-01,industry,health,bop,118.67
2012-12-01,industry,health,cant,149.6
2012-12-01,industry,health,gis,94.82
2012-12-01,industry,health,mrl,130.1
2012-12-01,industry,health,mwt,100.61
2012-12-01,industry,health,nld,111.86
2012-12-01,industry,health,otg,116.04
2012-12-01,industry,health,wai,121.2
2012-12-01,industry,health,wlg,115.82
2012-12-01,industry,hospitality,akl,117.76
2012-12-01,industry,hospitality,bop,110.34
2012-12-01,industry,hospitality,cant,118.65
2012-12-01,industry,hospitality,gis,132.0
2012-12-01,industry,hospitality,mrl,162.58
2012-12-01,industry,hospitality,mwt,113.53
2012-12-01,industry,hospitality,nld,124.14
2012-12-01,industry,hospitality,otg,145.12
2012-12-01,industry,hospitality,wai,111.16
2012-12-01,industry,hospitality,wlg,117.33
2012-12-01,industry,it,akl,90.81
2012-12-01,industry,it,bop,57.83
2012-12-01,industry,it,cant,119.57
2012-12-01,industry,it,gis,81.48
2012-12-01,industry,it,mrl,73.08
2012-12-01,industry,it,mwt,100.0
2012-12-01,industry,it,nld,64.29
2012-12-01,industry,it,otg,141.94
2012-12-01,industry,it,wai,91.46
2012-12-01,industry,it,wlg,86.18
2012-12-01,industry,manufacturing,akl,118.83
2012-12-01,industry,manufacturing,bop,114.97
2012-12-01,industry,manufacturing,cant,211.01
2012-12-01,industry,manufacturing,gis,140.32
2012-12-01,industry,manufacturing,mrl,157.61
2012-12-01,industry,manufacturing,mwt,129.13
2012-12-01,industry,manufacturing,nld,141.07
2012-12-01,industry,manufacturing,otg,127.5
2012-12-01,industry,manufacturing,wai,108.04
2012-12-01,industry,manufacturing,wlg,120.98
2012-12-01,industry,other,akl,108.29
2012-12-01,industry,other,bop,118.27
2012-12-01,industry,other,cant,150.23
2012-12-01,industry,other,gis,135.53
2012-12-01,industry,other,mrl,107.89
2012-12-01,industry,other,mwt,121.85
2012-12-01,industry,other,nld,158.82
2012-12-01,industry,other,otg,171.43
2012-12-01,industry,other,wai,110.05
2012-12-01,industry,other,wlg,114.76
2012-12-01,industry,primary,akl,125.17
2012-12-01,industry,primary,bop,147.73
2012-12-01,industry,primary,cant,160.49
2012-12-01,industry,primary,gis,136.51
2012-12-01,industry,primary,mrl,94.62
2012-12-01,industry,primary,mwt,245.71
2012-12-01,industry,primary,nld,133.33
2012-12-01,industry,primary,otg,139.45
2012-12-01,industry,primary,wai,144.21
2012-12-01,industry,primary,wlg,174.63
2012-12-01,industry,sales,akl,101.88
2012-12-01,industry,sales,bop,103.51
2012-12-01,industry,sales,cant,121.47
2012-12-01,industry,sales,gis,126.0
2012-12-01,industry,sales,mrl,103.57
2012-12-01,industry,sales,mwt,100.96
2012-12-01,industry,sales,nld,113.08
2012-12-01,industry,sales,otg,109.75
2012-12-01,industry,sales,wai,99.24
2012-12-01,industry,sales,wlg,100.32
2012-12-01,occupation,clerical_admin,akl,94.9
2012-12-01,occupation,clerical_admin,bop,97.8
2012-12-01,occupation,clerical_admin,cant,148.7
2012-12-01,occupation,clerical_admin,gis,145.1
2012-12-01,occupation,clerical_admin,mrl,104.8
2012-12-01,occupation,clerical_admin,mwt,124.5
2012-12-01,occupation,clerical_admin,nld,140.8
2012-12-01,occupation,clerical_admin,otg,134.7
2012-12-01,occupation,clerical_admin,wai,116.4
2012-12-01,occupation,clerical_admin,wlg,101.2
2012-12-01,occupation,community_services,akl,117.1
2012-12-01,occupation,community_services,bop,127.7
2012-12-01,occupation,community_services,cant,137.3
2012-12-01,occupation,community_services,gis,133.8
2012-12-01,occupation,community_services,mrl,124.9
2012-12-01,occupation,community_services,mwt,130.2
2012-12-01,occupation,community_services,nld,112.6
2012-12-01,occupation,community_services,otg,184.4
2012-12-01,occupation,community_services,wai,125.3
2012-12-01,occupation,community_services,wlg,130.3
2012-12-01,occupation,labourers,akl,150.6
2012-12-01,occupation,labourers,bop,155.1
2012-12-01,occupation,labourers,cant,227.1
2012-12-01,occupation,labourers,gis,112.6
2012-12-01,occupation,labourers,mrl,135.6
2012-12-01,occupation,labourers,mwt,173.8
2012-12-01,occupation,labourers,nld,142.9
2012-12-01,occupation,labourers,otg,149.5
2012-12-01,occupation,labourers,wai,117.6
2012-12-01,occupation,labourers,wlg,160.6
2012-12-01,occupation,machinery_drivers,akl,133.4
2012-12-01,occupation,machinery_drivers,bop,116.7
2012-12-01,occupation,machinery_drivers,cant,271.5
2012-12-01,occupation,machinery_drivers,gis,94.2
2012-12-01,occupation,machinery_drivers,mrl,101.8
2012-12-01,occupation,machinery_drivers,mwt,131.7
2012-12-01,occupation,machinery_drivers,nld,133.3
2012-12-01,occupation,machinery_drivers,otg,145.5
2012-12-01,occupation,machinery_drivers,wai,126.3
2012-12-01,occupation,machinery_drivers,wlg,123.2
2012-12-01,occupation,managers,akl,101.3
2012-12-01,occupation,managers,bop,102.7
2012-12-01,occupation,managers,cant,145.6
2012-12-01,occupation,managers,gis,166.0
2012-12-01,occupation,managers,mrl,111.0
2012-12-01,occupation,managers,mwt,111.2
2012-12-01,occupation,managers,nld,108.9
2012-12-01,occupation,managers,otg,116.8
2012-12-01,occupation,managers,wai,107.5
2012-12-01,occupation,managers,wlg,98.8
2012-12-01,occupation,professionals,akl,96.4
2012-12-01,occupation,professionals,bop,90.5
2012-12-01,occupation,professionals,cant,138.2
2012-12-01,occupation,professionals,gis,84.0
2012-12-01,occupation,professionals,mrl,83.5
2012-12-01,occupation,professionals,mwt,100.9
2012-12-01,occupation,professionals,nld,101.1
2012-12-01,occupation,professionals,otg,101.5
2012-12-01,occupation,professionals,wai,95.3
2012-12-01,occupation,professionals,wlg,96.9
2012-12-01,occupation,sales,akl,109.3
2012-12-01,occupation,sales,bop,108.2
2012-12-01,occupation,sales,cant,134.6
2012-12-01,occupation,sales,gis,89.7
2012-12-01,occupation,sales,mrl,99.1
2012-12-01,occupation,sales,mwt,103.1
2012-12-01,occupation,sales,nld,107.6
2012-12-01,occupation,sales,otg,114.0
2012-12-01,occupation,sales,wai,102.9
2012-12-01,occupation,sales,wlg,106.4
2012-12-01,occupation,trades_and_technical,akl,128.9
2012-12-01,occupation,trades_and_technical,bop,132.8
2012-12-01,occupation,trades_and_technical,cant,229.9
2012-12-01,occupation,trades_and_technical,gis,126.3
2012-12-01,occupation,trades_and_technical,mrl,174.8
2012-12-01,occupation,trades_and_technical,mwt,154.1
2012-12-01,occupation,trades_and_technical,nld,139.7
2012-12-01,occupation,trades_and_technical,otg,157.8
2012-12-01,occupation,trades_and_technical,wai,148.4
2012-12-01,occupation,trades_and_technical,wlg,124.3
2012-12-01,skill_level,highly_skilled,akl,99.3
2012-12-01,skill_level,highly_skilled,bop,103.19
2012-12-01,skill_level,highly_skilled,cant,152.71
2012-12-01,skill_level,highly_skilled,gis,117.31
2012-12-01,skill_level,highly_skilled,mrl,105.89
2012-12-01,skill_level,highly_skilled,mwt,116.94
2012-12-01,skill_level,highly_skilled,nld,116.4
2012-12-01,skill_level,highly_skilled,otg,117.09
2012-12-01,skill_level,highly_skilled,wai,104.23
2012-12-01,skill_level,highly_skilled,wlg,98.94
2012-12-01,skill_level,low_skilled,akl,102.27
2012-12-01,skill_level,low_skilled,bop,109.88
2012-12-01,skill_level,low_skilled,cant,168.04
2012-12-01,skill_level,low_skilled,gis,108.65
2012-12-01,skill_level,low_skilled,mrl,105.53
2012-12-01,skill_level,low_skilled,mwt,132.8
2012-12-01,skill_level,low_skilled,nld,120.11
2012-12-01,skill_level,low_skilled,otg,131.01
2012-12-01,skill_level,low_skilled,wai,123.43
2012-12-01,skill_level,low_skilled,wlg,109.54
2012-12-01,skill_level,semi_skilled,akl,137.52
2012-12-01,skill_level,semi_skilled,bop,152.53
2012-12-01,skill_level,semi_skilled,cant,262.46
2012-12-01,skill_level,semi_skilled,gis,136.49
2012-12-01,skill_level,semi_skilled,mrl,190.68
2012-12-01,skill_level,semi_skilled,mwt,188.41
2012-12-01,skill_level,semi_skilled,nld,114.13
2012-12-01,skill_level,semi_skilled,otg,196.57
2012-12-01,skill_level,semi_skilled,wai,148.51
2012-12-01,skill_level,semi_skilled,wlg,155.21
2012-12-01,skill_level,skilled,akl,102.59
2012-12-01,skill_level,skilled,bop,98.35
2012-12-01,skill_level,skilled,cant,135.56
2012-12-01,skill_level,skilled,gis,100.91
2012-12-01,skill_level,skilled,mrl,95.66
2012-12-01,skill_level,skilled,mwt,90.04
2012-12-01,skill_level,skilled,nld,103.27
2012-12-01,skill_level,skilled,otg,112.45
2012-12-01,skill_level,skilled,wai,104.3
2012-12-01,skill_level,skilled,wlg,98.01
2012-12-01,skill_level,unskilled,akl,128.79
2012-12-01,skill_level,unskilled,bop,112.34
2012-12-01,skill_level,unskilled,cant,162.19
2012-12-01,skill_level,unskilled,gis,115.2
2012-12-01,skill_level,unskilled,mrl,128.76
2012-12-01,skill_level,unskilled,mwt,122.6
2012-12-01,skill_level,unskilled,nld,144.29
2012-12-01,skill_level,unskilled,otg,133.49
2012-12-01,skill_level,unskilled,wai,103.95
2012-12-01,skill_level,unskilled,wlg,118.41
2013-03-01,industry,accounting,akl,115.94
2013-03-01,industry,accounting,bop,151.7
2013-03-01,industry,accounting,cant,178.77
2013-03-01,industry,accounting,gis,165.96
2013-03-01,industry,accounting,mrl,137.93
2013-03-01,industry,accounting,mwt,163.3
2013-03-01,industry,accounting,nld,114.62
2013-03-01,industry,accounting,otg,167.12
2013-03-01,industry,accounting,wai,140.26
2013-03-01,industry,accounting,wlg,128.28
2013-03-01,industry,construction,akl,166.9
2013-03-01,industry,construction,bop,191.32
2013-03-01,industry,construction,cant,326.17
2013-03-01,industry,construction,gis,157.58
2013-03-01,industry,construction,mrl,208.05
2013-03-01,industry,construction,mwt,168.19
2013-03-01,industry,construction,nld,166.22
2013-03-01,industry,construction,otg,197.23
2013-03-01,industry,construction,wai,177.64
2013-03-01,industry,construction,wlg,145.65
2013-03-01,industry,education,akl,57.58
2013-03-01,industry,education,bop,51.8
2013-03-01,industry,education,cant,54.95
2013-03-01,industry,education,gis,34.69
2013-03-01,industry,education,mrl,35.65
2013-03-01,industry,education,mwt,55.56
2013-03-01,industry,education,nld,47.95
2013-03-01,industry,education,otg,46.37
2013-03-01,industry,education,wai,52.04
2013-03-01,industry,education,wlg,56.14
2013-03-01,industry,health,akl,134.21
2013-03-01,industry,health,bop,130.21
2013-03-01,industry,health,cant,196.54
2013-03-01,industry,health,gis,114.7
2013-03-01,industry,health,mrl,137.99
2013-03-01,industry,health,mwt,134.36
2013-03-01,industry,health,nld,109.71
2013-03-01,industry,health,otg,128.73
2013-03-01,industry,health,wai,132.67
2013-03-01,industry,health,wlg,118.3
2013-03-01,industry,hospitality,akl,138.6
2013-03-01,industry,hospitality,bop,124.63
2013-03-01,industry,hospitality,cant,131.58
2013-03-01,industry,hospitality,gis,127.2
2013-03-01,industry,hospitality,mrl,104.52
2013-03-01,industry,hospitality,mwt,134.59
2013-03-01,industry,hospitality,nld,110.34
2013-03-01,industry,hospitality,otg,151.63
2013-03-01,industry,hospitality,wai,144.2
2013-03-01,industry,hospitality,wlg,153.71
2013-03-01,industry,it,akl,98.93
2013-03-01,industry,it,bop,97.59
2013-03-01,industry,it,cant,121.58
2013-03-01,industry,it,gis,162.96
2013-03-01,industry,it,mrl,96.15
2013-03-01,industry,it,mwt,94.12
2013-03-01,industry,it,nld,100.0
2013-03-01,industry,it,otg,119.35
2013-03-01,industry,it,wai,95.48
2013-03-01,industry,it,wlg,87.97
2013-03-01,industry,manufacturing,akl,142.92
2013-03-01,industry,manufacturing,bop,165.78
2013-03-01,industry,manufacturing,cant,263.41
2013-03-01,industry,manufacturing,gis,195.16
2013-03-01,industry,manufacturing,mrl,198.91
2013-03-01,industry,manufacturing,mwt,149.13
2013-03-01,industry,manufacturing,nld,187.5
2013-03-01,industry,manufacturing,otg,153.13
2013-03-01,industry,manufacturing,wai,140.19
2013-03-01,industry,manufacturing,wlg,147.14
2013-03-01,industry,other,akl,140.08
2013-03-01,industry,other,bop,108.65
2013-03-01,industry,other,cant,168.84
2013-03-01,industry,other,gis,130.26
2013-03-01,industry,other,mrl,130.26
2013-03-01,industry,other,mwt,135.76
2013-03-01,industry,other,nld,170.59
2013-03-01,industry,other,otg,167.86
2013-03-01,industry,other,wai,128.04
2013-03-01,industry,other,wlg,129.12
2013-03-01,industry,primary,akl,144.9
2013-03-01,industry,primary,bop,186.36
2013-03-01,industry,primary,cant,202.47
2013-03-01,industry,primary,gis,176.19
2013-03-01,industry,primary,mrl,125.81
2013-03-01,industry,primary,mwt,215.71
2013-03-01,industry,primary,nld,161.54
2013-03-01,industry,primary,otg,141.28
2013-03-01,industry,primary,wai,206.32
2013-03-01,industry,primary,wlg,211.94
2013-03-01,industry,sales,akl,127.09
2013-03-01,industry,sales,bop,141.62
2013-03-01,industry,sales,cant,161.47
2013-03-01,industry,sales,gis,162.0
2013-03-01,industry,sales,mrl,139.29
2013-03-01,industry,sales,mwt,135.9
2013-03-01,industry,sales,nld,138.46
2013-03-01,industry,sales,otg,154.88
2013-03-01,industry,sales,wai,127.27
2013-03-01,industry,sales,wlg,122.43
2013-03-01,occupation,clerical_admin,akl,119.1
2013-03-01,occupation,clerical_admin,bop,146.1
2013-03-01,occupation,clerical_admin,cant,181.6
2013-03-01,occupation,clerical_admin,gis,201.8
2013-03-01,occupation,clerical_admin,mrl,169.3
2013-03-01,occupation,clerical_admin,mwt,147.8
2013-03-01,occupation,clerical_admin,nld,153.3
2013-03-01,occupation,clerical_admin,otg,184.5
2013-03-01,occupation,clerical_admin,wai,156.9
2013-03-01,occupation,clerical_admin,wlg,130.1
2013-03-01,occupation,community_services,akl,157.9
2013-03-01,occupation,community_services,bop,140.4
2013-03-01,occupation,community_services,cant,170.7
2013-03-01,occupation,community_services,gis,141.2
2013-03-01,occupation,community_services,mrl,153.1
2013-03-01,occupation,community_services,mwt,178.5
2013-03-01,occupation,community_services,nld,165.2
2013-03-01,occupation,community_services,otg,205.8
2013-03-01,occupation,community_services,wai,155.3
2013-03-01,occupation,community_services,wlg,153.5
2013-03-01,occupation,labourers,akl,203.8
2013-03-01,occupation,labourers,bop,209.2
2013-03-01,occupation,labourers,cant,295.3
2013-03-01,occupation,labourers,gis,166.3
2013-03-01,occupation,labourers,mrl,165.6
2013-03-01,occupation,labourers,mwt,208.3
2013-03-01,occupation,labourers,nld,154.8
2013-03-01,occupation,labourers,otg,170.1
2013-03-01,occupation,labourers,wai,210.3
2013-03-01,occupation,labourers,wlg,195.6
2013-03-01,occupation,machinery_drivers,akl,175.8
2013-03-01,occupation,machinery_drivers,bop,181.3
2013-03-01,occupation,machinery_drivers,cant,335.2
2013-03-01,occupation,machinery_drivers,gis,155.1
2013-03-01,occupation,machinery_drivers,mrl,120.2
2013-03-01,occupation,machinery_drivers,mwt,146.2
2013-03-01,occupation,machinery_drivers,nld,230.0
2013-03-01,occupation,machinery_drivers,otg,138.6
2013-03-01,occupation,machinery_drivers,wai,159.6
2013-03-01,occupation,machinery_drivers,wlg,145.8
2013-03-01,occupation,managers,akl,114.6
2013-03-01,occupation,managers,bop,129.2
2013-03-01,occupation,managers,cant,165.0
2013-03-01,occupation,managers,gis,147.6
2013-03-01,occupation,managers,mrl,114.3
2013-03-01,occupation,managers,mwt,123.2
2013-03-01,occupation,managers,nld,141.6
2013-03-01,occupation,managers,otg,123.3
2013-03-01,occupation,managers,wai,125.8
2013-03-01,occupation,managers,wlg,98.2
2013-03-01,occupation,professionals,akl,105.0
2013-03-01,occupation,professionals,bop,102.4
2013-03-01,occupation,professionals,cant,152.2
2013-03-01,occupation,professionals,gis,87.2
2013-03-01,occupation,professionals,mrl,74.0
2013-03-01,occupation,professionals,mwt,101.5
2013-03-01,occupation,professionals,nld,71.8
2013-03-01,occupation,professionals,otg,95.1
2013-03-01,occupation,professionals,wai,90.3
2013-03-01,occupation,professionals,wlg,99.8
2013-03-01,occupation,sales,akl,143.5
2013-03-01,occupation,sales,bop,136.1
2013-03-01,occupation,sales,cant,174.4
2013-03-01,occupation,sales,gis,132.5
2013-03-01,occupation,sales,mrl,154.3
2013-03-01,occupation,sales,mwt,139.6
2013-03-01,occupation,sales,nld,114.1
2013-03-01,occupation,sales,otg,172.5
2013-03-01,occupation,sales,wai,128.9
2013-03-01,occupation,sales,wlg,144.0
2013-03-01,occupation,trades_and_technical,akl,160.0
2013-03-01,occupation,trades_and_technical,bop,170.4
2013-03-01,occupation,trades_and_technical,cant,269.1
2013-03-01,occupation,trades_and_technical,gis,136.3
2013-03-01,occupation,trades_and_technical,mrl,165.9
2013-03-01,occupation,trades_and_technical,mwt,174.1
2013-03-01,occupation,trades_and_technical,nld,147.6
2013-03-01,occupation,trades_and_technical,otg,172.8
2013-03-01,occupation,trades_and_technical,wai,177.4
2013-03-01,occupation,trades_and_technical,wlg,142.7
2013-03-01,skill_level,highly_skilled,akl,112.73
2013-03-01,skill_level,highly_skilled,bop,133.8
2013-03-01,skill_level,highly_skilled,cant,177.36
2013-03-01,skill_level,highly_skilled,gis,134.1
2013-03-01,skill_level,highly_skilled,mrl,110.45
2013-03-01,skill_level,highly_skilled,mwt,137.77
2013-03-01,skill_level,highly_skilled,nld,113.25
2013-03-01,skill_level,highly_skilled,otg,128.44
2013-03-01,skill_level,highly_skilled,wai,116.23
2013-03-01,skill_level,highly_skilled,wlg,103.54
2013-03-01,skill_level,low_skilled,akl,135.11
2013-03-01,skill_level,low_skilled,bop,153.4
2013-03-01,skill_level,low_skilled,cant,203.92
2013-03-01,skill_level,low_skilled,gis,148.24
2013-03-01,skill_level,low_skilled,mrl,148.32
2013-03-01,skill_level,low_skilled,mwt,164.2
2013-03-01,skill_level,low_skilled,nld,152.0
2013-03-01,skill_level,low_skilled,otg,171.52
2013-03-01,skill_level,low_skilled,wai,157.55
2013-03-01,skill_level,low_skilled,wlg,145.89
2013-03-01,skill_level,semi_skilled,akl,183.12
2013-03-01,skill_level,semi_skilled,bop,213.64
2013-03-01,skill_level,semi_skilled,cant,331.9
2013-03-01,skill_level,semi_skilled,gis,164.86
2013-03-01,skill_level,semi_skilled,mrl,235.59
2013-03-01,skill_level,semi_skilled,mwt,203.61
2013-03-01,skill_level,semi_skilled,nld,163.04
2013-03-01,skill_level,semi_skilled,otg,202.94
2013-03-01,skill_level,semi_skilled,wai,189.44
2013-03-01,skill_level,semi_skilled,wlg,164.24
2013-03-01,skill_level,skilled,akl,107.84
2013-03-01,skill_level,skilled,bop,88.02
2013-03-01,skill_level,skilled,cant,137.07
2013-03-01,skill_level,skilled,gis,73.8
2013-03-01,skill_level,skilled,mrl,72.27
2013-03-01,skill_level,skilled,mwt,82.56
2013-03-01,skill_level,skilled,nld,68.51
2013-03-01,skill_level,skilled,otg,96.47
2013-03-01,skill_level,skilled,wai,98.23
2013-03-01,skill_level,skilled,wlg,99.94
2013-03-01,skill_level,unskilled,akl,162.64
2013-03-01,skill_level,unskilled,bop,155.33
2013-03-01,skill_level,unskilled,cant,215.77
2013-03-01,skill_level,unskilled,gis,172.0
2013-03-01,skill_level,unskilled,mrl,168.95
2013-03-01,skill_level,unskilled,mwt,159.38
2013-03-01,skill_level,unskilled,nld,151.43
2013-03-01,skill_level,unskilled,otg,180.47
2013-03-01,skill_level,unskilled,wai,157.24
2013-03-01,skill_level,unskilled,wlg,149.8
2013-06-01,industry,accounting,akl,137.15
2013-06-01,industry,accounting,bop,149.81
2013-06-01,industry,accounting,cant,204.79
2013-06-01,industry,accounting,gis,152.48
2013-06-01,industry,accounting,mrl,112.07
2013-06-01,industry,accounting,mwt,171.16
2013-06-01,industry,accounting,nld,133.85
2013-06-01,industry,accounting,otg,150.34
2013-06-01,industry,accounting,wai,147.64
2013-06-01,industry,accounting,wlg,149.71
2013-06-01,industry,construction,akl,182.15
2013-06-01,industry,construction,bop,201.37
2013-06-01,industry,construction,cant,329.61
2013-06-01,industry,construction,gis,157.58
2013-06-01,industry,construction,mrl,172.46
2013-06-01,industry,construction,mwt,175.81
2013-06-01,industry,construction,nld,155.41
2013-06-01,industry,construction,otg,188.41
2013-06-01,industry,construction,wai,169.9
2013-06-01,industry,construction,wlg,159.5
2013-06-01,industry,education,akl,61.63
2013-06-01,industry,education,bop,57.7
2013-06-01,industry,education,cant,52.66
2013-06-01,industry,education,gis,42.04
2013-06-01,industry,education,mrl,29.57
2013-06-01,industry,education,mwt,59.89
2013-06-01,industry,education,nld,31.05
2013-06-01,industry,education,otg,49.84
2013-06-01,industry,education,wai,55.91
2013-06-01,industry,education,wlg,60.96
2013-06-01,industry,health,akl,147.67
2013-06-01,industry,health,bop,142.57
2013-06-01,industry,health,cant,188.98
2013-06-01,industry,health,gis,105.59
2013-06-01,industry,health,mrl,160.51
2013-06-01,industry,health,mwt,136.31
2013-06-01,industry,health,nld,127.78
2013-06-01,industry,health,otg,145.37
2013-06-01,industry,health,wai,142.64
2013-06-01,industry,health,wlg,131.19
2013-06-01,industry,hospitality,akl,145.45
2013-06-01,industry,hospitality,bop,110.84
2013-06-01,industry,hospitality,cant,115.34
2013-06-01,industry,hospitality,gis,100.0
2013-06-01,industry,hospitality,mrl,97.42
2013-06-01,industry,hospitality,mwt,133.08
2013-06-01,industry,hospitality,nld,105.17
2013-06-01,industry,hospitality,otg,123.98
2013-06-01,industry,hospitality,wai,113.84
2013-06-01,industry,hospitality,wlg,148.0
2013-06-01,industry,it,akl,113.66
2013-06-01,industry,it,bop,83.13
2013-06-01,industry,it,cant,163.66
2013-06-01,industry,it,gis,122.22
2013-06-01,industry,it,mrl,111.54
2013-06-01,industry,it,mwt,94.12
2013-06-01,industry,it,nld,150.0
2013-06-01,industry,it,otg,122.58
2013-06-01,industry,it,wai,109.55
2013-06-01,industry,it,wlg,99.91
2013-06-01,industry,manufacturing,akl,156.24
2013-06-01,industry,manufacturing,bop,178.07
2013-06-01,industry,manufacturing,cant,260.04
2013-06-01,industry,manufacturing,gis,137.1
2013-06-01,industry,manufacturing,mrl,171.74
2013-06-01,industry,manufacturing,mwt,146.52
2013-06-01,industry,manufacturing,nld,203.57
2013-06-01,industry,manufacturing,otg,140.0
2013-06-01,industry,manufacturing,wai,150.48
2013-06-01,industry,manufacturing,wlg,145.23
2013-06-01,industry,other,akl,136.41
2013-06-01,industry,other,bop,140.38
2013-06-01,industry,other,cant,193.49
2013-06-01,industry,other,gis,75.0
2013-06-01,industry,other,mrl,119.74
2013-06-01,industry,other,mwt,140.4
2013-06-01,industry,other,nld,158.82
2013-06-01,industry,other,otg,127.38
2013-06-01,industry,other,wai,135.98
2013-06-01,industry,other,wlg,148.48
2013-06-01,industry,primary,akl,147.62
2013-06-01,industry,primary,bop,272.73
2013-06-01,industry,primary,cant,214.2
2013-06-01,industry,primary,gis,160.32
2013-06-01,industry,primary,mrl,139.78
2013-06-01,industry,primary,mwt,264.29
2013-06-01,industry,primary,nld,169.23
2013-06-01,industry,primary,otg,144.04
2013-06-01,industry,primary,wai,225.26
2013-06-01,industry,primary,wlg,168.66
2013-06-01,industry,sales,akl,141.46
2013-06-01,industry,sales,bop,140.81
2013-06-01,industry,sales,cant,156.67
2013-06-01,industry,sales,gis,157.0
2013-06-01,industry,sales,mrl,129.02
2013-06-01,industry,sales,mwt,138.8
2013-06-01,industry,sales,nld,150.0
2013-06-01,industry,sales,otg,122.0
2013-06-01,industry,sales,wai,122.73
2013-06-01,industry,sales,wlg,123.52
2013-06-01,occupation,clerical_admin,akl,141.3
2013-06-01,occupation,clerical_admin,bop,137.1
2013-06-01,occupation,clerical_admin,cant,197.3
2013-06-01,occupation,clerical_admin,gis,158.4
2013-06-01,occupation,clerical_admin,mrl,127.6
2013-06-01,occupation,clerical_admin,mwt,159.3
2013-06-01,occupation,clerical_admin,nld,149.9
2013-06-01,occupation,clerical_admin,otg,159.6
2013-06-01,occupation,clerical_admin,wai,159.2
2013-06-01,occupation,clerical_admin,wlg,145.4
2013-06-01,occupation,community_services,akl,165.3
2013-06-01,occupation,community_services,bop,140.9
2013-06-01,occupation,community_services,cant,160.2
2013-06-01,occupation,community_services,gis,125.0
2013-06-01,occupation,community_services,mrl,147.7
2013-06-01,occupation,community_services,mwt,173.3
2013-06-01,occupation,community_services,nld,151.7
2013-06-01,occupation,community_services,otg,181.8
2013-06-01,occupation,community_services,wai,153.5
2013-06-01,occupation,community_services,wlg,167.5
2013-06-01,occupation,labourers,akl,216.4
2013-06-01,occupation,labourers,bop,232.7
2013-06-01,occupation,labourers,cant,305.3
2013-06-01,occupation,labourers,gis,143.8
2013-06-01,occupation,labourers,mrl,164.3
2013-06-01,occupation,labourers,mwt,259.5
2013-06-01,occupation,labourers,nld,157.1
2013-06-01,occupation,labourers,otg,173.2
2013-06-01,occupation,labourers,wai,196.3
2013-06-01,occupation,labourers,wlg,213.8
2013-06-01,occupation,machinery_drivers,akl,191.0
2013-06-01,occupation,machinery_drivers,bop,164.6
2013-06-01,occupation,machinery_drivers,cant,349.8
2013-06-01,occupation,machinery_drivers,gis,121.7
2013-06-01,occupation,machinery_drivers,mrl,115.3
2013-06-01,occupation,machinery_drivers,mwt,121.2
2013-06-01,occupation,machinery_drivers,nld,236.7
2013-06-01,occupation,machinery_drivers,otg,115.8
2013-06-01,occupation,machinery_drivers,wai,136.8
2013-06-01,occupation,machinery_drivers,wlg,151.1
2013-06-01,occupation,managers,akl,129.5
2013-06-01,occupation,managers,bop,148.3
2013-06-01,occupation,managers,cant,172.3
2013-06-01,occupation,managers,gis,156.5
2013-06-01,occupation,managers,mrl,119.2
2013-06-01,occupation,managers,mwt,135.9
2013-06-01,occupation,managers,nld,145.5
2013-06-01,occupation,managers,otg,123.0
2013-06-01,occupation,managers,wai,136.3
2013-06-01,occupation,managers,wlg,111.1
2013-06-01,occupation,professionals,akl,117.9
2013-06-01,occupation,professionals,bop,105.9
2013-06-01,occupation,professionals,cant,155.0
2013-06-01,occupation,professionals,gis,79.1
2013-06-01,occupation,professionals,mrl,78.7
2013-06-01,occupation,professionals,mwt,102.4
2013-06-01,occupation,professionals,nld,84.9
2013-06-01,occupation,professionals,otg,91.8
2013-06-01,occupation,professionals,wai,97.4
2013-06-01,occupation,professionals,wlg,113.9
2013-06-01,occupation,sales,akl,164.2
2013-06-01,occupation,sales,bop,130.6
2013-06-01,occupation,sales,cant,167.8
2013-06-01,occupation,sales,gis,135.7
2013-06-01,occupation,sales,mrl,128.4
2013-06-01,occupation,sales,mwt,130.7
2013-06-01,occupation,sales,nld,131.5
2013-06-01,occupation,sales,otg,125.2
2013-06-01,occupation,sales,wai,120.5
2013-06-01,occupation,sales,wlg,132.4
2013-06-01,occupation,trades_and_technical,akl,177.8
2013-06-01,occupation,trades_and_technical,bop,177.0
2013-06-01,occupation,trades_and_technical,cant,278.8
2013-06-01,occupation,trades_and_technical,gis,126.8
2013-06-01,occupation,trades_and_technical,mrl,141.6
2013-06-01,occupation,trades_and_technical,mwt,177.7
2013-06-01,occupation,trades_and_technical,nld,128.6
2013-06-01,occupation,trades_and_technical,otg,156.4
2013-06-01,occupation,trades_and_technical,wai,170.0
2013-06-01,occupation,trades_and_technical,wlg,145.9
2013-06-01,skill_level,highly_skilled,akl,127.87
2013-06-01,skill_level,highly_skilled,bop,143.37
2013-06-01,skill_level,highly_skilled,cant,182.37
2013-06-01,skill_level,highly_skilled,gis,124.5
2013-06-01,skill_level,highly_skilled,mrl,121.3
2013-06-01,skill_level,highly_skilled,mwt,142.28
2013-06-01,skill_level,highly_skilled,nld,134.75
2013-06-01,skill_level,highly_skilled,otg,125.83
2013-06-01,skill_level,highly_skilled,wai,131.0
2013-06-01,skill_level,highly_skilled,wlg,118.12
2013-06-01,skill_level,low_skilled,akl,151.94
2013-06-01,skill_level,low_skilled,bop,135.55
2013-06-01,skill_level,low_skilled,cant,208.64
2013-06-01,skill_level,low_skilled,gis,125.32
2013-06-01,skill_level,low_skilled,mrl,118.84
2013-06-01,skill_level,low_skilled,mwt,159.57
2013-06-01,skill_level,low_skilled,nld,152.0
2013-06-01,skill_level,low_skilled,otg,145.78
2013-06-01,skill_level,low_skilled,wai,145.49
2013-06-01,skill_level,low_skilled,wlg,152.76
2013-06-01,skill_level,semi_skilled,akl,200.64
2013-06-01,skill_level,semi_skilled,bop,217.17
2013-06-01,skill_level,semi_skilled,cant,345.51
2013-06-01,skill_level,semi_skilled,gis,155.41
2013-06-01,skill_level,semi_skilled,mrl,197.46
2013-06-01,skill_level,semi_skilled,mwt,199.05
2013-06-01,skill_level,semi_skilled,nld,143.48
2013-06-01,skill_level,semi_skilled,otg,195.1
2013-06-01,skill_level,semi_skilled,wai,188.78
2013-06-01,skill_level,semi_skilled,wlg,180.91
2013-06-01,skill_level,skilled,akl,122.42
2013-06-01,skill_level,skilled,bop,99.51
2013-06-01,skill_level,skilled,cant,142.26
2013-06-01,skill_level,skilled,gis,70.72
2013-06-01,skill_level,skilled,mrl,69.7
2013-06-01,skill_level,skilled,mwt,92.18
2013-06-01,skill_level,skilled,nld,61.49
2013-06-01,skill_level,skilled,otg,85.32
2013-06-01,skill_level,skilled,wai,93.29
2013-06-01,skill_level,skilled,wlg,107.68
2013-06-01,skill_level,unskilled,akl,177.88
2013-06-01,skill_level,unskilled,bop,171.93
2013-06-01,skill_level,unskilled,cant,216.06
2013-06-01,skill_level,unskilled,gis,160.0
2013-06-01,skill_level,unskilled,mrl,155.55
2013-06-01,skill_level,unskilled,mwt,165.24
2013-06-01,skill_level,unskilled,nld,167.14
2013-06-01,skill_level,unskilled,otg,143.26
2013-06-01,skill_level,unskilled,wai,144.41
2013-06-01,skill_level,unskilled,wlg,150.48
2013-09-01,industry,accounting,akl,136.33
2013-09-01,industry,accounting,bop,150.19
2013-09-01,industry,accounting,cant,194.33
2013-09-01,industry,accounting,gis,142.55
2013-09-01,industry,accounting,mrl,115.52
2013-09-01,industry,accounting,mwt,163.3
2013-09-01,industry,accounting,nld,115.38
2013-09-01,industry,accounting,otg,168.15
2013-09-01,industry,accounting,wai,134.97
2013-09-01,industry,accounting,wlg,139.13
2013-09-01,industry,construction,akl,207.23
2013-09-01,industry,construction,bop,202.74
2013-09-01,industry,construction,cant,385.33
2013-09-01,industry,construction,gis,159.85
2013-09-01,industry,construction,mrl,200.0
2013-09-01,industry,construction,mwt,185.14
2013-09-01,industry,construction,nld,197.3
2013-09-01,industry,construction,otg,231.74
2013-09-01,industry,construction,wai,200.84
2013-09-01,industry,construction,wlg,188.95
2013-09-01,industry,education,akl,72.79
2013-09-01,industry,education,bop,59.02
2013-09-01,industry,education,cant,77.17
2013-09-01,industry,education,gis,49.39
2013-09-01,industry,education,mrl,50.43
2013-09-01,industry,education,mwt,67.75
2013-09-01,industry,education,nld,43.84
2013-09-01,industry,education,otg,57.1
2013-09-01,industry,education,wai,73.33
2013-09-01,industry,education,wlg,65.5
2013-09-01,industry,health,akl,135.37
2013-09-01,industry,health,bop,159.47
2013-09-01,industry,health,cant,212.18
2013-09-01,industry,health,gis,106.83
2013-09-01,industry,health,mrl,204.45
2013-09-01,industry,health,mwt,139.88
2013-09-01,industry,health,nld,111.86
2013-09-01,industry,health,otg,151.94
2013-09-01,industry,health,wai,176.56
2013-09-01,industry,health,wlg,137.57
2013-09-01,industry,hospitality,akl,168.32
2013-09-01,industry,hospitality,bop,141.87
2013-09-01,industry,hospitality,cant,156.24
2013-09-01,industry,hospitality,gis,153.6
2013-09-01,industry,hospitality,mrl,151.61
2013-09-01,industry,hospitality,mwt,165.41
2013-09-01,industry,hospitality,nld,158.62
2013-09-01,industry,hospitality,otg,183.33
2013-09-01,industry,hospitality,wai,169.64
2013-09-01,industry,hospitality,wlg,162.67
2013-09-01,industry,it,akl,125.54
2013-09-01,industry,it,bop,107.23
2013-09-01,industry,it,cant,146.74
2013-09-01,industry,it,gis,155.56
2013-09-01,industry,it,mrl,84.62
2013-09-01,industry,it,mwt,124.71
2013-09-01,industry,it,nld,100.0
2013-09-01,industry,it,otg,167.74
2013-09-01,industry,it,wai,134.67
2013-09-01,industry,it,wlg,98.09
2013-09-01,industry,manufacturing,akl,164.91
2013-09-01,industry,manufacturing,bop,162.03
2013-09-01,industry,manufacturing,cant,303.73
2013-09-01,industry,manufacturing,gis,124.19
2013-09-01,industry,manufacturing,mrl,180.43
2013-09-01,industry,manufacturing,mwt,177.83
2013-09-01,industry,manufacturing,nld,194.64
2013-09-01,industry,manufacturing,otg,159.38
2013-09-01,industry,manufacturing,wai,164.63
2013-09-01,industry,manufacturing,wlg,161.58
2013-09-01,industry,other,akl,136.96
2013-09-01,industry,other,bop,182.69
2013-09-01,industry,other,cant,198.6
2013-09-01,industry,other,gis,103.95
2013-09-01,industry,other,mrl,105.26
2013-09-01,industry,other,mwt,149.67
2013-09-01,industry,other,nld,208.82
2013-09-01,industry,other,otg,207.14
2013-09-01,industry,other,wai,142.33
2013-09-01,industry,other,wlg,158.23
2013-09-01,industry,primary,akl,151.7
2013-09-01,industry,primary,bop,229.55
2013-09-01,industry,primary,cant,241.98
2013-09-01,industry,primary,gis,171.43
2013-09-01,industry,primary,mrl,146.24
2013-09-01,industry,primary,mwt,281.43
2013-09-01,industry,primary,nld,179.49
2013-09-01,industry,primary,otg,192.66
2013-09-01,industry,primary,wai,217.89
2013-09-01,industry,primary,wlg,174.63
2013-09-01,industry,sales,akl,152.14
2013-09-01,industry,sales,bop,145.68
2013-09-01,industry,sales,cant,172.02
2013-09-01,industry,sales,gis,158.5
2013-09-01,industry,sales,mrl,134.38
2013-09-01,industry,sales,mwt,135.66
2013-09-01,industry,sales,nld,135.38
2013-09-01,industry,sales,otg,138.1
2013-09-01,industry,sales,wai,148.79
2013-09-01,industry,sales,wlg,130.4
2013-09-01,occupation,clerical_admin,akl,146.5
2013-09-01,occupation,clerical_admin,bop,162.8
2013-09-01,occupation,clerical_admin,cant,198.4
2013-09-01,occupation,clerical_admin,gis,156.6
2013-09-01,occupation,clerical_admin,mrl,156.1
2013-09-01,occupation,clerical_admin,mwt,158.5
2013-09-01,occupation,clerical_admin,nld,142.0
2013-09-01,occupation,clerical_admin,otg,172.3
2013-09-01,occupation,clerical_admin,wai,158.4
2013-09-01,occupation,clerical_admin,wlg,136.3
2013-09-01,occupation,community_services,akl,192.2
2013-09-01,occupation,community_services,bop,145.1
2013-09-01,occupation,community_services,cant,180.4
2013-09-01,occupation,community_services,gis,145.6
2013-09-01,occupation,community_services,mrl,167.5
2013-09-01,occupation,community_services,mwt,210.5
2013-09-01,occupation,community_services,nld,168.2
2013-09-01,occupation,community_services,otg,249.4
2013-09-01,occupation,community_services,wai,170.0
2013-09-01,occupation,community_services,wlg,189.4
2013-09-01,occupation,labourers,akl,245.6
2013-09-01,occupation,labourers,bop,237.8
2013-09-01,occupation,labourers,cant,348.2
2013-09-01,occupation,labourers,gis,176.3
2013-09-01,occupation,labourers,mrl,181.3
2013-09-01,occupation,labourers,mwt,263.1
2013-09-01,occupation,labourers,nld,145.2
2013-09-01,occupation,labourers,otg,190.7
2013-09-01,occupation,labourers,wai,226.5
2013-09-01,occupation,labourers,wlg,228.7
2013-09-01,occupation,machinery_drivers,akl,199.0
2013-09-01,occupation,machinery_drivers,bop,141.7
2013-09-01,occupation,machinery_drivers,cant,403.9
2013-09-01,occupation,machinery_drivers,gis,124.6
2013-09-01,occupation,machinery_drivers,mrl,128.8
2013-09-01,occupation,machinery_drivers,mwt,203.8
2013-09-01,occupation,machinery_drivers,nld,266.7
2013-09-01,occupation,machinery_drivers,otg,198.0
2013-09-01,occupation,machinery_drivers,wai,176.0
2013-09-01,occupation,machinery_drivers,wlg,172.1
2013-09-01,occupation,managers,akl,145.2
2013-09-01,occupation,managers,bop,140.2
2013-09-01,occupation,managers,cant,181.7
2013-09-01,occupation,managers,gis,159.2
2013-09-01,occupation,managers,mrl,114.8
2013-09-01,occupation,managers,mwt,138.0
2013-09-01,occupation,managers,nld,163.4
2013-09-01,occupation,managers,otg,157.8
2013-09-01,occupation,managers,wai,157.5
2013-09-01,occupation,managers,wlg,117.3
2013-09-01,occupation,professionals,akl,119.0
2013-09-01,occupation,professionals,bop,115.4
2013-09-01,occupation,professionals,cant,176.8
2013-09-01,occupation,professionals,gis,82.6
2013-09-01,occupation,professionals,mrl,88.1
2013-09-01,occupation,professionals,mwt,105.8
2013-09-01,occupation,professionals,nld,81.0
2013-09-01,occupation,professionals,otg,99.5
2013-09-01,occupation,professionals,wai,116.1
2013-09-01,occupation,professionals,wlg,112.6
2013-09-01,occupation,sales,akl,162.7
2013-09-01,occupation,sales,bop,137.7
2013-09-01,occupation,sales,cant,178.7
2013-09-01,occupation,sales,gis,121.4
2013-09-01,occupation,sales,mrl,129.3
2013-09-01,occupation,sales,mwt,133.2
2013-09-01,occupation,sales,nld,94.6
2013-09-01,occupation,sales,otg,152.7
2013-09-01,occupation,sales,wai,144.8
2013-09-01,occupation,sales,wlg,138.7
2013-09-01,occupation,trades_and_technical,akl,194.7
2013-09-01,occupation,trades_and_technical,bop,193.3
2013-09-01,occupation,trades_and_technical,cant,318.4
2013-09-01,occupation,trades_and_technical,gis,141.4
2013-09-01,occupation,trades_and_technical,mrl,195.3
2013-09-01,occupation,trades_and_technical,mwt,185.2
2013-09-01,occupation,trades_and_technical,nld,179.4
2013-09-01,occupation,trades_and_technical,otg,200.6
2013-09-01,occupation,trades_and_technical,wai,205.9
2013-09-01,occupation,trades_and_technical,wlg,166.4
2013-09-01,skill_level,highly_skilled,akl,132.31
2013-09-01,skill_level,highly_skilled,bop,143.52
2013-09-01,skill_level,highly_skilled,cant,197.25
2013-09-01,skill_level,highly_skilled,gis,122.32
2013-09-01,skill_level,highly_skilled,mrl,120.43
2013-09-01,skill_level,highly_skilled,mwt,141.91
2013-09-01,skill_level,highly_skilled,nld,129.3
2013-09-01,skill_level,highly_skilled,otg,140.58
2013-09-01,skill_level,highly_skilled,wai,147.07
2013-09-01,skill_level,highly_skilled,wlg,118.01
2013-09-01,skill_level,low_skilled,akl,159.25
2013-09-01,skill_level,low_skilled,bop,141.77
2013-09-01,skill_level,low_skilled,cant,221.43
2013-09-01,skill_level,low_skilled,gis,125.62
2013-09-01,skill_level,low_skilled,mrl,141.66
2013-09-01,skill_level,low_skilled,mwt,181.91
2013-09-01,skill_level,low_skilled,nld,159.44
2013-09-01,skill_level,low_skilled,otg,186.08
2013-09-01,skill_level,low_skilled,wai,164.26
2013-09-01,skill_level,low_skilled,wlg,141.95
2013-09-01,skill_level,semi_skilled,akl,213.4
2013-09-01,skill_level,semi_skilled,bop,229.29
2013-09-01,skill_level,semi_skilled,cant,390.41
2013-09-01,skill_level,semi_skilled,gis,168.92
2013-09-01,skill_level,semi_skilled,mrl,251.69
2013-09-01,skill_level,semi_skilled,mwt,222.86
2013-09-01,skill_level,semi_skilled,nld,167.39
2013-09-01,skill_level,semi_skilled,otg,261.76
2013-09-01,skill_level,semi_skilled,wai,218.48
2013-09-01,skill_level,semi_skilled,wlg,208.81
2013-09-01,skill_level,skilled,akl,138.23
2013-09-01,skill_level,skilled,bop,117.24
2013-09-01,skill_level,skilled,cant,168.17
2013-09-01,skill_level,skilled,gis,90.29
2013-09-01,skill_level,skilled,mrl,95.43
2013-09-01,skill_level,skilled,mwt,99.05
2013-09-01,skill_level,skilled,nld,79.21
2013-09-01,skill_level,skilled,otg,107.81
2013-09-01,skill_level,skilled,wai,122.53
2013-09-01,skill_level,skilled,wlg,121.61
2013-09-01,skill_level,unskilled,akl,192.65
2013-09-01,skill_level,unskilled,bop,177.31
2013-09-01,skill_level,unskilled,cant,248.32
2013-09-01,skill_level,unskilled,gis,169.6
2013-09-01,skill_level,unskilled,mrl,159.27
2013-09-01,skill_level,unskilled,mwt,176.97
2013-09-01,skill_level,unskilled,nld,121.43
2013-09-01,skill_level,unskilled,otg,169.3
2013-09-01,skill_level,unskilled,wai,165.13
2013-09-01,skill_level,unskilled,wlg,180.34
2013-12-01,industry,accounting,akl,105.13
2013-12-01,industry,accounting,bop,134.34
2013-12-01,industry,accounting,cant,158.82
2013-12-01,industry,accounting,gis,127.66
2013-12-01,industry,accounting,mrl,137.36
2013-12-01,industry,accounting,mwt,141.2
2013-12-01,industry,accounting,nld,106.92
2013-12-01,industry,accounting,otg,142.47
2013-12-01,industry,accounting,wai,117.58
2013-12-01,industry,accounting,wlg,118.75
2013-12-01,industry,construction,akl,184.24
2013-12-01,industry,construction,bop,187.44
2013-12-01,industry,construction,cant,351.09
2013-12-01,industry,construction,gis,143.94
2013-12-01,industry,construction,mrl,198.73
2013-12-01,industry,construction,mwt,146.29
2013-12-01,industry,construction,nld,156.76
2013-12-01,industry,construction,otg,211.08
2013-12-01,industry,construction,wai,158.93
2013-12-01,industry,construction,wlg,176.91
2013-12-01,industry,education,akl,89.52
2013-12-01,industry,education,bop,74.1
2013-12-01,industry,education,cant,87.98
2013-12-01,industry,education,gis,75.51
2013-12-01,industry,education,mrl,85.65
2013-12-01,industry,education,mwt,85.91
2013-12-01,industry,education,nld,77.17
2013-12-01,industry,education,otg,94.01
2013-12-01,industry,education,wai,90.11
2013-12-01,industry,education,wlg,84.36
2013-12-01,industry,health,akl,91.55
2013-12-01,industry,health,bop,152.87
2013-12-01,industry,health,cant,159.62
2013-12-01,industry,health,gis,96.07
2013-12-01,industry,health,mrl,177.41
2013-12-01,industry,health,mwt,126.58
2013-12-01,industry,health,nld,123.91
2013-12-01,industry,health,otg,120.85
2013-12-01,industry,health,wai,116.71
2013-12-01,industry,health,wlg,124.68
2013-12-01,industry,hospitality,akl,142.74
2013-12-01,industry,hospitality,bop,145.32
2013-12-01,industry,hospitality,cant,136.09
2013-12-01,industry,hospitality,gis,137.6
2013-12-01,industry,hospitality,mrl,152.26
2013-12-01,industry,hospitality,mwt,136.84
2013-12-01,industry,hospitality,nld,120.69
2013-12-01,industry,hospitality,otg,189.84
2013-12-01,industry,hospitality,wai,136.61
2013-12-01,industry,hospitality,wlg,140.76
2013-12-01,industry,it,akl,102.65
2013-12-01,industry,it,bop,77.11
2013-12-01,industry,it,cant,130.28
2013-12-01,industry,it,gis,148.15
2013-12-01,industry,it,mrl,76.92
2013-12-01,industry,it,mwt,95.29
2013-12-01,industry,it,nld,78.57
2013-12-01,industry,it,otg,144.09
2013-12-01,industry,it,wai,118.59
2013-12-01,industry,it,wlg,81.01
2013-12-01,industry,manufacturing,akl,137.56
2013-12-01,industry,manufacturing,bop,146.52
2013-12-01,industry,manufacturing,cant,277.8
2013-12-01,industry,manufacturing,gis,133.87
2013-12-01,industry,manufacturing,mrl,195.65
2013-12-01,industry,manufacturing,mwt,137.39
2013-12-01,industry,manufacturing,nld,146.43
2013-12-01,industry,manufacturing,otg,167.5
2013-12-01,industry,manufacturing,wai,134.73
2013-12-01,industry,manufacturing,wlg,125.34
2013-12-01,industry,other,akl,103.4
2013-12-01,industry,other,bop,126.92
2013-12-01,industry,other,cant,164.19
2013-12-01,industry,other,gis,78.95
2013-12-01,industry,other,mrl,102.63
2013-12-01,industry,other,mwt,115.23
2013-12-01,industry,other,nld,173.53
2013-12-01,industry,other,otg,200.0
2013-12-01,industry,other,wai,123.81
2013-12-01,industry,other,wlg,125.43
2013-12-01,industry,primary,akl,136.05
2013-12-01,industry,primary,bop,215.91
2013-12-01,industry,primary,cant,208.02
2013-12-01,industry,primary,gis,149.21
2013-12-01,industry,primary,mrl,179.57
2013-12-01,industry,primary,mwt,235.71
2013-12-01,industry,primary,nld,148.72
2013-12-01,industry,primary,otg,147.71
2013-12-01,industry,primary,wai,178.95
2013-12-01,industry,primary,wlg,144.78
2013-12-01,industry,sales,akl,127.47
2013-12-01,industry,sales,bop,108.11
2013-12-01,industry,sales,cant,135.43
2013-12-01,industry,sales,gis,157.0
2013-12-01,industry,sales,mrl,111.16
2013-12-01,industry,sales,mwt,113.49
2013-12-01,industry,sales,nld,110.0
2013-12-01,industry,sales,otg,127.89
2013-12-01,industry,sales,wai,127.27
2013-12-01,industry,sales,wlg,106.76
2013-12-01,occupation,clerical_admin,akl,113.4
2013-12-01,occupation,clerical_admin,bop,130.7
2013-12-01,occupation,clerical_admin,cant,159.5
2013-12-01,occupation,clerical_admin,gis,145.1
2013-12-01,occupation,clerical_admin,mrl,150.3
2013-12-01,occupation,clerical_admin,mwt,127.4
2013-12-01,occupation,clerical_admin,nld,101.1
2013-12-01,occupation,clerical_admin,otg,134.7
2013-12-01,occupation,clerical_admin,wai,135.1
2013-12-01,occupation,clerical_admin,wlg,117.3
2013-12-01,occupation,community_services,akl,150.4
2013-12-01,occupation,community_services,bop,123.5
2013-12-01,occupation,community_services,cant,159.5
2013-12-01,occupation,community_services,gis,118.4
2013-12-01,occupation,community_services,mrl,159.2
2013-12-01,occupation,community_services,mwt,176.7
2013-12-01,occupation,community_services,nld,136.6
2013-12-01,occupation,community_services,otg,196.8
2013-12-01,occupation,community_services,wai,143.3
2013-12-01,occupation,community_services,wlg,154.6
2013-12-01,occupation,labourers,akl,204.3
2013-12-01,occupation,labourers,bop,196.9
2013-12-01,occupation,labourers,cant,300.0
2013-12-01,occupation,labourers,gis,125.1
2013-12-01,occupation,labourers,mrl,199.5
2013-12-01,occupation,labourers,mwt,235.7
2013-12-01,occupation,labourers,nld,157.1
2013-12-01,occupation,labourers,otg,215.5
2013-12-01,occupation,labourers,wai,172.8
2013-12-01,occupation,labourers,wlg,208.2
2013-12-01,occupation,machinery_drivers,akl,171.5
2013-12-01,occupation,machinery_drivers,bop,168.8
2013-12-01,occupation,machinery_drivers,cant,401.1
2013-12-01,occupation,machinery_drivers,gis,131.9
2013-12-01,occupation,machinery_drivers,mrl,153.3
2013-12-01,occupation,machinery_drivers,mwt,145.2
2013-12-01,occupation,machinery_drivers,nld,163.3
2013-12-01,occupation,machinery_drivers,otg,220.8
2013-12-01,occupation,machinery_drivers,wai,144.4
2013-12-01,occupation,machinery_drivers,wlg,140.0
2013-12-01,occupation,managers,akl,122.8
2013-12-01,occupation,managers,bop,118.6
2013-12-01,occupation,managers,cant,163.9
2013-12-01,occupation,managers,gis,143.6
2013-12-01,occupation,managers,mrl,134.7
2013-12-01,occupation,managers,mwt,102.4
2013-12-01,occupation,managers,nld,134.7
2013-12-01,occupation,managers,otg,134.9
2013-12-01,occupation,managers,wai,119.1
2013-12-01,occupation,managers,wlg,97.3
2013-12-01,occupation,professionals,akl,100.2
2013-12-01,occupation,professionals,bop,112.0
2013-12-01,occupation,professionals,cant,155.5
2013-12-01,occupation,professionals,gis,97.2
2013-12-01,occupation,professionals,mrl,102.6
2013-12-01,occupation,professionals,mwt,104.5
2013-12-01,occupation,professionals,nld,102.4
2013-12-01,occupation,professionals,otg,112.3
2013-12-01,occupation,professionals,wai,104.9
2013-12-01,occupation,professionals,wlg,104.3
2013-12-01,occupation,sales,akl,132.4
2013-12-01,occupation,sales,bop,115.8
2013-12-01,occupation,sales,cant,150.7
2013-12-01,occupation,sales,gis,100.8
2013-12-01,occupation,sales,mrl,106.0
2013-12-01,occupation,sales,mwt,119.9
2013-12-01,occupation,sales,nld,100.0
2013-12-01,occupation,sales,otg,130.2
2013-12-01,occupation,sales,wai,130.2
2013-12-01,occupation,sales,wlg,112.8
2013-12-01,occupation,trades_and_technical,akl,167.6
2013-12-01,occupation,trades_and_technical,bop,183.2
2013-12-01,occupation,trades_and_technical,cant,284.2
2013-12-01,occupation,trades_and_technical,gis,130.6
2013-12-01,occupation,trades_and_technical,mrl,179.4
2013-12-01,occupation,trades_and_technical,mwt,147.5
2013-12-01,occupation,trades_and_technical,nld,126.2
2013-12-01,occupation,trades_and_technical,otg,197.7
2013-12-01,occupation,trades_and_technical,wai,162.0
2013-12-01,occupation,trades_and_technical,wlg,141.4
2013-12-01,skill_level,highly_skilled,akl,108.04
2013-12-01,skill_level,highly_skilled,bop,127.33
2013-12-01,skill_level,highly_skilled,cant,169.9
2013-12-01,skill_level,highly_skilled,gis,119.27
2013-12-01,skill_level,highly_skilled,mrl,127.37
2013-12-01,skill_level,highly_skilled,mwt,120.96
2013-12-01,skill_level,highly_skilled,nld,132.17
2013-12-01,skill_level,highly_skilled,otg,128.57
2013-12-01,skill_level,highly_skilled,wai,115.58
2013-12-01,skill_level,highly_skilled,wlg,103.47
2013-12-01,skill_level,low_skilled,akl,127.11
2013-12-01,skill_level,low_skilled,bop,127.13
2013-12-01,skill_level,low_skilled,cant,201.49
2013-12-01,skill_level,low_skilled,gis,116.69
2013-12-01,skill_level,low_skilled,mrl,154.66
2013-12-01,skill_level,low_skilled,mwt,149.87
2013-12-01,skill_level,low_skilled,nld,116.92
2013-12-01,skill_level,low_skilled,otg,174.68
2013-12-01,skill_level,low_skilled,wai,141.38
2013-12-01,skill_level,low_skilled,wlg,126.43
2013-12-01,skill_level,semi_skilled,akl,177.02
2013-12-01,skill_level,semi_skilled,bop,202.53
2013-12-01,skill_level,semi_skilled,cant,331.9
2013-12-01,skill_level,semi_skilled,gis,138.51
2013-12-01,skill_level,semi_skilled,mrl,208.47
2013-12-01,skill_level,semi_skilled,mwt,175.75
2013-12-01,skill_level,semi_skilled,nld,119.57
2013-12-01,skill_level,semi_skilled,otg,201.47
2013-12-01,skill_level,semi_skilled,wai,165.68
2013-12-01,skill_level,semi_skilled,wlg,173.08
2013-12-01,skill_level,skilled,akl,125.46
2013-12-01,skill_level,skilled,bop,116.65
2013-12-01,skill_level,skilled,cant,159.97
2013-12-01,skill_level,skilled,gis,105.11
2013-12-01,skill_level,skilled,mrl,105.96
2013-12-01,skill_level,skilled,mwt,92.48
2013-12-01,skill_level,skilled,nld,88.57
2013-12-01,skill_level,skilled,otg,131.04
2013-12-01,skill_level,skilled,wai,114.68
2013-12-01,skill_level,skilled,wlg,108.93
2013-12-01,skill_level,unskilled,akl,163.72
2013-12-01,skill_level,unskilled,bop,151.91
2013-12-01,skill_level,unskilled,cant,203.21
2013-12-01,skill_level,unskilled,gis,134.4
2013-12-01,skill_level,unskilled,mrl,159.27
2013-12-01,skill_level,unskilled,mwt,155.65
2013-12-01,skill_level,unskilled,nld,135.71
2013-12-01,skill_level,unskilled,otg,165.58
2013-12-01,skill_level,unskilled,wai,146.71
2013-12-01,skill_level,unskilled,wlg,143.15
2014-03-01,industry,accounting,akl,140.33
2014-03-01,industry,accounting,bop,168.3
2014-03-01,industry,accounting,cant,194.89
2014-03-01,industry,accounting,gis,190.07
2014-03-01,industry,accounting,mrl,161.49
2014-03-01,industry,accounting,mwt,183.9
2014-03-01,industry,accounting,nld,126.15
2014-03-01,industry,accounting,otg,187.67
2014-03-01,industry,accounting,wai,163.33
2014-03-01,industry,accounting,wlg,140.36
2014-03-01,industry,construction,akl,227.91
2014-03-01,industry,construction,bop,233.33
2014-03-01,industry,construction,cant,411.17
2014-03-01,industry,construction,gis,185.23
2014-03-01,industry,construction,mrl,232.63
2014-03-01,industry,construction,mwt,186.48
2014-03-01,industry,construction,nld,226.35
2014-03-01,industry,construction,otg,274.81
2014-03-01,industry,construction,wai,210.97
2014-03-01,industry,construction,wlg,220.06
2014-03-01,industry,education,akl,68.11
2014-03-01,industry,education,bop,51.48
2014-03-01,industry,education,cant,62.86
2014-03-01,industry,education,gis,37.96
2014-03-01,industry,education,mrl,39.57
2014-03-01,industry,education,mwt,56.1
2014-03-01,industry,education,nld,40.18
2014-03-01,industry,education,otg,48.9
2014-03-01,industry,education,wai,59.14
2014-03-01,industry,education,wlg,59.5
2014-03-01,industry,health,akl,121.07
2014-03-01,industry,health,bop,185.01
2014-03-01,industry,health,cant,196.54
2014-03-01,industry,health,gis,110.97
2014-03-01,industry,health,mrl,184.17
2014-03-01,industry,health,mwt,163.57
2014-03-01,industry,health,nld,122.62
2014-03-01,industry,health,otg,192.66
2014-03-01,industry,health,wai,138.4
2014-03-01,industry,health,wlg,136.5
2014-03-01,industry,hospitality,akl,192.33
2014-03-01,industry,hospitality,bop,159.11
2014-03-01,industry,hospitality,cant,156.54
2014-03-01,industry,hospitality,gis,138.4
2014-03-01,industry,hospitality,mrl,166.45
2014-03-01,industry,hospitality,mwt,210.53
2014-03-01,industry,hospitality,nld,137.93
2014-03-01,industry,hospitality,otg,200.41
2014-03-01,industry,hospitality,wai,192.86
2014-03-01,industry,hospitality,wlg,207.05
2014-03-01,industry,it,akl,113.72
2014-03-01,industry,it,bop,89.16
2014-03-01,industry,it,cant,128.88
2014-03-01,industry,it,gis,125.93
2014-03-01,industry,it,mrl,92.31
2014-03-01,industry,it,mwt,103.53
2014-03-01,industry,it,nld,157.14
2014-03-01,industry,it,otg,140.86
2014-03-01,industry,it,wai,122.61
2014-03-01,industry,it,wlg,93.95
2014-03-01,industry,manufacturing,akl,181.87
2014-03-01,industry,manufacturing,bop,210.7
2014-03-01,industry,manufacturing,cant,359.33
2014-03-01,industry,manufacturing,gis,199.19
2014-03-01,industry,manufacturing,mrl,273.91
2014-03-01,industry,manufacturing,mwt,164.35
2014-03-01,industry,manufacturing,nld,200.0
2014-03-01,industry,manufacturing,otg,205.63
2014-03-01,industry,manufacturing,wai,196.78
2014-03-01,industry,manufacturing,wlg,195.37
2014-03-01,industry,other,akl,126.63
2014-03-01,industry,other,bop,150.0
2014-03-01,industry,other,cant,195.81
2014-03-01,industry,other,gis,107.89
2014-03-01,industry,other,mrl,135.53
2014-03-01,industry,other,mwt,161.59
2014-03-01,industry,other,nld,276.47
2014-03-01,industry,other,otg,217.86
2014-03-01,industry,other,wai,153.97
2014-03-01,industry,other,wlg,122.4
2014-03-01,industry,primary,akl,157.82
2014-03-01,industry,primary,bop,302.27
2014-03-01,industry,primary,cant,264.81
2014-03-01,industry,primary,gis,217.46
2014-03-01,industry,primary,mrl,147.31
2014-03-01,industry,primary,mwt,260.0
2014-03-01,industry,primary,nld,207.69
2014-03-01,industry,primary,otg,210.09
2014-03-01,industry,primary,wai,234.74
2014-03-01,industry,primary,wlg,143.28
2014-03-01,industry,sales,akl,160.8
2014-03-01,industry,sales,bop,141.08
2014-03-01,industry,sales,cant,187.98
2014-03-01,industry,sales,gis,178.5
2014-03-01,industry,sales,mrl,168.3
2014-03-01,industry,sales,mwt,136.39
2014-03-01,industry,sales,nld,156.92
2014-03-01,industry,sales,otg,143.99
2014-03-01,industry,sales,wai,147.58
2014-03-01,industry,sales,wlg,135.69
2014-03-01,occupation,clerical_admin,akl,156.2
2014-03-01,occupation,clerical_admin,bop,182.0
2014-03-01,occupation,clerical_admin,cant,215.1
2014-03-01,occupation,clerical_admin,gis,230.1
2014-03-01,occupation,clerical_admin,mrl,185.5
2014-03-01,occupation,clerical_admin,mwt,167.9
2014-03-01,occupation,clerical_admin,nld,173.8
2014-03-01,occupation,clerical_admin,otg,200.9
2014-03-01,occupation,clerical_admin,wai,182.9
2014-03-01,occupation,clerical_admin,wlg,148.3
2014-03-01,occupation,community_services,akl,211.7
2014-03-01,occupation,community_services,bop,165.3
2014-03-01,occupation,community_services,cant,205.3
2014-03-01,occupation,community_services,gis,151.5
2014-03-01,occupation,community_services,mrl,186.6
2014-03-01,occupation,community_services,mwt,222.1
2014-03-01,occupation,community_services,nld,217.7
2014-03-01,occupation,community_services,otg,279.9
2014-03-01,occupation,community_services,wai,192.6
2014-03-01,occupation,community_services,wlg,210.0
2014-03-01,occupation,labourers,akl,290.8
2014-03-01,occupation,labourers,bop,302.0
2014-03-01,occupation,labourers,cant,422.4
2014-03-01,occupation,labourers,gis,203.8
2014-03-01,occupation,labourers,mrl,243.9
2014-03-01,occupation,labourers,mwt,320.2
2014-03-01,occupation,labourers,nld,226.2
2014-03-01,occupation,labourers,otg,266.0
2014-03-01,occupation,labourers,wai,261.0
2014-03-01,occupation,labourers,wlg,321.6
2014-03-01,occupation,machinery_drivers,akl,258.3
2014-03-01,occupation,machinery_drivers,bop,255.2
2014-03-01,occupation,machinery_drivers,cant,461.6
2014-03-01,occupation,machinery_drivers,gis,215.9
2014-03-01,occupation,machinery_drivers,mrl,201.1
2014-03-01,occupation,machinery_drivers,mwt,221.2
2014-03-01,occupation,machinery_drivers,nld,243.3
2014-03-01,occupation,machinery_drivers,otg,230.7
2014-03-01,occupation,machinery_drivers,wai,204.7
2014-03-01,occupation,machinery_drivers,wlg,213.2
2014-03-01,occupation,managers,akl,135.9
2014-03-01,occupation,managers,bop,130.6
2014-03-01,occupation,managers,cant,182.5
2014-03-01,occupation,managers,gis,160.6
2014-03-01,occupation,managers,mrl,141.9
2014-03-01,occupation,managers,mwt,127.5
2014-03-01,occupation,managers,nld,171.3
2014-03-01,occupation,managers,otg,160.3
2014-03-01,occupation,managers,wai,142.9
2014-03-01,occupation,managers,wlg,106.2
2014-03-01,occupation,professionals,akl,110.9
2014-03-01,occupation,professionals,bop,96.9
2014-03-01,occupation,professionals,cant,153.5
2014-03-01,occupation,professionals,gis,75.8
2014-03-01,occupation,professionals,mrl,90.3
2014-03-01,occupation,professionals,mwt,98.9
2014-03-01,occupation,professionals,nld,79.2
2014-03-01,occupation,professionals,otg,107.4
2014-03-01,occupation,professionals,wai,100.0
2014-03-01,occupation,professionals,wlg,107.0
2014-03-01,occupation,sales,akl,191.5
2014-03-01,occupation,sales,bop,170.5
2014-03-01,occupation,sales,cant,227.2
2014-03-01,occupation,sales,gis,162.7
2014-03-01,occupation,sales,mrl,200.9
2014-03-01,occupation,sales,mwt,169.7
2014-03-01,occupation,sales,nld,141.3
2014-03-01,occupation,sales,otg,172.5
2014-03-01,occupation,sales,wai,177.6
2014-03-01,occupation,sales,wlg,177.8
2014-03-01,occupation,trades_and_technical,akl,222.4
2014-03-01,occupation,trades_and_technical,bop,221.1
2014-03-01,occupation,trades_and_technical,cant,334.3
2014-03-01,occupation,trades_and_technical,gis,142.7
2014-03-01,occupation,trades_and_technical,mrl,191.6
2014-03-01,occupation,trades_and_technical,mwt,208.0
2014-03-01,occupation,trades_and_technical,nld,192.1
2014-03-01,occupation,trades_and_technical,otg,230.6
2014-03-01,occupation,trades_and_technical,wai,224.3
2014-03-01,occupation,trades_and_technical,wlg,189.9
2014-03-01,skill_level,highly_skilled,akl,123.27
2014-03-01,skill_level,highly_skilled,bop,130.86
2014-03-01,skill_level,highly_skilled,cant,181.48
2014-03-01,skill_level,highly_skilled,gis,120.14
2014-03-01,skill_level,highly_skilled,mrl,138.87
2014-03-01,skill_level,highly_skilled,mwt,138.99
2014-03-01,skill_level,highly_skilled,nld,130.16
2014-03-01,skill_level,highly_skilled,otg,150.5
2014-03-01,skill_level,highly_skilled,wai,132.96
2014-03-01,skill_level,highly_skilled,wlg,109.79
2014-03-01,skill_level,low_skilled,akl,185.06
2014-03-01,skill_level,low_skilled,bop,191.29
2014-03-01,skill_level,low_skilled,cant,268.09
2014-03-01,skill_level,low_skilled,gis,169.07
2014-03-01,skill_level,low_skilled,mrl,206.95
2014-03-01,skill_level,low_skilled,mwt,211.63
2014-03-01,skill_level,low_skilled,nld,193.45
2014-03-01,skill_level,low_skilled,otg,222.57
2014-03-01,skill_level,low_skilled,wai,201.8
2014-03-01,skill_level,low_skilled,wlg,177.05
2014-03-01,skill_level,semi_skilled,akl,247.38
2014-03-01,skill_level,semi_skilled,bop,257.07
2014-03-01,skill_level,semi_skilled,cant,404.86
2014-03-01,skill_level,semi_skilled,gis,179.05
2014-03-01,skill_level,semi_skilled,mrl,239.83
2014-03-01,skill_level,semi_skilled,mwt,242.1
2014-03-01,skill_level,semi_skilled,nld,215.22
2014-03-01,skill_level,semi_skilled,otg,273.04
2014-03-01,skill_level,semi_skilled,wai,239.93
2014-03-01,skill_level,semi_skilled,wlg,231.9
2014-03-01,skill_level,skilled,akl,143.73
2014-03-01,skill_level,skilled,bop,111.39
2014-03-01,skill_level,skilled,cant,170.84
2014-03-01,skill_level,skilled,gis,94.76
2014-03-01,skill_level,skilled,mrl,89.11
2014-03-01,skill_level,skilled,mwt,92.94
2014-03-01,skill_level,skilled,nld,77.2
2014-03-01,skill_level,skilled,otg,126.39
2014-03-01,skill_level,skilled,wai,115.32
2014-03-01,skill_level,skilled,wlg,125.93
2014-03-01,skill_level,unskilled,akl,211.73
2014-03-01,skill_level,unskilled,bop,211.99
2014-03-01,skill_level,unskilled,cant,273.72
2014-03-01,skill_level,unskilled,gis,192.8
2014-03-01,skill_level,unskilled,mrl,202.44
2014-03-01,skill_level,unskilled,mwt,203.09
2014-03-01,skill_level,unskilled,nld,181.43
2014-03-01,skill_level,unskilled,otg,196.28
2014-03-01,skill_level,unskilled,wai,181.58
2014-03-01,skill_level,unskilled,wlg,216.85
2014-06-01,industry,accounting,akl,152.19
2014-06-01,industry,accounting,bop,166.79
2014-06-01,industry,accounting,cant,196.25
2014-06-01,industry,accounting,gis,163.12
2014-06-01,industry,accounting,mrl,160.34
2014-06-01,industry,accounting,mwt,167.04
2014-06-01,industry,accounting,nld,116.92
2014-06-01,industry,accounting,otg,180.14
2014-06-01,industry,accounting,wai,162.95
2014-06-01,industry,accounting,wlg,138.02
2014-06-01,industry,construction,akl,259.49
2014-06-01,industry,construction,bop,225.8
2014-06-01,industry,construction,cant,429.81
2014-06-01,industry,construction,gis,160.98
2014-06-01,industry,construction,mrl,233.47
2014-06-01,industry,construction,mwt,180.57
2014-06-01,industry,construction,nld,240.54
2014-06-01,industry,construction,otg,270.03
2014-06-01,industry,construction,wai,225.88
2014-06-01,industry,construction,wlg,203.71
2014-06-01,industry,education,akl,79.21
2014-06-01,industry,education,bop,52.13
2014-06-01,industry,education,cant,63.77
2014-06-01,industry,education,gis,43.27
2014-06-01,industry,education,mrl,47.83
2014-06-01,industry,education,mwt,57.72
2014-06-01,industry,education,nld,45.66
2014-06-01,industry,education,otg,44.79
2014-06-01,industry,education,wai,62.15
2014-06-01,industry,education,wlg,64.77
2014-06-01,industry,health,akl,130.71
2014-06-01,industry,health,bop,187.9
2014-06-01,industry,health,cant,198.3
2014-06-01,industry,health,gis,129.61
2014-06-01,industry,health,mrl,186.42
2014-06-01,industry,health,mwt,166.5
2014-06-01,industry,health,nld,114.44
2014-06-01,industry,health,otg,211.05
2014-06-01,industry,health,wai,151.62
2014-06-01,industry,health,wlg,131.3
2014-06-01,industry,hospitality,akl,184.57
2014-06-01,industry,hospitality,bop,136.45
2014-06-01,industry,hospitality,cant,134.89
2014-06-01,industry,hospitality,gis,96.0
2014-06-01,industry,hospitality,mrl,120.65
2014-06-01,industry,hospitality,mwt,147.37
2014-06-01,industry,hospitality,nld,113.79
2014-06-01,industry,hospitality,otg,150.0
2014-06-01,industry,hospitality,wai,163.39
2014-06-01,industry,hospitality,wlg,162.48
2014-06-01,industry,it,akl,115.78
2014-06-01,industry,it,bop,120.48
2014-06-01,industry,it,cant,147.83
2014-06-01,industry,it,gis,137.04
2014-06-01,industry,it,mrl,165.38
2014-06-01,industry,it,mwt,101.18
2014-06-01,industry,it,nld,85.71
2014-06-01,industry,it,otg,146.24
2014-06-01,industry,it,wai,115.58
2014-06-01,industry,it,wlg,103.48
2014-06-01,industry,manufacturing,akl,183.6
2014-06-01,industry,manufacturing,bop,203.21
2014-06-01,industry,manufacturing,cant,340.5
2014-06-01,industry,manufacturing,gis,129.84
2014-06-01,industry,manufacturing,mrl,208.7
2014-06-01,industry,manufacturing,mwt,159.13
2014-06-01,industry,manufacturing,nld,221.43
2014-06-01,industry,manufacturing,otg,173.75
2014-06-01,industry,manufacturing,wai,172.67
2014-06-01,industry,manufacturing,wlg,162.67
2014-06-01,industry,other,akl,130.98
2014-06-01,industry,other,bop,171.15
2014-06-01,industry,other,cant,172.56
2014-06-01,industry,other,gis,109.21
2014-06-01,industry,other,mrl,111.84
2014-06-01,industry,other,mwt,150.33
2014-06-01,industry,other,nld,235.29
2014-06-01,industry,other,otg,197.62
2014-06-01,industry,other,wai,138.62
2014-06-01,industry,other,wlg,122.53
2014-06-01,industry,primary,akl,150.34
2014-06-01,industry,primary,bop,288.64
2014-06-01,industry,primary,cant,246.91
2014-06-01,industry,primary,gis,236.51
2014-06-01,industry,primary,mrl,165.59
2014-06-01,industry,primary,mwt,231.43
2014-06-01,industry,primary,nld,215.38
2014-06-01,industry,primary,otg,219.27
2014-06-01,industry,primary,wai,300.0
2014-06-01,industry,primary,wlg,147.76
2014-06-01,industry,sales,akl,171.27
2014-06-01,industry,sales,bop,131.62
2014-06-01,industry,sales,cant,178.29
2014-06-01,industry,sales,gis,170.0
2014-06-01,industry,sales,mrl,112.05
2014-06-01,industry,sales,mwt,132.29
2014-06-01,industry,sales,nld,150.77
2014-06-01,industry,sales,otg,143.76
2014-06-01,industry,sales,wai,143.18
2014-06-01,industry,sales,wlg,122.05
2014-06-01,occupation,clerical_admin,akl,170.9
2014-06-01,occupation,clerical_admin,bop,179.9
2014-06-01,occupation,clerical_admin,cant,206.5
2014-06-01,occupation,clerical_admin,gis,186.7
2014-06-01,occupation,clerical_admin,mrl,175.9
2014-06-01,occupation,clerical_admin,mwt,175.7
2014-06-01,occupation,clerical_admin,nld,147.6
2014-06-01,occupation,clerical_admin,otg,215.5
2014-06-01,occupation,clerical_admin,wai,178.2
2014-06-01,occupation,clerical_admin,wlg,137.8
2014-06-01,occupation,community_services,akl,224.0
2014-06-01,occupation,community_services,bop,167.6
2014-06-01,occupation,community_services,cant,181.5
2014-06-01,occupation,community_services,gis,171.3
2014-06-01,occupation,community_services,mrl,143.9
2014-06-01,occupation,community_services,mwt,198.3
2014-06-01,occupation,community_services,nld,181.7
2014-06-01,occupation,community_services,otg,233.8
2014-06-01,occupation,community_services,wai,197.2
2014-06-01,occupation,community_services,wlg,181.0
2014-06-01,occupation,labourers,akl,319.5
2014-06-01,occupation,labourers,bop,253.1
2014-06-01,occupation,labourers,cant,435.0
2014-06-01,occupation,labourers,gis,153.8
2014-06-01,occupation,labourers,mrl,199.5
2014-06-01,occupation,labourers,mwt,265.5
2014-06-01,occupation,labourers,nld,233.3
2014-06-01,occupation,labourers,otg,253.6
2014-06-01,occupation,labourers,wai,260.3
2014-06-01,occupation,labourers,wlg,274.0
2014-06-01,occupation,machinery_drivers,akl,255.3
2014-06-01,occupation,machinery_drivers,bop,210.4
2014-06-01,occupation,machinery_drivers,cant,485.8
2014-06-01,occupation,machinery_drivers,gis,115.9
2014-06-01,occupation,machinery_drivers,mrl,164.3
2014-06-01,occupation,machinery_drivers,mwt,189.4
2014-06-01,occupation,machinery_drivers,nld,263.3
2014-06-01,occupation,machinery_drivers,otg,188.1
2014-06-01,occupation,machinery_drivers,wai,197.1
2014-06-01,occupation,machinery_drivers,wlg,197.9
2014-06-01,occupation,managers,akl,141.9
2014-06-01,occupation,managers,bop,138.4
2014-06-01,occupation,managers,cant,178.4
2014-06-01,occupation,managers,gis,147.6
2014-06-01,occupation,managers,mrl,133.0
2014-06-01,occupation,managers,mwt,120.2
2014-06-01,occupation,managers,nld,158.4
2014-06-01,occupation,managers,otg,149.6
2014-06-01,occupation,managers,wai,142.5
2014-06-01,occupation,managers,wlg,101.3
2014-06-01,occupation,professionals,akl,120.2
2014-06-01,occupation,professionals,bop,113.2
2014-06-01,occupation,professionals,cant,163.2
2014-06-01,occupation,professionals,gis,81.9
2014-06-01,occupation,professionals,mrl,92.2
2014-06-01,occupation,professionals,mwt,104.6
2014-06-01,occupation,professionals,nld,82.3
2014-06-01,occupation,professionals,otg,111.1
2014-06-01,occupation,professionals,wai,101.1
2014-06-01,occupation,professionals,wlg,110.4
2014-06-01,occupation,sales,akl,207.4
2014-06-01,occupation,sales,bop,153.6
2014-06-01,occupation,sales,cant,233.0
2014-06-01,occupation,sales,gis,150.0
2014-06-01,occupation,sales,mrl,131.9
2014-06-01,occupation,sales,mwt,152.4
2014-06-01,occupation,sales,nld,131.5
2014-06-01,occupation,sales,otg,167.6
2014-06-01,occupation,sales,wai,171.8
2014-06-01,occupation,sales,wlg,176.6
2014-06-01,occupation,trades_and_technical,akl,237.1
2014-06-01,occupation,trades_and_technical,bop,207.0
2014-06-01,occupation,trades_and_technical,cant,330.9
2014-06-01,occupation,trades_and_technical,gis,135.4
2014-06-01,occupation,trades_and_technical,mrl,190.2
2014-06-01,occupation,trades_and_technical,mwt,188.5
2014-06-01,occupation,trades_and_technical,nld,192.9
2014-06-01,occupation,trades_and_technical,otg,219.9
2014-06-01,occupation,trades_and_technical,wai,236.2
2014-06-01,occupation,trades_and_technical,wlg,171.3
2014-06-01,skill_level,highly_skilled,akl,131.51
2014-06-01,skill_level,highly_skilled,bop,150.0
2014-06-01,skill_level,highly_skilled,cant,189.24
2014-06-01,skill_level,highly_skilled,gis,126.68
2014-06-01,skill_level,highly_skilled,mrl,133.45
2014-06-01,skill_level,highly_skilled,mwt,137.16
2014-06-01,skill_level,highly_skilled,nld,128.15
2014-06-01,skill_level,highly_skilled,otg,153.5
2014-06-01,skill_level,highly_skilled,wai,131.0
2014-06-01,skill_level,highly_skilled,wlg,111.04
2014-06-01,skill_level,low_skilled,akl,198.49
2014-06-01,skill_level,low_skilled,bop,174.65
2014-06-01,skill_level,low_skilled,cant,264.88
2014-06-01,skill_level,low_skilled,gis,150.62
2014-06-01,skill_level,low_skilled,mrl,165.11
2014-06-01,skill_level,low_skilled,mwt,194.56
2014-06-01,skill_level,low_skilled,nld,184.41
2014-06-01,skill_level,low_skilled,otg,207.17
2014-06-01,skill_level,low_skilled,wai,205.91
2014-06-01,skill_level,low_skilled,wlg,164.52
2014-06-01,skill_level,semi_skilled,akl,260.99
2014-06-01,skill_level,semi_skilled,bop,251.01
2014-06-01,skill_level,semi_skilled,cant,400.49
2014-06-01,skill_level,semi_skilled,gis,166.22
2014-06-01,skill_level,semi_skilled,mrl,260.17
2014-06-01,skill_level,semi_skilled,mwt,220.83
2014-06-01,skill_level,semi_skilled,nld,214.13
2014-06-01,skill_level,semi_skilled,otg,290.2
2014-06-01,skill_level,semi_skilled,wai,267.33
2014-06-01,skill_level,semi_skilled,wlg,216.85
2014-06-01,skill_level,skilled,akl,154.32
2014-06-01,skill_level,skilled,bop,110.42
2014-06-01,skill_level,skilled,cant,162.99
2014-06-01,skill_level,skilled,gis,77.71
2014-06-01,skill_level,skilled,mrl,86.07
2014-06-01,skill_level,skilled,mwt,95.99
2014-06-01,skill_level,skilled,nld,70.52
2014-06-01,skill_level,skilled,otg,110.04
2014-06-01,skill_level,skilled,wai,114.81
2014-06-01,skill_level,skilled,wlg,113.19
2014-06-01,skill_level,unskilled,akl,232.16
2014-06-01,skill_level,unskilled,bop,180.24
2014-06-01,skill_level,unskilled,cant,280.58
2014-06-01,skill_level,unskilled,gis,162.4
2014-06-01,skill_level,unskilled,mrl,145.88
2014-06-01,skill_level,unskilled,mwt,172.7
2014-06-01,skill_level,unskilled,nld,181.43
2014-06-01,skill_level,unskilled,otg,174.42
2014-06-01,skill_level,unskilled,wai,164.14
2014-06-01,skill_level,unskilled,wlg,192.63
2014-09-01,industry,accounting,akl,143.34
2014-09-01,industry,accounting,bop,183.77
2014-09-01,industry,accounting,cant,198.64
2014-09-01,industry,accounting,gis,178.01
2014-09-01,industry,accounting,mrl,182.18
2014-09-01,industry,accounting,mwt,179.4
2014-09-01,industry,accounting,nld,133.85
2014-09-01,industry,accounting,otg,184.25
2014-09-01,industry,accounting,wai,158.22
2014-09-01,industry,accounting,wlg,127.53
2014-09-01,industry,construction,akl,262.91
2014-09-01,industry,construction,bop,250.91
2014-09-01,industry,construction,cant,457.37
2014-09-01,industry,construction,gis,169.7
2014-09-01,industry,construction,mrl,274.15
2014-09-01,industry,construction,mwt,185.52
2014-09-01,industry,construction,nld,243.24
2014-09-01,industry,construction,otg,310.33
2014-09-01,industry,construction,wai,212.8
2014-09-01,industry,construction,wlg,220.59
2014-09-01,industry,education,akl,80.62
2014-09-01,industry,education,bop,68.85
2014-09-01,industry,education,cant,90.26
2014-09-01,industry,education,gis,58.37
2014-09-01,industry,education,mrl,57.83
2014-09-01,industry,education,mwt,62.33
2014-09-01,industry,education,nld,67.12
2014-09-01,industry,education,otg,63.09
2014-09-01,industry,education,wai,73.12
2014-09-01,industry,education,wlg,69.88
2014-09-01,industry,health,akl,132.3
2014-09-01,industry,health,bop,195.73
2014-09-01,industry,health,cant,204.62
2014-09-01,industry,health,gis,136.65
2014-09-01,industry,health,mrl,201.63
2014-09-01,industry,health,mwt,163.57
2014-09-01,industry,health,nld,118.74
2014-09-01,industry,health,otg,228.13
2014-09-01,industry,health,wai,144.39
2014-09-01,industry,health,wlg,152.1
2014-09-01,industry,hospitality,akl,217.98
2014-09-01,industry,hospitality,bop,169.95
2014-09-01,industry,hospitality,cant,175.79
2014-09-01,industry,hospitality,gis,161.6
2014-09-01,industry,hospitality,mrl,178.71
2014-09-01,industry,hospitality,mwt,139.1
2014-09-01,industry,hospitality,nld,168.97
2014-09-01,industry,hospitality,otg,225.61
2014-09-01,industry,hospitality,wai,193.3
2014-09-01,industry,hospitality,wlg,175.62
2014-09-01,industry,it,akl,128.95
2014-09-01,industry,it,bop,113.25
2014-09-01,industry,it,cant,153.11
2014-09-01,industry,it,gis,114.81
2014-09-01,industry,it,mrl,138.46
2014-09-01,industry,it,mwt,110.59
2014-09-01,industry,it,nld,107.14
2014-09-01,industry,it,otg,153.76
2014-09-01,industry,it,wai,124.62
2014-09-01,industry,it,wlg,107.68
2014-09-01,industry,manufacturing,akl,187.74
2014-09-01,industry,manufacturing,bop,190.91
2014-09-01,industry,manufacturing,cant,355.06
2014-09-01,industry,manufacturing,gis,158.87
2014-09-01,industry,manufacturing,mrl,206.52
2014-09-01,industry,manufacturing,mwt,168.26
2014-09-01,industry,manufacturing,nld,192.86
2014-09-01,industry,manufacturing,otg,221.88
2014-09-01,industry,manufacturing,wai,175.24
2014-09-01,industry,manufacturing,wlg,162.67
2014-09-01,industry,other,akl,138.99
2014-09-01,industry,other,bop,136.54
2014-09-01,industry,other,cant,215.81
2014-09-01,industry,other,gis,110.53
2014-09-01,industry,other,mrl,143.42
2014-09-01,industry,other,mwt,143.05
2014-09-01,industry,other,nld,261.76
2014-09-01,industry,other,otg,238.1
2014-09-01,industry,other,wai,159.26
2014-09-01,industry,other,wlg,136.76
2014-09-01,industry,primary,akl,144.22
2014-09-01,industry,primary,bop,272.73
2014-09-01,industry,primary,cant,310.49
2014-09-01,industry,primary,gis,219.05
2014-09-01,industry,primary,mrl,161.29
2014-09-01,industry,primary,mwt,281.43
2014-09-01,industry,primary,nld,207.69
2014-09-01,industry,primary,otg,280.73
2014-09-01,industry,primary,wai,268.42
2014-09-01,industry,primary,wlg,132.84
2014-09-01,industry,sales,akl,175.75
2014-09-01,industry,sales,bop,165.95
2014-09-01,industry,sales,cant,191.01
2014-09-01,industry,sales,gis,190.5
2014-09-01,industry,sales,mrl,141.96
2014-09-01,industry,sales,mwt,151.08
2014-09-01,industry,sales,nld,173.85
2014-09-01,industry,sales,otg,161.68
2014-09-01,industry,sales,wai,160.3
2014-09-01,industry,sales,wlg,132.12
2014-09-01,occupation,clerical_admin,akl,155.8
2014-09-01,occupation,clerical_admin,bop,172.2
2014-09-01,occupation,clerical_admin,cant,211.4
2014-09-01,occupation,clerical_admin,gis,201.8
2014-09-01,occupation,clerical_admin,mrl,208.2
2014-09-01,occupation,clerical_admin,mwt,161.0
2014-09-01,occupation,clerical_admin,nld,172.6
2014-09-01,occupation,clerical_admin,otg,217.4
2014-09-01,occupation,clerical_admin,wai,182.4
2014-09-01,occupation,clerical_admin,wlg,123.1
2014-09-01,occupation,community_services,akl,240.9
2014-09-01,occupation,community_services,bop,171.4
2014-09-01,occupation,community_services,cant,221.0
2014-09-01,occupation,community_services,gis,164.0
2014-09-01,occupation,community_services,mrl,185.8
2014-09-01,occupation,community_services,mwt,194.2
2014-09-01,occupation,community_services,nld,213.2
2014-09-01,occupation,community_services,otg,272.7
2014-09-01,occupation,community_services,wai,213.8
2014-09-01,occupation,community_services,wlg,193.5
2014-09-01,occupation,labourers,akl,305.4
2014-09-01,occupation,labourers,bop,280.6
2014-09-01,occupation,labourers,cant,407.1
2014-09-01,occupation,labourers,gis,168.8
2014-09-01,occupation,labourers,mrl,283.0
2014-09-01,occupation,labourers,mwt,238.1
2014-09-01,occupation,labourers,nld,226.2
2014-09-01,occupation,labourers,otg,292.8
2014-09-01,occupation,labourers,wai,241.9
2014-09-01,occupation,labourers,wlg,266.1
2014-09-01,occupation,machinery_drivers,akl,242.1
2014-09-01,occupation,machinery_drivers,bop,244.8
2014-09-01,occupation,machinery_drivers,cant,506.8
2014-09-01,occupation,machinery_drivers,gis,163.8
2014-09-01,occupation,machinery_drivers,mrl,172.9
2014-09-01,occupation,machinery_drivers,mwt,177.9
2014-09-01,occupation,machinery_drivers,nld,256.7
2014-09-01,occupation,machinery_drivers,otg,282.2
2014-09-01,occupation,machinery_drivers,wai,193.0
2014-09-01,occupation,machinery_drivers,wlg,202.6
2014-09-01,occupation,managers,akl,161.9
2014-09-01,occupation,managers,bop,153.3
2014-09-01,occupation,managers,cant,224.0
2014-09-01,occupation,managers,gis,176.2
2014-09-01,occupation,managers,mrl,139.1
2014-09-01,occupation,managers,mwt,148.3
2014-09-01,occupation,managers,nld,178.2
2014-09-01,occupation,managers,otg,176.2
2014-09-01,occupation,managers,wai,155.6
2014-09-01,occupation,managers,wlg,114.7
2014-09-01,occupation,professionals,akl,128.9
2014-09-01,occupation,professionals,bop,145.3
2014-09-01,occupation,professionals,cant,184.3
2014-09-01,occupation,professionals,gis,94.5
2014-09-01,occupation,professionals,mrl,101.0
2014-09-01,occupation,professionals,mwt,111.3
2014-09-01,occupation,professionals,nld,93.0
2014-09-01,occupation,professionals,otg,134.7
2014-09-01,occupation,professionals,wai,108.4
2014-09-01,occupation,professionals,wlg,118.3
2014-09-01,occupation,sales,akl,180.5
2014-09-01,occupation,sales,bop,164.5
2014-09-01,occupation,sales,cant,201.2
2014-09-01,occupation,sales,gis,141.3
2014-09-01,occupation,sales,mrl,154.3
2014-09-01,occupation,sales,mwt,163.8
2014-09-01,occupation,sales,nld,134.8
2014-09-01,occupation,sales,otg,169.4
2014-09-01,occupation,sales,wai,158.1
2014-09-01,occupation,sales,wlg,154.8
2014-09-01,occupation,trades_and_technical,akl,243.7
2014-09-01,occupation,trades_and_technical,bop,219.6
2014-09-01,occupation,trades_and_technical,cant,361.2
2014-09-01,occupation,trades_and_technical,gis,171.2
2014-09-01,occupation,trades_and_technical,mrl,230.4
2014-09-01,occupation,trades_and_technical,mwt,197.2
2014-09-01,occupation,trades_and_technical,nld,203.2
2014-09-01,occupation,trades_and_technical,otg,269.9
2014-09-01,occupation,trades_and_technical,wai,230.5
2014-09-01,occupation,trades_and_technical,wlg,188.6
2014-09-01,skill_level,highly_skilled,akl,144.03
2014-09-01,skill_level,highly_skilled,bop,180.76
2014-09-01,skill_level,highly_skilled,cant,217.71
2014-09-01,skill_level,highly_skilled,gis,141.29
2014-09-01,skill_level,highly_skilled,mrl,144.3
2014-09-01,skill_level,highly_skilled,mwt,151.17
2014-09-01,skill_level,highly_skilled,nld,144.5
2014-09-01,skill_level,highly_skilled,otg,178.56
2014-09-01,skill_level,highly_skilled,wai,141.03
2014-09-01,skill_level,highly_skilled,wlg,121.59
2014-09-01,skill_level,low_skilled,akl,181.76
2014-09-01,skill_level,low_skilled,bop,180.26
2014-09-01,skill_level,low_skilled,cant,260.7
2014-09-01,skill_level,low_skilled,gis,150.62
2014-09-01,skill_level,low_skilled,mrl,184.76
2014-09-01,skill_level,low_skilled,mwt,175.8
2014-09-01,skill_level,low_skilled,nld,185.48
2014-09-01,skill_level,low_skilled,otg,223.84
2014-09-01,skill_level,low_skilled,wai,183.03
2014-09-01,skill_level,low_skilled,wlg,154.61
2014-09-01,skill_level,semi_skilled,akl,258.79
2014-09-01,skill_level,semi_skilled,bop,271.72
2014-09-01,skill_level,semi_skilled,cant,434.46
2014-09-01,skill_level,semi_skilled,gis,177.03
2014-09-01,skill_level,semi_skilled,mrl,292.37
2014-09-01,skill_level,semi_skilled,mwt,234.0
2014-09-01,skill_level,semi_skilled,nld,197.83
2014-09-01,skill_level,semi_skilled,otg,334.8
2014-09-01,skill_level,semi_skilled,wai,243.89
2014-09-01,skill_level,semi_skilled,wlg,227.69
2014-09-01,skill_level,skilled,akl,156.21
2014-09-01,skill_level,skilled,bop,114.9
2014-09-01,skill_level,skilled,cant,186.68
2014-09-01,skill_level,skilled,gis,108.74
2014-09-01,skill_level,skilled,mrl,106.42
2014-09-01,skill_level,skilled,mwt,102.1
2014-09-01,skill_level,skilled,nld,91.91
2014-09-01,skill_level,skilled,otg,142.19
2014-09-01,skill_level,skilled,wai,133.04
2014-09-01,skill_level,skilled,wlg,116.61
2014-09-01,skill_level,unskilled,akl,242.55
2014-09-01,skill_level,unskilled,bop,212.96
2014-09-01,skill_level,unskilled,cant,290.22
2014-09-01,skill_level,unskilled,gis,195.2
2014-09-01,skill_level,unskilled,mrl,222.54
2014-09-01,skill_level,unskilled,mwt,190.29
2014-09-01,skill_level,unskilled,nld,202.86
2014-09-01,skill_level,unskilled,otg,222.79
2014-09-01,skill_level,unskilled,wai,187.5
2014-09-01,skill_level,unskilled,wlg,185.12
2014-12-01,industry,accounting,akl,116.28
2014-12-01,industry,accounting,bop,172.45
2014-12-01,industry,accounting,cant,164.8
2014-12-01,industry,accounting,gis,165.25
2014-12-01,industry,accounting,mrl,120.69
2014-12-01,industry,accounting,mwt,158.8
2014-12-01,industry,accounting,nld,113.08
2014-12-01,industry,accounting,otg,165.75
2014-12-01,industry,accounting,wai,123.44
2014-12-01,industry,accounting,wlg,108.87
2014-12-01,industry,construction,akl,206.61
2014-12-01,industry,construction,bop,224.43
2014-12-01,industry,construction,cant,380.7
2014-12-01,industry,construction,gis,142.42
2014-12-01,industry,construction,mrl,181.78
2014-12-01,industry,construction,mwt,138.1
2014-12-01,industry,construction,nld,241.22
2014-12-01,industry,construction,otg,247.86
2014-12-01,industry,construction,wai,161.18
2014-12-01,industry,construction,wlg,167.15
2014-12-01,industry,education,akl,93.69
2014-12-01,industry,education,bop,83.93
2014-12-01,industry,education,cant,103.35
2014-12-01,industry,education,gis,80.82
2014-12-01,industry,education,mrl,67.83
2014-12-01,industry,education,mwt,96.48
2014-12-01,industry,education,nld,100.46
2014-12-01,industry,education,otg,92.11
2014-12-01,industry,education,wai,100.22
2014-12-01,industry,education,wlg,92.25
2014-12-01,industry,health,akl,109.26
2014-12-01,industry,health,bop,166.06
2014-12-01,industry,health,cant,163.14
2014-12-01,industry,health,gis,107.25
2014-12-01,industry,health,mrl,209.51
2014-12-01,industry,health,mwt,136.96
2014-12-01,industry,health,nld,101.1
2014-12-01,industry,health,otg,162.45
2014-12-01,industry,health,wai,133.66
2014-12-01,industry,health,wlg,118.07
2014-12-01,industry,hospitality,akl,175.32
2014-12-01,industry,hospitality,bop,141.38
2014-12-01,industry,hospitality,cant,151.28
2014-12-01,industry,hospitality,gis,145.6
2014-12-01,industry,hospitality,mrl,162.58
2014-12-01,industry,hospitality,mwt,143.61
2014-12-01,industry,hospitality,nld,212.07
2014-12-01,industry,hospitality,otg,214.63
2014-12-01,industry,hospitality,wai,154.02
2014-12-01,industry,hospitality,wlg,145.33
2014-12-01,industry,it,akl,103.82
2014-12-01,industry,it,bop,151.81
2014-12-01,industry,it,cant,136.34
2014-12-01,industry,it,gis,107.41
2014-12-01,industry,it,mrl,100.0
2014-12-01,industry,it,mwt,94.12
2014-12-01,industry,it,nld,178.57
2014-12-01,industry,it,otg,101.08
2014-12-01,industry,it,wai,108.04
2014-12-01,industry,it,wlg,84.96
2014-12-01,industry,manufacturing,akl,165.42
2014-12-01,industry,manufacturing,bop,173.8
2014-12-01,industry,manufacturing,cant,316.7
2014-12-01,industry,manufacturing,gis,149.19
2014-12-01,industry,manufacturing,mrl,207.61
2014-12-01,industry,manufacturing,mwt,153.04
2014-12-01,industry,manufacturing,nld,221.43
2014-12-01,industry,manufacturing,otg,196.25
2014-12-01,industry,manufacturing,wai,135.05
2014-12-01,industry,manufacturing,wlg,143.87
2014-12-01,industry,other,akl,187.64
2014-12-01,industry,other,bop,233.65
2014-12-01,industry,other,cant,290.23
2014-12-01,industry,other,gis,135.53
2014-12-01,industry,other,mrl,215.79
2014-12-01,industry,other,mwt,165.56
2014-12-01,industry,other,nld,308.82
2014-12-01,industry,other,otg,295.24
2014-12-01,industry,other,wai,194.71
2014-12-01,industry,other,wlg,113.57
2014-12-01,industry,primary,akl,138.1
2014-12-01,industry,primary,bop,243.18
2014-12-01,industry,primary,cant,214.81
2014-12-01,industry,primary,gis,152.38
2014-12-01,industry,primary,mrl,145.16
2014-12-01,industry,primary,mwt,205.71
2014-12-01,industry,primary,nld,146.15
2014-12-01,industry,primary,otg,185.32
2014-12-01,industry,primary,wai,173.68
2014-12-01,industry,primary,wlg,100.0
2014-12-01,industry,sales,akl,134.07
2014-12-01,industry,sales,bop,130.0
2014-12-01,industry,sales,cant,153.02
2014-12-01,industry,sales,gis,150.0
2014-12-01,industry,sales,mrl,127.68
2014-12-01,industry,sales,mwt,116.87
2014-12-01,industry,sales,nld,122.31
2014-12-01,industry,sales,otg,136.05
2014-12-01,industry,sales,wai,111.67
2014-12-01,industry,sales,wlg,103.82
2014-12-01,occupation,clerical_admin,akl,121.7
2014-12-01,occupation,clerical_admin,bop,152.5
2014-12-01,occupation,clerical_admin,cant,170.3
2014-12-01,occupation,clerical_admin,gis,161.1
2014-12-01,occupation,clerical_admin,mrl,157.6
2014-12-01,occupation,clerical_admin,mwt,140.5
2014-12-01,occupation,clerical_admin,nld,154.5
2014-12-01,occupation,clerical_admin,otg,188.7
2014-12-01,occupation,clerical_admin,wai,132.4
2014-12-01,occupation,clerical_admin,wlg,97.4
2014-12-01,occupation,community_services,akl,175.6
2014-12-01,occupation,community_services,bop,146.0
2014-12-01,occupation,community_services,cant,169.4
2014-12-01,occupation,community_services,gis,139.0
2014-12-01,occupation,community_services,mrl,163.7
2014-12-01,occupation,community_services,mwt,148.8
2014-12-01,occupation,community_services,nld,219.2
2014-12-01,occupation,community_services,otg,237.7
2014-12-01,occupation,community_services,wai,173.3
2014-12-01,occupation,community_services,wlg,148.6
2014-12-01,occupation,labourers,akl,238.1
2014-12-01,occupation,labourers,bop,317.3
2014-12-01,occupation,labourers,cant,357.6
2014-12-01,occupation,labourers,gis,136.3
2014-12-01,occupation,labourers,mrl,190.4
2014-12-01,occupation,labourers,mwt,221.4
2014-12-01,occupation,labourers,nld,209.5
2014-12-01,occupation,labourers,otg,237.1
2014-12-01,occupation,labourers,wai,200.0
2014-12-01,occupation,labourers,wlg,222.2
2014-12-01,occupation,machinery_drivers,akl,203.9
2014-12-01,occupation,machinery_drivers,bop,188.5
2014-12-01,occupation,machinery_drivers,cant,411.7
2014-12-01,occupation,machinery_drivers,gis,129.0
2014-12-01,occupation,machinery_drivers,mrl,159.4
2014-12-01,occupation,machinery_drivers,mwt,147.1
2014-12-01,occupation,machinery_drivers,nld,250.0
2014-12-01,occupation,machinery_drivers,otg,209.9
2014-12-01,occupation,machinery_drivers,wai,153.8
2014-12-01,occupation,machinery_drivers,wlg,153.2
2014-12-01,occupation,managers,akl,132.7
2014-12-01,occupation,managers,bop,146.6
2014-12-01,occupation,managers,cant,191.5
2014-12-01,occupation,managers,gis,174.2
2014-12-01,occupation,managers,mrl,137.5
2014-12-01,occupation,managers,mwt,113.0
2014-12-01,occupation,managers,nld,155.4
2014-12-01,occupation,managers,otg,148.0
2014-12-01,occupation,managers,wai,123.8
2014-12-01,occupation,managers,wlg,92.5
2014-12-01,occupation,professionals,akl,112.1
2014-12-01,occupation,professionals,bop,127.6
2014-12-01,occupation,professionals,cant,165.8
2014-12-01,occupation,professionals,gis,90.8
2014-12-01,occupation,professionals,mrl,96.3
2014-12-01,occupation,professionals,mwt,114.1
2014-12-01,occupation,professionals,nld,100.6
2014-12-01,occupation,professionals,otg,118.8
2014-12-01,occupation,professionals,wai,104.9
2014-12-01,occupation,professionals,wlg,100.7
2014-12-01,occupation,sales,akl,135.0
2014-12-01,occupation,sales,bop,135.5
2014-12-01,occupation,sales,cant,156.2
2014-12-01,occupation,sales,gis,138.9
2014-12-01,occupation,sales,mrl,148.3
2014-12-01,occupation,sales,mwt,124.3
2014-12-01,occupation,sales,nld,97.8
2014-12-01,occupation,sales,otg,150.5
2014-12-01,occupation,sales,wai,106.5
2014-12-01,occupation,sales,wlg,117.0
2014-12-01,occupation,trades_and_technical,akl,210.9
2014-12-01,occupation,trades_and_technical,bop,229.3
2014-12-01,occupation,trades_and_technical,cant,321.1
2014-12-01,occupation,trades_and_technical,gis,142.7
2014-12-01,occupation,trades_and_technical,mrl,198.1
2014-12-01,occupation,trades_and_technical,mwt,163.9
2014-12-01,occupation,trades_and_technical,nld,223.0
2014-12-01,occupation,trades_and_technical,otg,246.0
2014-12-01,occupation,trades_and_technical,wai,179.3
2014-12-01,occupation,trades_and_technical,wlg,155.0
2014-12-01,skill_level,highly_skilled,akl,120.8
2014-12-01,skill_level,highly_skilled,bop,154.27
2014-12-01,skill_level,highly_skilled,cant,186.9
2014-12-01,skill_level,highly_skilled,gis,122.76
2014-12-01,skill_level,highly_skilled,mrl,127.59
2014-12-01,skill_level,highly_skilled,mwt,130.71
2014-12-01,skill_level,highly_skilled,nld,129.3
2014-12-01,skill_level,highly_skilled,otg,141.23
2014-12-01,skill_level,highly_skilled,wai,115.65
2014-12-01,skill_level,highly_skilled,wlg,98.72
2014-12-01,skill_level,low_skilled,akl,138.9
2014-12-01,skill_level,low_skilled,bop,158.01
2014-12-01,skill_level,low_skilled,cant,210.52
2014-12-01,skill_level,low_skilled,gis,127.1
2014-12-01,skill_level,low_skilled,mrl,163.53
2014-12-01,skill_level,low_skilled,mwt,145.23
2014-12-01,skill_level,low_skilled,nld,170.07
2014-12-01,skill_level,low_skilled,otg,187.13
2014-12-01,skill_level,low_skilled,wai,143.71
2014-12-01,skill_level,low_skilled,wlg,120.76
2014-12-01,skill_level,semi_skilled,akl,220.85
2014-12-01,skill_level,semi_skilled,bop,269.7
2014-12-01,skill_level,semi_skilled,cant,369.39
2014-12-01,skill_level,semi_skilled,gis,166.22
2014-12-01,skill_level,semi_skilled,mrl,233.9
2014-12-01,skill_level,semi_skilled,mwt,192.47
2014-12-01,skill_level,semi_skilled,nld,209.78
2014-12-01,skill_level,semi_skilled,otg,277.94
2014-12-01,skill_level,semi_skilled,wai,186.47
2014-12-01,skill_level,semi_skilled,wlg,180.5
2014-12-01,skill_level,skilled,akl,137.57
2014-12-01,skill_level,skilled,bop,125.22
2014-12-01,skill_level,skilled,cant,176.52
2014-12-01,skill_level,skilled,gis,111.26
2014-12-01,skill_level,skilled,mrl,109.23
2014-12-01,skill_level,skilled,mwt,101.34
2014-12-01,skill_level,skilled,nld,114.97
2014-12-01,skill_level,skilled,otg,147.77
2014-12-01,skill_level,skilled,wai,124.94
2014-12-01,skill_level,skilled,wlg,103.41
2014-12-01,skill_level,unskilled,akl,187.66
2014-12-01,skill_level,unskilled,bop,195.38
2014-12-01,skill_level,unskilled,cant,238.69
2014-12-01,skill_level,unskilled,gis,154.4
2014-12-01,skill_level,unskilled,mrl,160.76
2014-12-01,skill_level,unskilled,mwt,159.91
2014-12-01,skill_level,unskilled,nld,180.0
2014-12-01,skill_level,unskilled,otg,207.44
2014-12-01,skill_level,unskilled,wai,140.13
2014-12-01,skill_level,unskilled,wlg,154.07
2015-03-01,industry,accounting,akl,153.37
2015-03-01,industry,accounting,bop,207.92
2015-03-01,industry,accounting,cant,197.53
2015-03-01,industry,accounting,gis,210.64
2015-03-01,industry,accounting,mrl,161.49
2015-03-01,industry,accounting,mwt,162.17
2015-03-01,industry,accounting,nld,152.31
2015-03-01,industry,accounting,otg,190.41
2015-03-01,industry,accounting,wai,158.98
2015-03-01,industry,accounting,wlg,132.33
2015-03-01,industry,construction,akl,245.71
2015-03-01,industry,construction,bop,245.21
2015-03-01,industry,construction,cant,401.06
2015-03-01,industry,construction,gis,175.0
2015-03-01,industry,construction,mrl,216.1
2015-03-01,industry,construction,mwt,162.67
2015-03-01,industry,construction,nld,226.35
2015-03-01,industry,construction,otg,288.92
2015-03-01,industry,construction,wai,200.98
2015-03-01,industry,construction,wlg,204.09
2015-03-01,industry,education,akl,90.08
2015-03-01,industry,education,bop,60.66
2015-03-01,industry,education,cant,75.8
2015-03-01,industry,education,gis,54.69
2015-03-01,industry,education,mrl,41.3
2015-03-01,industry,education,mwt,68.56
2015-03-01,industry,education,nld,59.36
2015-03-01,industry,education,otg,57.73
2015-03-01,industry,education,wai,75.91
2015-03-01,industry,education,wlg,80.41
2015-03-01,industry,health,akl,133.77
2015-03-01,industry,health,bop,179.66
2015-03-01,industry,health,cant,221.68
2015-03-01,industry,health,gis,126.71
2015-03-01,industry,health,mrl,236.55
2015-03-01,industry,health,mwt,161.3
2015-03-01,industry,health,nld,103.26
2015-03-01,industry,health,otg,169.89
2015-03-01,industry,health,wai,146.38
2015-03-01,industry,health,wlg,133.19
2015-03-01,industry,hospitality,akl,223.55
2015-03-01,industry,hospitality,bop,180.3
2015-03-01,industry,hospitality,cant,176.84
2015-03-01,industry,hospitality,gis,163.2
2015-03-01,industry,hospitality,mrl,161.29
2015-03-01,industry,hospitality,mwt,190.23
2015-03-01,industry,hospitality,nld,212.07
2015-03-01,industry,hospitality,otg,231.71
2015-03-01,industry,hospitality,wai,192.41
2015-03-01,industry,hospitality,wlg,186.1
2015-03-01,industry,it,akl,101.96
2015-03-01,industry,it,bop,162.65
2015-03-01,industry,it,cant,146.58
2015-03-01,industry,it,gis,122.22
2015-03-01,industry,it,mrl,76.92
2015-03-01,industry,it,mwt,98.82
2015-03-01,industry,it,nld,178.57
2015-03-01,industry,it,otg,118.28
2015-03-01,industry,it,wai,116.08
2015-03-01,industry,it,wlg,85.4
2015-03-01,industry,manufacturing,akl,206.76
2015-03-01,industry,manufacturing,bop,238.5
2015-03-01,industry,manufacturing,cant,333.75
2015-03-01,industry,manufacturing,gis,252.42
2015-03-01,industry,manufacturing,mrl,303.26
2015-03-01,industry,manufacturing,mwt,167.83
2015-03-01,industry,manufacturing,nld,271.43
2015-03-01,industry,manufacturing,otg,239.38
2015-03-01,industry,manufacturing,wai,183.28
2015-03-01,industry,manufacturing,wlg,185.56
2015-03-01,industry,other,akl,241.98
2015-03-01,industry,other,bop,300.0
2015-03-01,industry,other,cant,366.98
2015-03-01,industry,other,gis,223.68
2015-03-01,industry,other,mrl,226.32
2015-03-01,industry,other,mwt,187.42
2015-03-01,industry,other,nld,482.35
2015-03-01,industry,other,otg,369.05
2015-03-01,industry,other,wai,238.1
2015-03-01,industry,other,wlg,141.24
2015-03-01,industry,primary,akl,182.31
2015-03-01,industry,primary,bop,306.82
2015-03-01,industry,primary,cant,248.15
2015-03-01,industry,primary,gis,204.76
2015-03-01,industry,primary,mrl,172.04
2015-03-01,industry,primary,mwt,205.71
2015-03-01,industry,primary,nld,228.21
2015-03-01,industry,primary,otg,210.09
2015-03-01,industry,primary,wai,220.0
2015-03-01,industry,primary,wlg,125.37
2015-03-01,industry,sales,akl,164.41
2015-03-01,industry,sales,bop,158.38
2015-03-01,industry,sales,cant,182.33
2015-03-01,industry,sales,gis,194.5
2015-03-01,industry,sales,mrl,137.95
2015-03-01,industry,sales,mwt,135.18
2015-03-01,industry,sales,nld,151.54
2015-03-01,industry,sales,otg,164.63
2015-03-01,industry,sales,wai,144.09
2015-03-01,industry,sales,wlg,120.4
2015-03-01,occupation,clerical_admin,akl,166.6
2015-03-01,occupation,clerical_admin,bop,205.1
2015-03-01,occupation,clerical_admin,cant,202.6
2015-03-01,occupation,clerical_admin,gis,223.0
2015-03-01,occupation,clerical_admin,mrl,179.6
2015-03-01,occupation,clerical_admin,mwt,167.9
2015-03-01,occupation,clerical_admin,nld,210.1
2015-03-01,occupation,clerical_admin,otg,240.8
2015-03-01,occupation,clerical_admin,wai,178.9
2015-03-01,occupation,clerical_admin,wlg,131.7
2015-03-01,occupation,community_services,akl,241.2
2015-03-01,occupation,community_services,bop,188.3
2015-03-01,occupation,community_services,cant,223.7
2015-03-01,occupation,community_services,gis,160.3
2015-03-01,occupation,community_services,mrl,184.3
2015-03-01,occupation,community_services,mwt,207.0
2015-03-01,occupation,community_services,nld,262.8
2015-03-01,occupation,community_services,otg,264.3
2015-03-01,occupation,community_services,wai,213.8
2015-03-01,occupation,community_services,wlg,195.2
2015-03-01,occupation,labourers,akl,299.2
2015-03-01,occupation,labourers,bop,363.3
2015-03-01,occupation,labourers,cant,406.2
2015-03-01,occupation,labourers,gis,208.9
2015-03-01,occupation,labourers,mrl,259.5
2015-03-01,occupation,labourers,mwt,291.7
2015-03-01,occupation,labourers,nld,259.5
2015-03-01,occupation,labourers,otg,304.1
2015-03-01,occupation,labourers,wai,261.0
2015-03-01,occupation,labourers,wlg,299.7
2015-03-01,occupation,machinery_drivers,akl,287.6
2015-03-01,occupation,machinery_drivers,bop,278.1
2015-03-01,occupation,machinery_drivers,cant,456.6
2015-03-01,occupation,machinery_drivers,gis,233.3
2015-03-01,occupation,machinery_drivers,mrl,225.6
2015-03-01,occupation,machinery_drivers,mwt,176.0
2015-03-01,occupation,machinery_drivers,nld,280.0
2015-03-01,occupation,machinery_drivers,otg,245.5
2015-03-01,occupation,machinery_drivers,wai,200.0
2015-03-01,occupation,machinery_drivers,wlg,195.3
2015-03-01,occupation,managers,akl,142.6
2015-03-01,occupation,managers,bop,162.9
2015-03-01,occupation,managers,cant,198.1
2015-03-01,occupation,managers,gis,208.9
2015-03-01,occupation,managers,mrl,135.2
2015-03-01,occupation,managers,mwt,127.5
2015-03-01,occupation,managers,nld,188.1
2015-03-01,occupation,managers,otg,191.8
2015-03-01,occupation,managers,wai,151.7
2015-03-01,occupation,managers,wlg,102.1
2015-03-01,occupation,professionals,akl,122.2
2015-03-01,occupation,professionals,bop,129.6
2015-03-01,occupation,professionals,cant,174.4
2015-03-01,occupation,professionals,gis,84.4
2015-03-01,occupation,professionals,mrl,104.2
2015-03-01,occupation,professionals,mwt,95.3
2015-03-01,occupation,professionals,nld,85.6
2015-03-01,occupation,professionals,otg,114.7
2015-03-01,occupation,professionals,wai,102.4
2015-03-01,occupation,professionals,wlg,105.9
2015-03-01,occupation,sales,akl,184.3
2015-03-01,occupation,sales,bop,154.6
2015-03-01,occupation,sales,cant,207.3
2015-03-01,occupation,sales,gis,175.4
2015-03-01,occupation,sales,mrl,156.0
2015-03-01,occupation,sales,mwt,158.4
2015-03-01,occupation,sales,nld,128.3
2015-03-01,occupation,sales,otg,170.3
2015-03-01,occupation,sales,wai,142.9
2015-03-01,occupation,sales,wlg,140.4
2015-03-01,occupation,trades_and_technical,akl,257.4
2015-03-01,occupation,trades_and_technical,bop,247.1
2015-03-01,occupation,trades_and_technical,cant,351.0
2015-03-01,occupation,trades_and_technical,gis,194.0
2015-03-01,occupation,trades_and_technical,mrl,221.5
2015-03-01,occupation,trades_and_technical,mwt,202.3
2015-03-01,occupation,trades_and_technical,nld,213.5
2015-03-01,occupation,trades_and_technical,otg,273.1
2015-03-01,occupation,trades_and_technical,wai,245.9
2015-03-01,occupation,trades_and_technical,wlg,180.1
2015-03-01,skill_level,highly_skilled,akl,132.61
2015-03-01,skill_level,highly_skilled,bop,173.4
2015-03-01,skill_level,highly_skilled,cant,203.38
2015-03-01,skill_level,highly_skilled,gis,144.56
2015-03-01,skill_level,highly_skilled,mrl,151.24
2015-03-01,skill_level,highly_skilled,mwt,130.46
2015-03-01,skill_level,highly_skilled,nld,141.92
2015-03-01,skill_level,highly_skilled,otg,169.69
2015-03-01,skill_level,highly_skilled,wai,135.72
2015-03-01,skill_level,highly_skilled,wlg,107.74
2015-03-01,skill_level,low_skilled,akl,194.75
2015-03-01,skill_level,low_skilled,bop,208.74
2015-03-01,skill_level,low_skilled,cant,251.67
2015-03-01,skill_level,low_skilled,gis,183.36
2015-03-01,skill_level,low_skilled,mrl,202.19
2015-03-01,skill_level,low_skilled,mwt,193.08
2015-03-01,skill_level,low_skilled,nld,225.87
2015-03-01,skill_level,low_skilled,otg,232.07
2015-03-01,skill_level,low_skilled,wai,194.67
2015-03-01,skill_level,low_skilled,wlg,158.84
2015-03-01,skill_level,semi_skilled,akl,279.93
2015-03-01,skill_level,semi_skilled,bop,289.39
2015-03-01,skill_level,semi_skilled,cant,416.3
2015-03-01,skill_level,semi_skilled,gis,220.95
2015-03-01,skill_level,semi_skilled,mrl,279.66
2015-03-01,skill_level,semi_skilled,mwt,243.11
2015-03-01,skill_level,semi_skilled,nld,210.87
2015-03-01,skill_level,semi_skilled,otg,306.86
2015-03-01,skill_level,semi_skilled,wai,264.69
2015-03-01,skill_level,semi_skilled,wlg,235.52
2015-03-01,skill_level,skilled,akl,161.94
2015-03-01,skill_level,skilled,bop,126.97
2015-03-01,skill_level,skilled,cant,180.77
2015-03-01,skill_level,skilled,gis,100.91
2015-03-01,skill_level,skilled,mrl,93.32
2015-03-01,skill_level,skilled,mwt,97.98
2015-03-01,skill_level,skilled,nld,96.59
2015-03-01,skill_level,skilled,otg,134.01
2015-03-01,skill_level,skilled,wai,123.55
2015-03-01,skill_level,skilled,wlg,112.34
2015-03-01,skill_level,unskilled,akl,225.49
2015-03-01,skill_level,unskilled,bop,226.64
2015-03-01,skill_level,unskilled,cant,283.07
2015-03-01,skill_level,unskilled,gis,216.0
2015-03-01,skill_level,unskilled,mrl,193.51
2015-03-01,skill_level,unskilled,mwt,178.03
2015-03-01,skill_level,unskilled,nld,170.0
2015-03-01,skill_level,unskilled,otg,247.91
2015-03-01,skill_level,unskilled,wai,171.71
2015-03-01,skill_level,unskilled,wlg,184.1
2015-06-01,industry,accounting,akl,166.87
2015-06-01,industry,accounting,bop,209.43
2015-06-01,industry,accounting,cant,198.32
2015-06-01,industry,accounting,gis,190.78
2015-06-01,industry,accounting,mrl,139.66
2015-06-01,industry,accounting,mwt,164.79
2015-06-01,industry,accounting,nld,132.31
2015-06-01,industry,accounting,otg,192.12
2015-06-01,industry,accounting,wai,167.3
2015-06-01,industry,accounting,wlg,129.25
2015-06-01,industry,construction,akl,253.09
2015-06-01,industry,construction,bop,233.56
2015-06-01,industry,construction,cant,388.3
2015-06-01,industry,construction,gis,137.88
2015-06-01,industry,construction,mrl,156.36
2015-06-01,industry,construction,mwt,141.71
2015-06-01,industry,construction,nld,179.05
2015-06-01,industry,construction,otg,248.36
2015-06-01,industry,construction,wai,179.32
2015-06-01,industry,construction,wlg,196.37
2015-06-01,industry,education,akl,103.94
2015-06-01,industry,education,bop,61.97
2015-06-01,industry,education,cant,77.02
2015-06-01,industry,education,gis,60.0
2015-06-01,industry,education,mrl,44.78
2015-06-01,industry,education,mwt,78.59
2015-06-01,industry,education,nld,71.23
2015-06-01,industry,education,otg,62.15
2015-06-01,industry,education,wai,78.71
2015-06-01,industry,education,wlg,77.05
2015-06-01,industry,health,akl,142.25
2015-06-01,industry,health,bop,177.6
2015-06-01,industry,health,cant,211.83
2015-06-01,industry,health,gis,130.02
2015-06-01,industry,health,mrl,219.09
2015-06-01,industry,health,mwt,161.3
2015-06-01,industry,health,nld,141.12
2015-06-01,industry,health,otg,200.98
2015-06-01,industry,health,wai,156.36
2015-06-01,industry,health,wlg,140.76
2015-06-01,industry,hospitality,akl,189.77
2015-06-01,industry,hospitality,bop,123.15
2015-06-01,industry,hospitality,cant,146.17
2015-06-01,industry,hospitality,gis,98.4
2015-06-01,industry,hospitality,mrl,117.42
2015-06-01,industry,hospitality,mwt,167.67
2015-06-01,industry,hospitality,nld,148.28
2015-06-01,industry,hospitality,otg,137.8
2015-06-01,industry,hospitality,wai,154.02
2015-06-01,industry,hospitality,wlg,153.71
2015-06-01,industry,it,akl,109.21
2015-06-01,industry,it,bop,198.8
2015-06-01,industry,it,cant,134.94
2015-06-01,industry,it,gis,170.37
2015-06-01,industry,it,mrl,103.85
2015-06-01,industry,it,mwt,84.71
2015-06-01,industry,it,nld,257.14
2015-06-01,industry,it,otg,136.56
2015-06-01,industry,it,wai,154.27
2015-06-01,industry,it,wlg,88.15
2015-06-01,industry,manufacturing,akl,200.23
2015-06-01,industry,manufacturing,bop,214.97
2015-06-01,industry,manufacturing,cant,302.31
2015-06-01,industry,manufacturing,gis,154.84
2015-06-01,industry,manufacturing,mrl,200.0
2015-06-01,industry,manufacturing,mwt,151.74
2015-06-01,industry,manufacturing,nld,155.36
2015-06-01,industry,manufacturing,otg,197.5
2015-06-01,industry,manufacturing,wai,152.09
2015-06-01,industry,manufacturing,wlg,171.39
2015-06-01,industry,other,akl,247.96
2015-06-01,industry,other,bop,250.0
2015-06-01,industry,other,cant,317.67
2015-06-01,industry,other,gis,200.0
2015-06-01,industry,other,mrl,192.11
2015-06-01,industry,other,mwt,186.09
2015-06-01,industry,other,nld,350.0
2015-06-01,industry,other,otg,277.38
2015-06-01,industry,other,wai,230.16
2015-06-01,industry,other,wlg,134.12
2015-06-01,industry,primary,akl,159.18
2015-06-01,industry,primary,bop,263.64
2015-06-01,industry,primary,cant,231.48
2015-06-01,industry,primary,gis,223.81
2015-06-01,industry,primary,mrl,167.74
2015-06-01,industry,primary,mwt,190.0
2015-06-01,industry,primary,nld,148.72
2015-06-01,industry,primary,otg,163.3
2015-06-01,industry,primary,wai,281.05
2015-06-01,industry,primary,wlg,135.82
2015-06-01,industry,sales,akl,172.63
2015-06-01,industry,sales,bop,146.22
2015-06-01,industry,sales,cant,171.32
2015-06-01,industry,sales,gis,161.5
2015-06-01,industry,sales,mrl,139.29
2015-06-01,industry,sales,mwt,134.22
2015-06-01,industry,sales,nld,143.08
2015-06-01,industry,sales,otg,155.78
2015-06-01,industry,sales,wai,122.88
2015-06-01,industry,sales,wlg,128.17
2015-06-01,occupation,clerical_admin,akl,175.1
2015-06-01,occupation,clerical_admin,bop,180.3
2015-06-01,occupation,clerical_admin,cant,196.2
2015-06-01,occupation,clerical_admin,gis,190.3
2015-06-01,occupation,clerical_admin,mrl,161.3
2015-06-01,occupation,clerical_admin,mwt,159.3
2015-06-01,occupation,clerical_admin,nld,147.6
2015-06-01,occupation,clerical_admin,otg,218.8
2015-06-01,occupation,clerical_admin,wai,178.7
2015-06-01,occupation,clerical_admin,wlg,120.3
2015-06-01,occupation,community_services,akl,226.7
2015-06-01,occupation,community_services,bop,163.4
2015-06-01,occupation,community_services,cant,192.7
2015-06-01,occupation,community_services,gis,138.2
2015-06-01,occupation,community_services,mrl,140.9
2015-06-01,occupation,community_services,mwt,191.3
2015-06-01,occupation,community_services,nld,241.7
2015-06-01,occupation,community_services,otg,218.8
2015-06-01,occupation,community_services,wai,213.4
2015-06-01,occupation,community_services,wlg,188.0
2015-06-01,occupation,labourers,akl,285.9
2015-06-01,occupation,labourers,bop,326.5
2015-06-01,occupation,labourers,cant,328.5
2015-06-01,occupation,labourers,gis,148.8
2015-06-01,occupation,labourers,mrl,176.1
2015-06-01,occupation,labourers,mwt,251.2
2015-06-01,occupation,labourers,nld,178.6
2015-06-01,occupation,labourers,otg,222.7
2015-06-01,occupation,labourers,wai,206.6
2015-06-01,occupation,labourers,wlg,275.4
2015-06-01,occupation,machinery_drivers,akl,242.0
2015-06-01,occupation,machinery_drivers,bop,238.5
2015-06-01,occupation,machinery_drivers,cant,411.0
2015-06-01,occupation,machinery_drivers,gis,139.1
2015-06-01,occupation,machinery_drivers,mrl,130.0
2015-06-01,occupation,machinery_drivers,mwt,126.9
2015-06-01,occupation,machinery_drivers,nld,176.7
2015-06-01,occupation,machinery_drivers,otg,162.4
2015-06-01,occupation,machinery_drivers,wai,138.6
2015-06-01,occupation,machinery_drivers,wlg,192.1
2015-06-01,occupation,managers,akl,159.8
2015-06-01,occupation,managers,bop,167.8
2015-06-01,occupation,managers,cant,198.8
2015-06-01,occupation,managers,gis,168.0
2015-06-01,occupation,managers,mrl,144.6
2015-06-01,occupation,managers,mwt,136.8
2015-06-01,occupation,managers,nld,189.1
2015-06-01,occupation,managers,otg,159.1
2015-06-01,occupation,managers,wai,150.9
2015-06-01,occupation,managers,wlg,108.7
2015-06-01,occupation,professionals,akl,134.0
2015-06-01,occupation,professionals,bop,129.9
2015-06-01,occupation,professionals,cant,175.3
2015-06-01,occupation,professionals,gis,98.0
2015-06-01,occupation,professionals,mrl,94.3
2015-06-01,occupation,professionals,mwt,97.6
2015-06-01,occupation,professionals,nld,95.2
2015-06-01,occupation,professionals,otg,126.1
2015-06-01,occupation,professionals,wai,107.7
2015-06-01,occupation,professionals,wlg,107.2
2015-06-01,occupation,sales,akl,178.2
2015-06-01,occupation,sales,bop,143.2
2015-06-01,occupation,sales,cant,178.4
2015-06-01,occupation,sales,gis,138.9
2015-06-01,occupation,sales,mrl,166.4
2015-06-01,occupation,sales,mwt,143.1
2015-06-01,occupation,sales,nld,114.1
2015-06-01,occupation,sales,otg,156.3
2015-06-01,occupation,sales,wai,131.5
2015-06-01,occupation,sales,wlg,136.5
2015-06-01,occupation,trades_and_technical,akl,262.5
2015-06-01,occupation,trades_and_technical,bop,229.0
2015-06-01,occupation,trades_and_technical,cant,336.8
2015-06-01,occupation,trades_and_technical,gis,134.1
2015-06-01,occupation,trades_and_technical,mrl,161.7
2015-06-01,occupation,trades_and_technical,mwt,179.5
2015-06-01,occupation,trades_and_technical,nld,162.7
2015-06-01,occupation,trades_and_technical,otg,224.3
2015-06-01,occupation,trades_and_technical,wai,217.1
2015-06-01,occupation,trades_and_technical,wlg,164.8
2015-06-01,skill_level,highly_skilled,akl,146.0
2015-06-01,skill_level,highly_skilled,bop,169.87
2015-06-01,skill_level,highly_skilled,cant,204.01
2015-06-01,skill_level,highly_skilled,gis,143.47
2015-06-01,skill_level,highly_skilled,mrl,141.69
2015-06-01,skill_level,highly_skilled,mwt,133.14
2015-06-01,skill_level,highly_skilled,nld,147.65
2015-06-01,skill_level,highly_skilled,otg,169.3
2015-06-01,skill_level,highly_skilled,wai,141.91
2015-06-01,skill_level,highly_skilled,wlg,110.57
2015-06-01,skill_level,low_skilled,akl,188.3
2015-06-01,skill_level,low_skilled,bop,175.65
2015-06-01,skill_level,low_skilled,cant,224.34
2015-06-01,skill_level,low_skilled,gis,136.33
2015-06-01,skill_level,low_skilled,mrl,145.46
2015-06-01,skill_level,low_skilled,mwt,172.85
2015-06-01,skill_level,low_skilled,nld,154.12
2015-06-01,skill_level,low_skilled,otg,181.22
2015-06-01,skill_level,low_skilled,wai,172.62
2015-06-01,skill_level,low_skilled,wlg,144.94
2015-06-01,skill_level,semi_skilled,akl,281.56
2015-06-01,skill_level,semi_skilled,bop,266.67
2015-06-01,skill_level,semi_skilled,cant,401.5
2015-06-01,skill_level,semi_skilled,gis,160.14
2015-06-01,skill_level,semi_skilled,mrl,210.17
2015-06-01,skill_level,semi_skilled,mwt,218.3
2015-06-01,skill_level,semi_skilled,nld,192.39
2015-06-01,skill_level,semi_skilled,otg,270.59
2015-06-01,skill_level,semi_skilled,wai,221.78
2015-06-01,skill_level,semi_skilled,wlg,211.22
2015-06-01,skill_level,skilled,akl,173.01
2015-06-01,skill_level,skilled,bop,127.56
2015-06-01,skill_level,skilled,cant,173.07
2015-06-01,skill_level,skilled,gis,90.85
2015-06-01,skill_level,skilled,mrl,82.8
2015-06-01,skill_level,skilled,mwt,87.91
2015-06-01,skill_level,skilled,nld,86.56
2015-06-01,skill_level,skilled,otg,119.7
2015-06-01,skill_level,skilled,wai,123.17
2015-06-01,skill_level,skilled,wlg,110.06
2015-06-01,skill_level,unskilled,akl,222.25
2015-06-01,skill_level,unskilled,bop,218.34
2015-06-01,skill_level,unskilled,cant,242.34
2015-06-01,skill_level,unskilled,gis,166.4
2015-06-01,skill_level,unskilled,mrl,174.16
2015-06-01,skill_level,unskilled,mwt,178.03
2015-06-01,skill_level,unskilled,nld,164.29
2015-06-01,skill_level,unskilled,otg,198.6
2015-06-01,skill_level,unskilled,wai,146.05
2015-06-01,skill_level,unskilled,wlg,185.46
2015-09-01,industry,accounting,akl,171.53
2015-09-01,industry,accounting,bop,227.17
2015-09-01,industry,accounting,cant,210.85
2015-09-01,industry,accounting,gis,202.13
2015-09-01,industry,accounting,mrl,139.66
2015-09-01,industry,accounting,mwt,188.39
2015-09-01,industry,accounting,nld,152.31
2015-09-01,industry,accounting,otg,181.16
2015-09-01,industry,accounting,wai,160.11
2015-09-01,industry,accounting,wlg,125.19
2015-09-01,industry,construction,akl,280.52
2015-09-01,industry,construction,bop,288.81
2015-09-01,industry,construction,cant,372.9
2015-09-01,industry,construction,gis,179.92
2015-09-01,industry,construction,mrl,176.27
2015-09-01,industry,construction,mwt,149.71
2015-09-01,industry,construction,nld,230.41
2015-09-01,industry,construction,otg,284.13
2015-09-01,industry,construction,wai,191.84
2015-09-01,industry,construction,wlg,198.79
2015-09-01,industry,education,akl,97.01
2015-09-01,industry,education,bop,58.69
2015-09-01,industry,education,cant,105.48
2015-09-01,industry,education,gis,56.73
2015-09-01,industry,education,mrl,55.65
2015-09-01,industry,education,mwt,77.51
2015-09-01,industry,education,nld,56.16
2015-09-01,industry,education,otg,67.51
2015-09-01,industry,education,wai,80.0
2015-09-01,industry,education,wlg,82.75
2015-09-01,industry,health,akl,142.29
2015-09-01,industry,health,bop,159.88
2015-09-01,industry,health,cant,200.76
2015-09-01,industry,health,gis,135.82
2015-09-01,industry,health,mrl,253.44
2015-09-01,industry,health,mwt,189.54
2015-09-01,industry,health,nld,141.55
2015-09-01,industry,health,otg,201.86
2015-09-01,industry,health,wai,179.55
2015-09-01,industry,health,wlg,140.17
2015-09-01,industry,hospitality,akl,223.93
2015-09-01,industry,hospitality,bop,156.16
2015-09-01,industry,hospitality,cant,172.93
2015-09-01,industry,hospitality,gis,160.0
2015-09-01,industry,hospitality,mrl,221.29
2015-09-01,industry,hospitality,mwt,170.68
2015-09-01,industry,hospitality,nld,194.83
2015-09-01,industry,hospitality,otg,269.51
2015-09-01,industry,hospitality,wai,161.16
2015-09-01,industry,hospitality,wlg,170.86
2015-09-01,industry,it,akl,107.07
2015-09-01,industry,it,bop,125.3
2015-09-01,industry,it,cant,143.17
2015-09-01,industry,it,gis,140.74
2015-09-01,industry,it,mrl,73.08
2015-09-01,industry,it,mwt,112.94
2015-09-01,industry,it,nld,114.29
2015-09-01,industry,it,otg,133.33
2015-09-01,industry,it,wai,109.05
2015-09-01,industry,it,wlg,82.07
2015-09-01,industry,manufacturing,akl,211.6
2015-09-01,industry,manufacturing,bop,225.13
2015-09-01,industry,manufacturing,cant,289.7
2015-09-01,industry,manufacturing,gis,141.94
2015-09-01,industry,manufacturing,mrl,231.52
2015-09-01,industry,manufacturing,mwt,186.52
2015-09-01,industry,manufacturing,nld,223.21
2015-09-01,industry,manufacturing,otg,221.25
2015-09-01,industry,manufacturing,wai,159.16
2015-09-01,industry,manufacturing,wlg,186.38
2015-09-01,industry,other,akl,284.78
2015-09-01,industry,other,bop,253.85
2015-09-01,industry,other,cant,335.81
2015-09-01,industry,other,gis,190.79
2015-09-01,industry,other,mrl,200.0
2015-09-01,industry,other,mwt,178.15
2015-09-01,industry,other,nld,508.82
2015-09-01,industry,other,otg,322.62
2015-09-01,industry,other,wai,212.7
2015-09-01,industry,other,wlg,143.74
2015-09-01,industry,primary,akl,160.54
2015-09-01,industry,primary,bop,293.18
2015-09-01,industry,primary,cant,243.21
2015-09-01,industry,primary,gis,214.29
2015-09-01,industry,primary,mrl,135.48
2015-09-01,industry,primary,mwt,200.0
2015-09-01,industry,primary,nld,158.97
2015-09-01,industry,primary,otg,235.78
2015-09-01,industry,primary,wai,224.21
2015-09-01,industry,primary,wlg,132.84
2015-09-01,industry,sales,akl,185.17
2015-09-01,industry,sales,bop,165.14
2015-09-01,industry,sales,cant,170.39
2015-09-01,industry,sales,gis,179.5
2015-09-01,industry,sales,mrl,154.46
2015-09-01,industry,sales,mwt,140.96
2015-09-01,industry,sales,nld,150.0
2015-09-01,industry,sales,otg,168.93
2015-09-01,industry,sales,wai,144.7
2015-09-01,industry,sales,wlg,129.89
2015-09-01,occupation,clerical_admin,akl,191.4
2015-09-01,occupation,clerical_admin,bop,208.9
2015-09-01,occupation,clerical_admin,cant,194.1
2015-09-01,occupation,clerical_admin,gis,197.3
2015-09-01,occupation,clerical_admin,mrl,184.7
2015-09-01,occupation,clerical_admin,mwt,164.6
2015-09-01,occupation,clerical_admin,nld,190.8
2015-09-01,occupation,clerical_admin,otg,200.5
2015-09-01,occupation,clerical_admin,wai,173.7
2015-09-01,occupation,clerical_admin,wlg,126.2
2015-09-01,occupation,community_services,akl,237.6
2015-09-01,occupation,community_services,bop,158.2
2015-09-01,occupation,community_services,cant,208.4
2015-09-01,occupation,community_services,gis,147.1
2015-09-01,occupation,community_services,mrl,201.0
2015-09-01,occupation,community_services,mwt,226.2
2015-09-01,occupation,community_services,nld,270.3
2015-09-01,occupation,community_services,otg,292.2
2015-09-01,occupation,community_services,wai,192.6
2015-09-01,occupation,community_services,wlg,175.7
2015-09-01,occupation,labourers,akl,309.0
2015-09-01,occupation,labourers,bop,337.8
2015-09-01,occupation,labourers,cant,329.4
2015-09-01,occupation,labourers,gis,185.1
2015-09-01,occupation,labourers,mrl,225.6
2015-09-01,occupation,labourers,mwt,251.2
2015-09-01,occupation,labourers,nld,209.5
2015-09-01,occupation,labourers,otg,252.6
2015-09-01,occupation,labourers,wai,224.3
2015-09-01,occupation,labourers,wlg,282.0
2015-09-01,occupation,machinery_drivers,akl,270.3
2015-09-01,occupation,machinery_drivers,bop,262.5
2015-09-01,occupation,machinery_drivers,cant,395.0
2015-09-01,occupation,machinery_drivers,gis,130.4
2015-09-01,occupation,machinery_drivers,mrl,149.6
2015-09-01,occupation,machinery_drivers,mwt,189.4
2015-09-01,occupation,machinery_drivers,nld,263.3
2015-09-01,occupation,machinery_drivers,otg,223.8
2015-09-01,occupation,machinery_drivers,wai,183.0
2015-09-01,occupation,machinery_drivers,wlg,212.6
2015-09-01,occupation,managers,akl,164.4
2015-09-01,occupation,managers,bop,167.1
2015-09-01,occupation,managers,cant,195.1
2015-09-01,occupation,managers,gis,185.1
2015-09-01,occupation,managers,mrl,138.6
2015-09-01,occupation,managers,mwt,143.8
2015-09-01,occupation,managers,nld,178.2
2015-09-01,occupation,managers,otg,178.0
2015-09-01,occupation,managers,wai,148.5
2015-09-01,occupation,managers,wlg,103.8
2015-09-01,occupation,professionals,akl,135.6
2015-09-01,occupation,professionals,bop,132.2
2015-09-01,occupation,professionals,cant,181.2
2015-09-01,occupation,professionals,gis,102.7
2015-09-01,occupation,professionals,mrl,107.8
2015-09-01,occupation,professionals,mwt,112.5
2015-09-01,occupation,professionals,nld,99.3
2015-09-01,occupation,professionals,otg,129.9
2015-09-01,occupation,professionals,wai,111.3
2015-09-01,occupation,professionals,wlg,106.7
2015-09-01,occupation,sales,akl,202.8
2015-09-01,occupation,sales,bop,173.2
2015-09-01,occupation,sales,cant,188.6
2015-09-01,occupation,sales,gis,165.1
2015-09-01,occupation,sales,mrl,178.4
2015-09-01,occupation,sales,mwt,147.5
2015-09-01,occupation,sales,nld,134.8
2015-09-01,occupation,sales,otg,192.3
2015-09-01,occupation,sales,wai,159.1
2015-09-01,occupation,sales,wlg,155.9
2015-09-01,occupation,trades_and_technical,akl,290.9
2015-09-01,occupation,trades_and_technical,bop,279.7
2015-09-01,occupation,trades_and_technical,cant,346.9
2015-09-01,occupation,trades_and_technical,gis,180.2
2015-09-01,occupation,trades_and_technical,mrl,191.6
2015-09-01,occupation,trades_and_technical,mwt,187.6
2015-09-01,occupation,trades_and_technical,nld,227.0
2015-09-01,occupation,trades_and_technical,otg,291.0
2015-09-01,occupation,trades_and_technical,wai,216.7
2015-09-01,occupation,trades_and_technical,wlg,174.1
2015-09-01,skill_level,highly_skilled,akl,148.29
2015-09-01,skill_level,highly_skilled,bop,171.93
2015-09-01,skill_level,highly_skilled,cant,200.48
2015-09-01,skill_level,highly_skilled,gis,155.03
2015-09-01,skill_level,highly_skilled,mrl,150.16
2015-09-01,skill_level,highly_skilled,mwt,148.49
2015-09-01,skill_level,highly_skilled,nld,155.68
2015-09-01,skill_level,highly_skilled,otg,173.08
2015-09-01,skill_level,highly_skilled,wai,138.56
2015-09-01,skill_level,highly_skilled,wlg,107.94
2015-09-01,skill_level,low_skilled,akl,203.39
2015-09-01,skill_level,low_skilled,bop,187.88
2015-09-01,skill_level,low_skilled,cant,230.16
2015-09-01,skill_level,low_skilled,gis,142.58
2015-09-01,skill_level,low_skilled,mrl,179.69
2015-09-01,skill_level,low_skilled,mwt,183.81
2015-09-01,skill_level,low_skilled,nld,198.23
2015-09-01,skill_level,low_skilled,otg,214.14
2015-09-01,skill_level,low_skilled,wai,175.36
2015-09-01,skill_level,low_skilled,wlg,154.55
2015-09-01,skill_level,semi_skilled,akl,311.84
2015-09-01,skill_level,semi_skilled,bop,326.77
2015-09-01,skill_level,semi_skilled,cant,418.48
2015-09-01,skill_level,semi_skilled,gis,195.27
2015-09-01,skill_level,semi_skilled,mrl,235.59
2015-09-01,skill_level,semi_skilled,mwt,225.89
2015-09-01,skill_level,semi_skilled,nld,245.65
2015-09-01,skill_level,semi_skilled,otg,338.73
2015-09-01,skill_level,semi_skilled,wai,246.86
2015-09-01,skill_level,semi_skilled,wlg,214.84
2015-09-01,skill_level,skilled,akl,187.79
2015-09-01,skill_level,skilled,bop,147.62
2015-09-01,skill_level,skilled,cant,185.09
2015-09-01,skill_level,skilled,gis,110.7
2015-09-01,skill_level,skilled,mrl,103.62
2015-09-01,skill_level,skilled,mwt,104.85
2015-09-01,skill_level,skilled,nld,92.24
2015-09-01,skill_level,skilled,otg,150.56
2015-09-01,skill_level,skilled,wai,126.33
2015-09-01,skill_level,skilled,wlg,115.87
2015-09-01,skill_level,unskilled,akl,254.62
2015-09-01,skill_level,unskilled,bop,230.06
2015-09-01,skill_level,unskilled,cant,243.5
2015-09-01,skill_level,unskilled,gis,196.0
2015-09-01,skill_level,unskilled,mrl,202.44
2015-09-01,skill_level,unskilled,mwt,190.29
2015-09-01,skill_level,unskilled,nld,202.86
2015-09-01,skill_level,unskilled,otg,234.42
2015-09-01,skill_level,unskilled,wai,171.71
2015-09-01,skill_level,unskilled,wlg,188.53
2015-12-01,industry,accounting,akl,139.01
2015-12-01,industry,accounting,bop,193.21
2015-12-01,industry,accounting,cant,169.99
2015-12-01,industry,accounting,gis,199.29
2015-12-01,industry,accounting,mrl,144.83
2015-12-01,industry,accounting,mwt,171.54
2015-12-01,industry,accounting,nld,121.54
2015-12-01,industry,accounting,otg,183.22
2015-12-01,industry,accounting,wai,137.81
2015-12-01,industry,accounting,wlg,120.91
2015-12-01,industry,construction,akl,247.26
2015-12-01,industry,construction,bop,289.04
2015-12-01,industry,construction,cant,337.34
2015-12-01,industry,construction,gis,167.8
2015-12-01,industry,construction,mrl,200.85
2015-12-01,industry,construction,mwt,134.29
2015-12-01,industry,construction,nld,216.22
2015-12-01,industry,construction,otg,296.73
2015-12-01,industry,construction,wai,174.4
2015-12-01,industry,construction,wlg,178.5
2015-12-01,industry,education,akl,112.96
2015-12-01,industry,education,bop,80.66
2015-12-01,industry,education,cant,103.35
2015-12-01,industry,education,gis,94.69
2015-12-01,industry,education,mrl,64.35
2015-12-01,industry,education,mwt,105.42
2015-12-01,industry,education,nld,99.09
2015-12-01,industry,education,otg,99.05
2015-12-01,industry,education,wai,90.97
2015-12-01,industry,education,wlg,89.47
2015-12-01,industry,health,akl,124.18
2015-12-01,industry,health,bop,143.4
2015-12-01,industry,health,cant,160.15
2015-12-01,industry,health,gis,129.19
2015-12-01,industry,health,mrl,243.87
2015-12-01,industry,health,mwt,154.49
2015-12-01,industry,health,nld,113.15
2015-12-01,industry,health,otg,182.59
2015-12-01,industry,health,wai,156.36
2015-12-01,industry,health,wlg,123.74
2015-12-01,industry,hospitality,akl,198.27
2015-12-01,industry,hospitality,bop,143.84
2015-12-01,industry,hospitality,cant,141.35
2015-12-01,industry,hospitality,gis,142.4
2015-12-01,industry,hospitality,mrl,209.03
2015-12-01,industry,hospitality,mwt,146.62
2015-12-01,industry,hospitality,nld,210.34
2015-12-01,industry,hospitality,otg,263.41
2015-12-01,industry,hospitality,wai,169.2
2015-12-01,industry,hospitality,wlg,135.43
2015-12-01,industry,it,akl,89.11
2015-12-01,industry,it,bop,146.99
2015-12-01,industry,it,cant,127.48
2015-12-01,industry,it,gis,118.52
2015-12-01,industry,it,mrl,103.85
2015-12-01,industry,it,mwt,101.18
2015-12-01,industry,it,nld,200.0
2015-12-01,industry,it,otg,111.83
2015-12-01,industry,it,wai,74.37
2015-12-01,industry,it,wlg,71.42
2015-12-01,industry,manufacturing,akl,193.99
2015-12-01,industry,manufacturing,bop,223.53
2015-12-01,industry,manufacturing,cant,272.65
2015-12-01,industry,manufacturing,gis,201.61
2015-12-01,industry,manufacturing,mrl,257.61
2015-12-01,industry,manufacturing,mwt,160.43
2015-12-01,industry,manufacturing,nld,200.0
2015-12-01,industry,manufacturing,otg,230.63
2015-12-01,industry,manufacturing,wai,148.55
2015-12-01,industry,manufacturing,wlg,185.29
2015-12-01,industry,other,akl,234.78
2015-12-01,industry,other,bop,244.23
2015-12-01,industry,other,cant,296.74
2015-12-01,industry,other,gis,178.95
2015-12-01,industry,other,mrl,232.89
2015-12-01,industry,other,mwt,161.59
2015-12-01,industry,other,nld,444.12
2015-12-01,industry,other,otg,321.43
2015-12-01,industry,other,wai,196.83
2015-12-01,industry,other,wlg,130.04
2015-12-01,industry,primary,akl,167.35
2015-12-01,industry,primary,bop,284.09
2015-12-01,industry,primary,cant,201.85
2015-12-01,industry,primary,gis,160.32
2015-12-01,industry,primary,mrl,170.97
2015-12-01,industry,primary,mwt,174.29
2015-12-01,industry,primary,nld,197.44
2015-12-01,industry,primary,otg,182.57
2015-12-01,industry,primary,wai,198.95
2015-12-01,industry,primary,wlg,123.88
2015-12-01,industry,sales,akl,149.04
2015-12-01,industry,sales,bop,155.41
2015-12-01,industry,sales,cant,138.91
2015-12-01,industry,sales,gis,124.0
2015-12-01,industry,sales,mrl,114.73
2015-12-01,industry,sales,mwt,124.58
2015-12-01,industry,sales,nld,145.38
2015-12-01,industry,sales,otg,152.15
2015-12-01,industry,sales,wai,121.67
2015-12-01,industry,sales,wlg,108.16
2015-12-01,occupation,clerical_admin,akl,148.0
2015-12-01,occupation,clerical_admin,bop,185.4
2015-12-01,occupation,clerical_admin,cant,147.0
2015-12-01,occupation,clerical_admin,gis,188.5
2015-12-01,occupation,clerical_admin,mrl,160.5
2015-12-01,occupation,clerical_admin,mwt,142.5
2015-12-01,occupation,clerical_admin,nld,163.5
2015-12-01,occupation,clerical_admin,otg,218.8
2015-12-01,occupation,clerical_admin,wai,141.9
2015-12-01,occupation,clerical_admin,wlg,112.8
2015-12-01,occupation,community_services,akl,204.3
2015-12-01,occupation,community_services,bop,136.6
2015-12-01,occupation,community_services,cant,160.4
2015-12-01,occupation,community_services,gis,134.6
2015-12-01,occupation,community_services,mrl,175.9
2015-12-01,occupation,community_services,mwt,180.2
2015-12-01,occupation,community_services,nld,222.2
2015-12-01,occupation,community_services,otg,284.4
2015-12-01,occupation,community_services,wai,174.7
2015-12-01,occupation,community_services,wlg,155.6
2015-12-01,occupation,labourers,akl,290.1
2015-12-01,occupation,labourers,bop,369.4
2015-12-01,occupation,labourers,cant,285.0
2015-12-01,occupation,labourers,gis,172.6
2015-12-01,occupation,labourers,mrl,268.6
2015-12-01,occupation,labourers,mwt,222.6
2015-12-01,occupation,labourers,nld,188.1
2015-12-01,occupation,labourers,otg,288.7
2015-12-01,occupation,labourers,wai,236.8
2015-12-01,occupation,labourers,wlg,261.0
2015-12-01,occupation,machinery_drivers,akl,256.3
2015-12-01,occupation,machinery_drivers,bop,274.0
2015-12-01,occupation,machinery_drivers,cant,374.7
2015-12-01,occupation,machinery_drivers,gis,140.6
2015-12-01,occupation,machinery_drivers,mrl,159.4
2015-12-01,occupation,machinery_drivers,mwt,152.9
2015-12-01,occupation,machinery_drivers,nld,253.3
2015-12-01,occupation,machinery_drivers,otg,212.9
2015-12-01,occupation,machinery_drivers,wai,148.5
2015-12-01,occupation,machinery_drivers,wlg,199.5
2015-12-01,occupation,managers,akl,140.9
2015-12-01,occupation,managers,bop,149.0
2015-12-01,occupation,managers,cant,177.1
2015-12-01,occupation,managers,gis,165.3
2015-12-01,occupation,managers,mrl,141.9
2015-12-01,occupation,managers,mwt,133.2
2015-12-01,occupation,managers,nld,161.4
2015-12-01,occupation,managers,otg,178.6
2015-12-01,occupation,managers,wai,123.0
2015-12-01,occupation,managers,wlg,91.8
2015-12-01,occupation,professionals,akl,122.4
2015-12-01,occupation,professionals,bop,143.4
2015-12-01,occupation,professionals,cant,163.9
2015-12-01,occupation,professionals,gis,114.4
2015-12-01,occupation,professionals,mrl,116.7
2015-12-01,occupation,professionals,mwt,115.3
2015-12-01,occupation,professionals,nld,108.0
2015-12-01,occupation,professionals,otg,135.9
2015-12-01,occupation,professionals,wai,103.1
2015-12-01,occupation,professionals,wlg,100.5
2015-12-01,occupation,sales,akl,158.1
2015-12-01,occupation,sales,bop,159.0
2015-12-01,occupation,sales,cant,166.4
2015-12-01,occupation,sales,gis,120.6
2015-12-01,occupation,sales,mrl,160.3
2015-12-01,occupation,sales,mwt,127.8
2015-12-01,occupation,sales,nld,110.9
2015-12-01,occupation,sales,otg,172.5
2015-12-01,occupation,sales,wai,147.7
2015-12-01,occupation,sales,wlg,126.8
2015-12-01,occupation,trades_and_technical,akl,248.5
2015-12-01,occupation,trades_and_technical,bop,271.2
2015-12-01,occupation,trades_and_technical,cant,293.0
2015-12-01,occupation,trades_and_technical,gis,166.9
2015-12-01,occupation,trades_and_technical,mrl,220.1
2015-12-01,occupation,trades_and_technical,mwt,162.5
2015-12-01,occupation,trades_and_technical,nld,240.5
2015-12-01,occupation,trades_and_technical,otg,274.0
2015-12-01,occupation,trades_and_technical,wai,200.6
2015-12-01,occupation,trades_and_technical,wlg,153.6
2015-12-01,skill_level,highly_skilled,akl,129.2
2015-12-01,skill_level,highly_skilled,bop,167.51
2015-12-01,skill_level,highly_skilled,cant,180.62
2015-12-01,skill_level,highly_skilled,gis,147.18
2015-12-01,skill_level,highly_skilled,mrl,151.89
2015-12-01,skill_level,highly_skilled,mwt,136.07
2015-12-01,skill_level,highly_skilled,nld,131.88
2015-12-01,skill_level,highly_skilled,otg,164.86
2015-12-01,skill_level,highly_skilled,wai,117.47
2015-12-01,skill_level,highly_skilled,wlg,97.95
2015-12-01,skill_level,low_skilled,akl,166.12
2015-12-01,skill_level,low_skilled,bop,180.87
2015-12-01,skill_level,low_skilled,cant,192.64
2015-12-01,skill_level,low_skilled,gis,136.93
2015-12-01,skill_level,low_skilled,mrl,172.72
2015-12-01,skill_level,low_skilled,mwt,159.35
2015-12-01,skill_level,low_skilled,nld,179.63
2015-12-01,skill_level,low_skilled,otg,211.6
2015-12-01,skill_level,low_skilled,wai,150.01
2015-12-01,skill_level,low_skilled,wlg,131.39
2015-12-01,skill_level,semi_skilled,akl,252.13
2015-12-01,skill_level,semi_skilled,bop,325.25
2015-12-01,skill_level,semi_skilled,cant,349.38
2015-12-01,skill_level,semi_skilled,gis,179.73
2015-12-01,skill_level,semi_skilled,mrl,244.92
2015-12-01,skill_level,semi_skilled,mwt,201.08
2015-12-01,skill_level,semi_skilled,nld,219.57
2015-12-01,skill_level,semi_skilled,otg,303.92
2015-12-01,skill_level,semi_skilled,wai,217.82
2015-12-01,skill_level,semi_skilled,wlg,191.95
2015-12-01,skill_level,skilled,akl,169.81
2015-12-01,skill_level,skilled,bop,142.16
2015-12-01,skill_level,skilled,cant,159.17
2015-12-01,skill_level,skilled,gis,117.69
2015-12-01,skill_level,skilled,mrl,117.42
2015-12-01,skill_level,skilled,mwt,107.14
2015-12-01,skill_level,skilled,nld,136.02
2015-12-01,skill_level,skilled,otg,170.26
2015-12-01,skill_level,skilled,wai,125.7
2015-12-01,skill_level,skilled,wlg,113.76
2015-12-01,skill_level,unskilled,akl,219.89
2015-12-01,skill_level,unskilled,bop,233.97
2015-12-01,skill_level,unskilled,cant,206.42
2015-12-01,skill_level,unskilled,gis,172.8
2015-12-01,skill_level,unskilled,mrl,211.37
2015-12-01,skill_level,unskilled,mwt,148.72
2015-12-01,skill_level,unskilled,nld,147.14
2015-12-01,skill_level,unskilled,otg,250.7
2015-12-01,skill_level,unskilled,wai,175.99
2015-12-01,skill_level,unskilled,wlg,167.03
2016-03-01,industry,accounting,akl,170.97
2016-03-01,industry,accounting,bop,248.3
2016-03-01,industry,accounting,cant,200.8
2016-03-01,industry,accounting,gis,246.81
2016-03-01,industry,accounting,mrl,208.62
2016-03-01,industry,accounting,mwt,202.62
2016-03-01,industry,accounting,nld,145.38
2016-03-01,industry,accounting,otg,236.3
2016-03-01,industry,accounting,wai,168.24
2016-03-01,industry,accounting,wlg,140.71
2016-03-01,industry,construction,akl,308.94
2016-03-01,industry,construction,bop,343.61
2016-03-01,industry,construction,cant,352.35
2016-03-01,industry,construction,gis,204.17
2016-03-01,industry,construction,mrl,232.63
2016-03-01,industry,construction,mwt,160.76
2016-03-01,industry,construction,nld,250.68
2016-03-01,industry,construction,otg,309.32
2016-03-01,industry,construction,wai,225.46
2016-03-01,industry,construction,wlg,216.88
2016-03-01,industry,education,akl,103.38
2016-03-01,industry,education,bop,66.56
2016-03-01,industry,education,cant,88.13
2016-03-01,industry,education,gis,66.94
2016-03-01,industry,education,mrl,50.43
2016-03-01,industry,education,mwt,67.48
2016-03-01,industry,education,nld,41.55
2016-03-01,industry,education,otg,57.1
2016-03-01,industry,education,wai,74.19
2016-03-01,industry,education,wlg,82.89
2016-03-01,industry,health,akl,136.57
2016-03-01,industry,health,bop,157.82
2016-03-01,industry,health,cant,175.62
2016-03-01,industry,health,gis,138.72
2016-03-01,industry,health,mrl,232.04
2016-03-01,industry,health,mwt,183.37
2016-03-01,industry,health,nld,121.76
2016-03-01,industry,health,otg,168.14
2016-03-01,industry,health,wai,158.35
2016-03-01,industry,health,wlg,143.95
2016-03-01,industry,hospitality,akl,241.38
2016-03-01,industry,hospitality,bop,205.91
2016-03-01,industry,hospitality,cant,169.02
2016-03-01,industry,hospitality,gis,172.8
2016-03-01,industry,hospitality,mrl,194.19
2016-03-01,industry,hospitality,mwt,187.22
2016-03-01,industry,hospitality,nld,196.55
2016-03-01,industry,hospitality,otg,260.57
2016-03-01,industry,hospitality,wai,195.54
2016-03-01,industry,hospitality,wlg,201.71
2016-03-01,industry,it,akl,98.14
2016-03-01,industry,it,bop,140.96
2016-03-01,industry,it,cant,127.33
2016-03-01,industry,it,gis,122.22
2016-03-01,industry,it,mrl,53.85
2016-03-01,industry,it,mwt,105.88
2016-03-01,industry,it,nld,192.86
2016-03-01,industry,it,otg,166.67
2016-03-01,industry,it,wai,91.96
2016-03-01,industry,it,wlg,77.84
2016-03-01,industry,manufacturing,akl,221.16
2016-03-01,industry,manufacturing,bop,317.65
2016-03-01,industry,manufacturing,cant,273.18
2016-03-01,industry,manufacturing,gis,238.71
2016-03-01,industry,manufacturing,mrl,264.13
2016-03-01,industry,manufacturing,mwt,186.96
2016-03-01,industry,manufacturing,nld,291.07
2016-03-01,industry,manufacturing,otg,219.38
2016-03-01,industry,manufacturing,wai,175.24
2016-03-01,industry,manufacturing,wlg,237.6
2016-03-01,industry,other,akl,294.84
2016-03-01,industry,other,bop,322.12
2016-03-01,industry,other,cant,346.05
2016-03-01,industry,other,gis,228.95
2016-03-01,industry,other,mrl,246.05
2016-03-01,industry,other,mwt,186.09
2016-03-01,industry,other,nld,497.06
2016-03-01,industry,other,otg,379.76
2016-03-01,industry,other,wai,234.39
2016-03-01,industry,other,wlg,152.7
2016-03-01,industry,primary,akl,217.01
2016-03-01,industry,primary,bop,418.18
2016-03-01,industry,primary,cant,219.75
2016-03-01,industry,primary,gis,231.75
2016-03-01,industry,primary,mrl,145.16
2016-03-01,industry,primary,mwt,185.71
2016-03-01,industry,primary,nld,248.72
2016-03-01,industry,primary,otg,165.14
2016-03-01,industry,primary,wai,255.79
2016-03-01,industry,primary,wlg,180.6
2016-03-01,industry,sales,akl,181.11
2016-03-01,industry,sales,bop,189.73
2016-03-01,industry,sales,cant,171.55
2016-03-01,industry,sales,gis,196.0
2016-03-01,industry,sales,mrl,176.79
2016-03-01,industry,sales,mwt,136.14
2016-03-01,industry,sales,nld,173.85
2016-03-01,industry,sales,otg,187.53
2016-03-01,industry,sales,wai,141.67
2016-03-01,industry,sales,wlg,129.06
2016-03-01,occupation,clerical_admin,akl,187.8
2016-03-01,occupation,clerical_admin,bop,239.7
2016-03-01,occupation,clerical_admin,cant,183.1
2016-03-01,occupation,clerical_admin,gis,247.8
2016-03-01,occupation,clerical_admin,mrl,241.2
2016-03-01,occupation,clerical_admin,mwt,168.7
2016-03-01,occupation,clerical_admin,nld,216.9
2016-03-01,occupation,clerical_admin,otg,255.9
2016-03-01,occupation,clerical_admin,wai,174.7
2016-03-01,occupation,clerical_admin,wlg,138.8
2016-03-01,occupation,community_services,akl,253.4
2016-03-01,occupation,community_services,bop,194.9
2016-03-01,occupation,community_services,cant,190.0
2016-03-01,occupation,community_services,gis,177.9
2016-03-01,occupation,community_services,mrl,214.7
2016-03-01,occupation,community_services,mwt,230.2
2016-03-01,occupation,community_services,nld,252.3
2016-03-01,occupation,community_services,otg,299.4
2016-03-01,occupation,community_services,wai,233.2
2016-03-01,occupation,community_services,wlg,201.8
2016-03-01,occupation,labourers,akl,358.5
2016-03-01,occupation,labourers,bop,495.9
2016-03-01,occupation,labourers,cant,294.7
2016-03-01,occupation,labourers,gis,202.6
2016-03-01,occupation,labourers,mrl,289.5
2016-03-01,occupation,labourers,mwt,285.7
2016-03-01,occupation,labourers,nld,328.6
2016-03-01,occupation,labourers,otg,333.0
2016-03-01,occupation,labourers,wai,315.4
2016-03-01,occupation,labourers,wlg,324.5
2016-03-01,occupation,machinery_drivers,akl,305.2
2016-03-01,occupation,machinery_drivers,bop,361.5
2016-03-01,occupation,machinery_drivers,cant,368.3
2016-03-01,occupation,machinery_drivers,gis,218.8
2016-03-01,occupation,machinery_drivers,mrl,188.9
2016-03-01,occupation,machinery_drivers,mwt,208.7
2016-03-01,occupation,machinery_drivers,nld,356.7
2016-03-01,occupation,machinery_drivers,otg,219.8
2016-03-01,occupation,machinery_drivers,wai,204.7
2016-03-01,occupation,machinery_drivers,wlg,278.4
2016-03-01,occupation,managers,akl,168.4
2016-03-01,occupation,managers,bop,171.4
2016-03-01,occupation,managers,cant,200.6
2016-03-01,occupation,managers,gis,227.2
2016-03-01,occupation,managers,mrl,175.0
2016-03-01,occupation,managers,mwt,142.6
2016-03-01,occupation,managers,nld,207.9
2016-03-01,occupation,managers,otg,196.7
2016-03-01,occupation,managers,wai,152.1
2016-03-01,occupation,managers,wlg,107.7
2016-03-01,occupation,professionals,akl,136.2
2016-03-01,occupation,professionals,bop,147.1
2016-03-01,occupation,professionals,cant,165.4
2016-03-01,occupation,professionals,gis,109.0
2016-03-01,occupation,professionals,mrl,105.6
2016-03-01,occupation,professionals,mwt,105.3
2016-03-01,occupation,professionals,nld,82.9
2016-03-01,occupation,professionals,otg,135.5
2016-03-01,occupation,professionals,wai,109.4
2016-03-01,occupation,professionals,wlg,110.3
2016-03-01,occupation,sales,akl,190.8
2016-03-01,occupation,sales,bop,203.8
2016-03-01,occupation,sales,cant,191.0
2016-03-01,occupation,sales,gis,172.2
2016-03-01,occupation,sales,mrl,194.8
2016-03-01,occupation,sales,mwt,155.9
2016-03-01,occupation,sales,nld,137.0
2016-03-01,occupation,sales,otg,198.2
2016-03-01,occupation,sales,wai,160.1
2016-03-01,occupation,sales,wlg,141.1
2016-03-01,occupation,trades_and_technical,akl,310.1
2016-03-01,occupation,trades_and_technical,bop,336.4
2016-03-01,occupation,trades_and_technical,cant,336.6
2016-03-01,occupation,trades_and_technical,gis,204.4
2016-03-01,occupation,trades_and_technical,mrl,211.2
2016-03-01,occupation,trades_and_technical,mwt,198.4
2016-03-01,occupation,trades_and_technical,nld,227.8
2016-03-01,occupation,trades_and_technical,otg,280.9
2016-03-01,occupation,trades_and_technical,wai,241.2
2016-03-01,occupation,trades_and_technical,wlg,199.5
2016-03-01,skill_level,highly_skilled,akl,151.75
2016-03-01,skill_level,highly_skilled,bop,194.01
2016-03-01,skill_level,highly_skilled,cant,196.7
2016-03-01,skill_level,highly_skilled,gis,177.27
2016-03-01,skill_level,highly_skilled,mrl,159.05
2016-03-01,skill_level,highly_skilled,mwt,151.78
2016-03-01,skill_level,highly_skilled,nld,144.5
2016-03-01,skill_level,highly_skilled,otg,187.44
2016-03-01,skill_level,highly_skilled,wai,143.73
2016-03-01,skill_level,highly_skilled,wlg,112.75
2016-03-01,skill_level,low_skilled,akl,205.89
2016-03-01,skill_level,low_skilled,bop,246.64
2016-03-01,skill_level,low_skilled,cant,217.73
2016-03-01,skill_level,low_skilled,gis,185.45
2016-03-01,skill_level,low_skilled,mrl,222.79
2016-03-01,skill_level,low_skilled,mwt,198.56
2016-03-01,skill_level,low_skilled,nld,243.41
2016-03-01,skill_level,low_skilled,otg,232.7
2016-03-01,skill_level,low_skilled,wai,204.13
2016-03-01,skill_level,low_skilled,wlg,167.08
2016-03-01,skill_level,semi_skilled,akl,344.18
2016-03-01,skill_level,semi_skilled,bop,395.96
2016-03-01,skill_level,semi_skilled,cant,401.33
2016-03-01,skill_level,semi_skilled,gis,245.27
2016-03-01,skill_level,semi_skilled,mrl,258.47
2016-03-01,skill_level,semi_skilled,mwt,240.58
2016-03-01,skill_level,semi_skilled,nld,226.09
2016-03-01,skill_level,semi_skilled,otg,344.12
2016-03-01,skill_level,semi_skilled,wai,273.93
2016-03-01,skill_level,semi_skilled,wlg,248.57
2016-03-01,skill_level,skilled,akl,183.45
2016-03-01,skill_level,skilled,bop,149.37
2016-03-01,skill_level,skilled,cant,166.23
2016-03-01,skill_level,skilled,gis,113.21
2016-03-01,skill_level,skilled,mrl,113.91
2016-03-01,skill_level,skilled,mwt,93.4
2016-03-01,skill_level,skilled,nld,96.59
2016-03-01,skill_level,skilled,otg,147.96
2016-03-01,skill_level,skilled,wai,120.51
2016-03-01,skill_level,skilled,wlg,124.06
2016-03-01,skill_level,unskilled,akl,267.7
2016-03-01,skill_level,unskilled,bop,308.21
2016-03-01,skill_level,unskilled,cant,226.28
2016-03-01,skill_level,unskilled,gis,200.8
2016-03-01,skill_level,unskilled,mrl,234.45
2016-03-01,skill_level,unskilled,mwt,190.83
2016-03-01,skill_level,unskilled,nld,211.43
2016-03-01,skill_level,unskilled,otg,275.81
2016-03-01,skill_level,unskilled,wai,187.83
2016-03-01,skill_level,unskilled,wlg,209.18
2016-06-01,industry,accounting,akl,191.03
2016-06-01,industry,accounting,bop,275.47
2016-06-01,industry,accounting,cant,205.03
2016-06-01,industry,accounting,gis,261.7
2016-06-01,industry,accounting,mrl,205.75
2016-06-01,industry,accounting,mwt,212.36
2016-06-01,industry,accounting,nld,156.15
2016-06-01,industry,accounting,otg,235.62
2016-06-01,industry,accounting,wai,206.81
2016-06-01,industry,accounting,wlg,156.59
2016-06-01,industry,construction,akl,330.37
2016-06-01,industry,construction,bop,373.29
2016-06-01,industry,construction,cant,361.53
2016-06-01,industry,construction,gis,198.11
2016-06-01,industry,construction,mrl,236.44
2016-06-01,industry,construction,mwt,170.1
2016-06-01,industry,construction,nld,275.68
2016-06-01,industry,construction,otg,333.0
2016-06-01,industry,construction,wai,242.33
2016-06-01,industry,construction,wlg,241.56
2016-06-01,industry,education,akl,110.31
2016-06-01,industry,education,bop,68.52
2016-06-01,industry,education,cant,90.41
2016-06-01,industry,education,gis,62.86
2016-06-01,industry,education,mrl,53.04
2016-06-01,industry,education,mwt,66.4
2016-06-01,industry,education,nld,57.08
2016-06-01,industry,education,otg,61.83
2016-06-01,industry,education,wai,73.98
2016-06-01,industry,education,wlg,82.31
2016-06-01,industry,health,akl,147.36
2016-06-01,industry,health,bop,212.21
2016-06-01,industry,health,cant,186.17
2016-06-01,industry,health,gis,148.24
2016-06-01,industry,health,mrl,244.43
2016-06-01,industry,health,mwt,189.21
2016-06-01,industry,health,nld,138.1
2016-06-01,industry,health,otg,221.56
2016-06-01,industry,health,wai,173.56
2016-06-01,industry,health,wlg,149.62
2016-06-01,industry,hospitality,akl,233.86
2016-06-01,industry,hospitality,bop,166.01
2016-06-01,industry,hospitality,cant,155.04
2016-06-01,industry,hospitality,gis,128.8
2016-06-01,industry,hospitality,mrl,140.65
2016-06-01,industry,hospitality,mwt,190.98
2016-06-01,industry,hospitality,nld,187.93
2016-06-01,industry,hospitality,otg,206.91
2016-06-01,industry,hospitality,wai,153.57
2016-06-01,industry,hospitality,wlg,174.86
2016-06-01,industry,it,akl,112.63
2016-06-01,industry,it,bop,126.51
2016-06-01,industry,it,cant,130.12
2016-06-01,industry,it,gis,181.48
2016-06-01,industry,it,mrl,138.46
2016-06-01,industry,it,mwt,137.65
2016-06-01,industry,it,nld,200.0
2016-06-01,industry,it,otg,137.63
2016-06-01,industry,it,wai,118.09
2016-06-01,industry,it,wlg,83.52
2016-06-01,industry,manufacturing,akl,254.94
2016-06-01,industry,manufacturing,bop,343.85
2016-06-01,industry,manufacturing,cant,255.6
2016-06-01,industry,manufacturing,gis,239.52
2016-06-01,industry,manufacturing,mrl,263.04
2016-06-01,industry,manufacturing,mwt,181.3
2016-06-01,industry,manufacturing,nld,280.36
2016-06-01,industry,manufacturing,otg,243.75
2016-06-01,industry,manufacturing,wai,201.61
2016-06-01,industry,manufacturing,wlg,205.72
2016-06-01,industry,other,akl,299.46
2016-06-01,industry,other,bop,359.62
2016-06-01,industry,other,cant,353.49
2016-06-01,industry,other,gis,221.05
2016-06-01,industry,other,mrl,255.26
2016-06-01,industry,other,mwt,213.25
2016-06-01,industry,other,nld,485.29
2016-06-01,industry,other,otg,367.86
2016-06-01,industry,other,wai,251.32
2016-06-01,industry,other,wlg,174.97
2016-06-01,industry,primary,akl,197.96
2016-06-01,industry,primary,bop,370.45
2016-06-01,industry,primary,cant,217.9
2016-06-01,industry,primary,gis,238.1
2016-06-01,industry,primary,mrl,191.4
2016-06-01,industry,primary,mwt,230.0
2016-06-01,industry,primary,nld,271.79
2016-06-01,industry,primary,otg,177.06
2016-06-01,industry,primary,wai,330.53
2016-06-01,industry,primary,wlg,155.22
2016-06-01,industry,sales,akl,191.52
2016-06-01,industry,sales,bop,171.35
2016-06-01,industry,sales,cant,157.44
2016-06-01,industry,sales,gis,173.5
2016-06-01,industry,sales,mrl,157.59
2016-06-01,industry,sales,mwt,132.05
2016-06-01,industry,sales,nld,155.38
2016-06-01,industry,sales,otg,178.68
2016-06-01,industry,sales,wai,144.55
2016-06-01,industry,sales,wlg,129.83
2016-06-01,occupation,clerical_admin,akl,204.6
2016-06-01,occupation,clerical_admin,bop,258.9
2016-06-01,occupation,clerical_admin,cant,189.2
2016-06-01,occupation,clerical_admin,gis,271.7
2016-06-01,occupation,clerical_admin,mrl,214.1
2016-06-01,occupation,clerical_admin,mwt,177.3
2016-06-01,occupation,clerical_admin,nld,227.1
2016-06-01,occupation,clerical_admin,otg,246.5
2016-06-01,occupation,clerical_admin,wai,219.9
2016-06-01,occupation,clerical_admin,wlg,152.7
2016-06-01,occupation,community_services,akl,264.0
2016-06-01,occupation,community_services,bop,182.2
2016-06-01,occupation,community_services,cant,183.1
2016-06-01,occupation,community_services,gis,164.7
2016-06-01,occupation,community_services,mrl,207.1
2016-06-01,occupation,community_services,mwt,242.4
2016-06-01,occupation,community_services,nld,271.8
2016-06-01,occupation,community_services,otg,268.8
2016-06-01,occupation,community_services,wai,193.1
2016-06-01,occupation,community_services,wlg,192.1
2016-06-01,occupation,labourers,akl,398.2
2016-06-01,occupation,labourers,bop,525.5
2016-06-01,occupation,labourers,cant,280.9
2016-06-01,occupation,labourers,gis,208.9
2016-06-01,occupation,labourers,mrl,266.0
2016-06-01,occupation,labourers,mwt,291.7
2016-06-01,occupation,labourers,nld,271.4
2016-06-01,occupation,labourers,otg,310.3
2016-06-01,occupation,labourers,wai,337.5
2016-06-01,occupation,labourers,wlg,343.6
2016-06-01,occupation,machinery_drivers,akl,344.5
2016-06-01,occupation,machinery_drivers,bop,417.7
2016-06-01,occupation,machinery_drivers,cant,315.7
2016-06-01,occupation,machinery_drivers,gis,182.6
2016-06-01,occupation,machinery_drivers,mrl,180.3
2016-06-01,occupation,machinery_drivers,mwt,173.1
2016-06-01,occupation,machinery_drivers,nld,290.0
2016-06-01,occupation,machinery_drivers,otg,200.0
2016-06-01,occupation,machinery_drivers,wai,212.3
2016-06-01,occupation,machinery_drivers,wlg,246.8
2016-06-01,occupation,managers,akl,184.6
2016-06-01,occupation,managers,bop,201.8
2016-06-01,occupation,managers,cant,205.5
2016-06-01,occupation,managers,gis,201.4
2016-06-01,occupation,managers,mrl,181.6
2016-06-01,occupation,managers,mwt,145.0
2016-06-01,occupation,managers,nld,202.0
2016-06-01,occupation,managers,otg,214.4
2016-06-01,occupation,managers,wai,165.5
2016-06-01,occupation,managers,wlg,119.8
2016-06-01,occupation,professionals,akl,149.8
2016-06-01,occupation,professionals,bop,159.1
2016-06-01,occupation,professionals,cant,169.8
2016-06-01,occupation,professionals,gis,113.0
2016-06-01,occupation,professionals,mrl,110.1
2016-06-01,occupation,professionals,mwt,109.3
2016-06-01,occupation,professionals,nld,98.2
2016-06-01,occupation,professionals,otg,137.2
2016-06-01,occupation,professionals,wai,127.0
2016-06-01,occupation,professionals,wlg,119.2
2016-06-01,occupation,sales,akl,207.9
2016-06-01,occupation,sales,bop,192.3
2016-06-01,occupation,sales,cant,162.3
2016-06-01,occupation,sales,gis,167.5
2016-06-01,occupation,sales,mrl,181.9
2016-06-01,occupation,sales,mwt,148.5
2016-06-01,occupation,sales,nld,119.6
2016-06-01,occupation,sales,otg,180.6
2016-06-01,occupation,sales,wai,164.9
2016-06-01,occupation,sales,wlg,142.6
2016-06-01,occupation,trades_and_technical,akl,316.7
2016-06-01,occupation,trades_and_technical,bop,348.0
2016-06-01,occupation,trades_and_technical,cant,347.3
2016-06-01,occupation,trades_and_technical,gis,197.0
2016-06-01,occupation,trades_and_technical,mrl,216.4
2016-06-01,occupation,trades_and_technical,mwt,219.7
2016-06-01,occupation,trades_and_technical,nld,268.3
2016-06-01,occupation,trades_and_technical,otg,316.5
2016-06-01,occupation,trades_and_technical,wai,254.1
2016-06-01,occupation,trades_and_technical,wlg,195.0
2016-06-01,skill_level,highly_skilled,akl,166.78
2016-06-01,skill_level,highly_skilled,bop,213.29
2016-06-01,skill_level,highly_skilled,cant,200.85
2016-06-01,skill_level,highly_skilled,gis,169.64
2016-06-01,skill_level,highly_skilled,mrl,177.5
2016-06-01,skill_level,highly_skilled,mwt,153.85
2016-06-01,skill_level,highly_skilled,nld,157.97
2016-06-01,skill_level,highly_skilled,otg,198.93
2016-06-01,skill_level,highly_skilled,wai,165.69
2016-06-01,skill_level,highly_skilled,wlg,123.77
2016-06-01,skill_level,low_skilled,akl,224.38
2016-06-01,skill_level,low_skilled,bop,253.45
2016-06-01,skill_level,low_skilled,cant,202.46
2016-06-01,skill_level,low_skilled,gis,178.6
2016-06-01,skill_level,low_skilled,mrl,208.21
2016-06-01,skill_level,low_skilled,mwt,194.35
2016-06-01,skill_level,low_skilled,nld,215.77
2016-06-01,skill_level,low_skilled,otg,211.39
2016-06-01,skill_level,low_skilled,wai,210.84
2016-06-01,skill_level,low_skilled,wlg,167.44
2016-06-01,skill_level,semi_skilled,akl,353.69
2016-06-01,skill_level,semi_skilled,bop,429.8
2016-06-01,skill_level,semi_skilled,cant,407.39
2016-06-01,skill_level,semi_skilled,gis,243.92
2016-06-01,skill_level,semi_skilled,mrl,283.05
2016-06-01,skill_level,semi_skilled,mwt,253.75
2016-06-01,skill_level,semi_skilled,nld,281.52
2016-06-01,skill_level,semi_skilled,otg,397.55
2016-06-01,skill_level,semi_skilled,wai,282.51
2016-06-01,skill_level,semi_skilled,wlg,245.76
2016-06-01,skill_level,skilled,akl,194.45
2016-06-01,skill_level,skilled,bop,155.21
2016-06-01,skill_level,skilled,cant,174.65
2016-06-01,skill_level,skilled,gis,111.82
2016-06-01,skill_level,skilled,mrl,97.07
2016-06-01,skill_level,skilled,mwt,102.25
2016-06-01,skill_level,skilled,nld,108.62
2016-06-01,skill_level,skilled,otg,153.53
2016-06-01,skill_level,skilled,wai,131.01
2016-06-01,skill_level,skilled,wlg,129.86
2016-06-01,skill_level,unskilled,akl,292.45
2016-06-01,skill_level,unskilled,bop,318.96
2016-06-01,skill_level,unskilled,cant,212.41
2016-06-01,skill_level,unskilled,gis,212.8
2016-06-01,skill_level,unskilled,mrl,207.65
2016-06-01,skill_level,unskilled,mwt,205.75
2016-06-01,skill_level,unskilled,nld,204.29
2016-06-01,skill_level,unskilled,otg,238.6
2016-06-01,skill_level,unskilled,wai,202.63
2016-06-01,skill_level,unskilled,wlg,209.86
2016-09-01,industry,accounting,akl,186.66
2016-09-01,industry,accounting,bop,295.47
2016-09-01,industry,accounting,cant,197.05
2016-09-01,industry,accounting,gis,269.5
2016-09-01,industry,accounting,mrl,215.52
2016-09-01,industry,accounting,mwt,201.12
2016-09-01,industry,accounting,nld,146.15
2016-09-01,industry,accounting,otg,233.9
2016-09-01,industry,accounting,wai,205.1
2016-09-01,industry,accounting,wlg,157.79
2016-09-01,industry,construction,akl,338.91
2016-09-01,industry,construction,bop,414.38
2016-09-01,industry,construction,cant,378.85
2016-09-01,industry,construction,gis,214.39
2016-09-01,industry,construction,mrl,258.05
2016-09-01,industry,construction,mwt,181.52
2016-09-01,industry,construction,nld,290.54
2016-09-01,industry,construction,otg,369.52
2016-09-01,industry,construction,wai,279.18
2016-09-01,industry,construction,wlg,236.79
2016-09-01,industry,education,akl,119.89
2016-09-01,industry,education,bop,80.0
2016-09-01,industry,education,cant,116.74
2016-09-01,industry,education,gis,75.1
2016-09-01,industry,education,mrl,56.52
2016-09-01,industry,education,mwt,84.01
2016-09-01,industry,education,nld,64.84
2016-09-01,industry,education,otg,82.33
2016-09-01,industry,education,wai,86.24
2016-09-01,industry,education,wlg,85.09
2016-09-01,industry,health,akl,146.25
2016-09-01,industry,health,bop,213.45
2016-09-01,industry,health,cant,199.0
2016-09-01,industry,health,gis,175.16
2016-09-01,industry,health,mrl,270.9
2016-09-01,industry,health,mwt,210.31
2016-09-01,industry,health,nld,156.17
2016-09-01,industry,health,otg,233.39
2016-09-01,industry,health,wai,182.04
2016-09-01,industry,health,wlg,152.1
2016-09-01,industry,hospitality,akl,279.76
2016-09-01,industry,hospitality,bop,231.03
2016-09-01,industry,hospitality,cant,181.65
2016-09-01,industry,hospitality,gis,202.4
2016-09-01,industry,hospitality,mrl,263.23
2016-09-01,industry,hospitality,mwt,212.03
2016-09-01,industry,hospitality,nld,279.31
2016-09-01,industry,hospitality,otg,308.13
2016-09-01,industry,hospitality,wai,227.68
2016-09-01,industry,hospitality,wlg,208.76
2016-09-01,industry,it,akl,114.22
2016-09-01,industry,it,bop,136.14
2016-09-01,industry,it,cant,131.06
2016-09-01,industry,it,gis,200.0
2016-09-01,industry,it,mrl,134.62
2016-09-01,industry,it,mwt,165.88
2016-09-01,industry,it,nld,150.0
2016-09-01,industry,it,otg,158.06
2016-09-01,industry,it,wai,100.0
2016-09-01,industry,it,wlg,83.2
2016-09-01,industry,manufacturing,akl,264.4
2016-09-01,industry,manufacturing,bop,356.68
2016-09-01,industry,manufacturing,cant,277.98
2016-09-01,industry,manufacturing,gis,234.68
2016-09-01,industry,manufacturing,mrl,308.7
2016-09-01,industry,manufacturing,mwt,192.17
2016-09-01,industry,manufacturing,nld,307.14
2016-09-01,industry,manufacturing,otg,273.13
2016-09-01,industry,manufacturing,wai,254.34
2016-09-01,industry,manufacturing,wlg,200.0
2016-09-01,industry,other,akl,311.68
2016-09-01,industry,other,bop,396.15
2016-09-01,industry,other,cant,380.47
2016-09-01,industry,other,gis,247.37
2016-09-01,industry,other,mrl,336.84
2016-09-01,industry,other,mwt,243.05
2016-09-01,industry,other,nld,594.12
2016-09-01,industry,other,otg,404.76
2016-09-01,industry,other,wai,272.49
2016-09-01,industry,other,wlg,186.56
2016-09-01,industry,primary,akl,226.53
2016-09-01,industry,primary,bop,509.09
2016-09-01,industry,primary,cant,231.48
2016-09-01,industry,primary,gis,311.11
2016-09-01,industry,primary,mrl,186.02
2016-09-01,industry,primary,mwt,254.29
2016-09-01,industry,primary,nld,266.67
2016-09-01,industry,primary,otg,249.54
2016-09-01,industry,primary,wai,332.63
2016-09-01,industry,primary,wlg,164.18
2016-09-01,industry,sales,akl,206.32
2016-09-01,industry,sales,bop,230.0
2016-09-01,industry,sales,cant,176.82
2016-09-01,industry,sales,gis,183.5
2016-09-01,industry,sales,mrl,190.18
2016-09-01,industry,sales,mwt,154.94
2016-09-01,industry,sales,nld,143.08
2016-09-01,industry,sales,otg,211.34
2016-09-01,industry,sales,wai,163.18
2016-09-01,industry,sales,wlg,145.25
2016-09-01,occupation,clerical_admin,akl,208.8
2016-09-01,occupation,clerical_admin,bop,270.9
2016-09-01,occupation,clerical_admin,cant,185.0
2016-09-01,occupation,clerical_admin,gis,266.4
2016-09-01,occupation,clerical_admin,mrl,253.6
2016-09-01,occupation,clerical_admin,mwt,181.0
2016-09-01,occupation,clerical_admin,nld,222.6
2016-09-01,occupation,clerical_admin,otg,269.0
2016-09-01,occupation,clerical_admin,wai,217.3
2016-09-01,occupation,clerical_admin,wlg,149.9
2016-09-01,occupation,community_services,akl,272.8
2016-09-01,occupation,community_services,bop,224.9
2016-09-01,occupation,community_services,cant,213.2
2016-09-01,occupation,community_services,gis,189.0
2016-09-01,occupation,community_services,mrl,292.4
2016-09-01,occupation,community_services,mwt,240.7
2016-09-01,occupation,community_services,nld,300.3
2016-09-01,occupation,community_services,otg,331.8
2016-09-01,occupation,community_services,wai,231.3
2016-09-01,occupation,community_services,wlg,212.8
2016-09-01,occupation,labourers,akl,407.1
2016-09-01,occupation,labourers,bop,558.2
2016-09-01,occupation,labourers,cant,333.5
2016-09-01,occupation,labourers,gis,235.1
2016-09-01,occupation,labourers,mrl,284.3
2016-09-01,occupation,labourers,mwt,332.1
2016-09-01,occupation,labourers,nld,326.2
2016-09-01,occupation,labourers,otg,369.1
2016-09-01,occupation,labourers,wai,386.0
2016-09-01,occupation,labourers,wlg,360.9
2016-09-01,occupation,machinery_drivers,akl,374.7
2016-09-01,occupation,machinery_drivers,bop,414.6
2016-09-01,occupation,machinery_drivers,cant,346.3
2016-09-01,occupation,machinery_drivers,gis,217.4
2016-09-01,occupation,machinery_drivers,mrl,182.7
2016-09-01,occupation,machinery_drivers,mwt,202.9
2016-09-01,occupation,machinery_drivers,nld,363.3
2016-09-01,occupation,machinery_drivers,otg,269.3
2016-09-01,occupation,machinery_drivers,wai,286.5
2016-09-01,occupation,machinery_drivers,wlg,273.2
2016-09-01,occupation,managers,akl,190.2
2016-09-01,occupation,managers,bop,245.0
2016-09-01,occupation,managers,cant,210.1
2016-09-01,occupation,managers,gis,254.4
2016-09-01,occupation,managers,mrl,200.9
2016-09-01,occupation,managers,mwt,164.3
2016-09-01,occupation,managers,nld,186.1
2016-09-01,occupation,managers,otg,230.3
2016-09-01,occupation,managers,wai,185.4
2016-09-01,occupation,managers,wlg,124.6
2016-09-01,occupation,professionals,akl,151.8
2016-09-01,occupation,professionals,bop,178.1
2016-09-01,occupation,professionals,cant,180.3
2016-09-01,occupation,professionals,gis,127.4
2016-09-01,occupation,professionals,mrl,124.2
2016-09-01,occupation,professionals,mwt,122.6
2016-09-01,occupation,professionals,nld,102.4
2016-09-01,occupation,professionals,otg,154.7
2016-09-01,occupation,professionals,wai,132.5
2016-09-01,occupation,professionals,wlg,118.8
2016-09-01,occupation,sales,akl,219.4
2016-09-01,occupation,sales,bop,245.4
2016-09-01,occupation,sales,cant,186.5
2016-09-01,occupation,sales,gis,161.9
2016-09-01,occupation,sales,mrl,220.7
2016-09-01,occupation,sales,mwt,176.1
2016-09-01,occupation,sales,nld,150.0
2016-09-01,occupation,sales,otg,205.9
2016-09-01,occupation,sales,wai,181.5
2016-09-01,occupation,sales,wlg,168.8
2016-09-01,occupation,trades_and_technical,akl,337.8
2016-09-01,occupation,trades_and_technical,bop,390.6
2016-09-01,occupation,trades_and_technical,cant,366.5
2016-09-01,occupation,trades_and_technical,gis,229.0
2016-09-01,occupation,trades_and_technical,mrl,268.7
2016-09-01,occupation,trades_and_technical,mwt,249.7
2016-09-01,occupation,trades_and_technical,nld,309.5
2016-09-01,occupation,trades_and_technical,otg,362.4
2016-09-01,occupation,trades_and_technical,wai,295.8
2016-09-01,occupation,trades_and_technical,wlg,203.3
2016-09-01,skill_level,highly_skilled,akl,167.45
2016-09-01,skill_level,highly_skilled,bop,236.11
2016-09-01,skill_level,highly_skilled,cant,201.82
2016-09-01,skill_level,highly_skilled,gis,198.2
2016-09-01,skill_level,highly_skilled,mrl,183.14
2016-09-01,skill_level,highly_skilled,mwt,169.93
2016-09-01,skill_level,highly_skilled,nld,157.97
2016-09-01,skill_level,highly_skilled,otg,212.11
2016-09-01,skill_level,highly_skilled,wai,172.09
2016-09-01,skill_level,highly_skilled,wlg,123.79
2016-09-01,skill_level,low_skilled,akl,233.62
2016-09-01,skill_level,low_skilled,bop,262.28
2016-09-01,skill_level,low_skilled,cant,219.49
2016-09-01,skill_level,low_skilled,gis,191.1
2016-09-01,skill_level,low_skilled,mrl,249.41
2016-09-01,skill_level,low_skilled,mwt,208.68
2016-09-01,skill_level,low_skilled,nld,242.87
2016-09-01,skill_level,low_skilled,otg,251.9
2016-09-01,skill_level,low_skilled,wai,247.01
2016-09-01,skill_level,low_skilled,wlg,177.05
2016-09-01,skill_level,semi_skilled,akl,372.98
2016-09-01,skill_level,semi_skilled,bop,482.32
2016-09-01,skill_level,semi_skilled,cant,453.79
2016-09-01,skill_level,semi_skilled,gis,262.84
2016-09-01,skill_level,semi_skilled,mrl,329.66
2016-09-01,skill_level,semi_skilled,mwt,298.32
2016-09-01,skill_level,semi_skilled,nld,289.13
2016-09-01,skill_level,semi_skilled,otg,449.51
2016-09-01,skill_level,semi_skilled,wai,329.04
2016-09-01,skill_level,semi_skilled,wlg,259.81
2016-09-01,skill_level,skilled,akl,212.78
2016-09-01,skill_level,skilled,bop,200.78
2016-09-01,skill_level,skilled,cant,187.76
2016-09-01,skill_level,skilled,gis,130.27
2016-09-01,skill_level,skilled,mrl,144.55
2016-09-01,skill_level,skilled,mwt,113.39
2016-09-01,skill_level,skilled,nld,126.33
2016-09-01,skill_level,skilled,otg,183.27
2016-09-01,skill_level,skilled,wai,147.09
2016-09-01,skill_level,skilled,wlg,134.52
2016-09-01,skill_level,unskilled,akl,300.74
2016-09-01,skill_level,unskilled,bop,364.87
2016-09-01,skill_level,unskilled,cant,247.01
2016-09-01,skill_level,unskilled,gis,236.0
2016-09-01,skill_level,unskilled,mrl,233.7
2016-09-01,skill_level,unskilled,mwt,230.27
2016-09-01,skill_level,unskilled,nld,250.0
2016-09-01,skill_level,unskilled,otg,290.7
2016-09-01,skill_level,unskilled,wai,226.32
2016-09-01,skill_level,unskilled,wlg,236.82
2016-12-01,industry,accounting,akl,152.37
2016-12-01,industry,accounting,bop,221.13
2016-12-01,industry,accounting,cant,159.3
2016-12-01,industry,accounting,gis,236.17
2016-12-01,industry,accounting,mrl,183.91
2016-12-01,industry,accounting,mwt,189.89
2016-12-01,industry,accounting,nld,155.38
2016-12-01,industry,accounting,otg,224.32
2016-12-01,industry,accounting,wai,165.03
2016-12-01,industry,accounting,wlg,121.79
2016-12-01,industry,construction,akl,304.12
2016-12-01,industry,construction,bop,335.39
2016-12-01,industry,construction,cant,326.77
2016-12-01,industry,construction,gis,191.67
2016-12-01,industry,construction,mrl,230.93
2016-12-01,industry,construction,mwt,148.19
2016-12-01,industry,construction,nld,217.57
2016-12-01,industry,construction,otg,347.36
2016-12-01,industry,construction,wai,242.76
2016-12-01,industry,construction,wlg,237.47
2016-12-01,industry,education,akl,134.48
2016-12-01,industry,education,bop,108.52
2016-12-01,industry,education,cant,104.11
2016-12-01,industry,education,gis,114.29
2016-12-01,industry,education,mrl,93.48
2016-12-01,industry,education,mwt,120.6
2016-12-01,industry,education,nld,113.24
2016-12-01,industry,education,otg,109.46
2016-12-01,industry,education,wai,106.45
2016-12-01,industry,education,wlg,97.66
2016-12-01,industry,health,akl,133.19
2016-12-01,industry,health,bop,197.79
2016-12-01,industry,health,cant,170.17
2016-12-01,industry,health,gis,141.2
2016-12-01,industry,health,mrl,237.11
2016-12-01,industry,health,mwt,163.25
2016-12-01,industry,health,nld,117.88
2016-12-01,industry,health,otg,194.85
2016-12-01,industry,health,wai,168.58
2016-12-01,industry,health,wlg,128.35
2016-12-01,industry,hospitality,akl,231.75
2016-12-01,industry,hospitality,bop,206.4
2016-12-01,industry,hospitality,cant,158.8
2016-12-01,industry,hospitality,gis,219.2
2016-12-01,industry,hospitality,mrl,224.52
2016-12-01,industry,hospitality,mwt,213.53
2016-12-01,industry,hospitality,nld,310.34
2016-12-01,industry,hospitality,otg,306.1
2016-12-01,industry,hospitality,wai,194.2
2016-12-01,industry,hospitality,wlg,176.38
2016-12-01,industry,it,akl,94.42
2016-12-01,industry,it,bop,112.05
2016-12-01,industry,it,cant,108.39
2016-12-01,industry,it,gis,133.33
2016-12-01,industry,it,mrl,50.0
2016-12-01,industry,it,mwt,121.18
2016-12-01,industry,it,nld,85.71
2016-12-01,industry,it,otg,125.81
2016-12-01,industry,it,wai,94.97
2016-12-01,industry,it,wlg,64.24
2016-12-01,industry,manufacturing,akl,239.84
2016-12-01,industry,manufacturing,bop,337.43
2016-12-01,industry,manufacturing,cant,251.69
2016-12-01,industry,manufacturing,gis,245.97
2016-12-01,industry,manufacturing,mrl,350.0
2016-12-01,industry,manufacturing,mwt,163.91
2016-12-01,industry,manufacturing,nld,242.86
2016-12-01,industry,manufacturing,otg,282.5
2016-12-01,industry,manufacturing,wai,223.79
2016-12-01,industry,manufacturing,wlg,173.57
2016-12-01,industry,other,akl,280.98
2016-12-01,industry,other,bop,356.73
2016-12-01,industry,other,cant,322.33
2016-12-01,industry,other,gis,257.89
2016-12-01,industry,other,mrl,301.32
2016-12-01,industry,other,mwt,227.15
2016-12-01,industry,other,nld,526.47
2016-12-01,industry,other,otg,361.9
2016-12-01,industry,other,wai,255.03
2016-12-01,industry,other,wlg,147.56
2016-12-01,industry,primary,akl,178.91
2016-12-01,industry,primary,bop,427.27
2016-12-01,industry,primary,cant,208.64
2016-12-01,industry,primary,gis,285.71
2016-12-01,industry,primary,mrl,198.92
2016-12-01,industry,primary,mwt,224.29
2016-12-01,industry,primary,nld,217.95
2016-12-01,industry,primary,otg,172.48
2016-12-01,industry,primary,wai,246.32
2016-12-01,industry,primary,wlg,171.64
2016-12-01,industry,sales,akl,169.21
2016-12-01,industry,sales,bop,169.73
2016-12-01,industry,sales,cant,135.43
2016-12-01,industry,sales,gis,203.5
2016-12-01,industry,sales,mrl,173.21
2016-12-01,industry,sales,mwt,125.3
2016-12-01,industry,sales,nld,160.0
2016-12-01,industry,sales,otg,188.44
2016-12-01,industry,sales,wai,136.36
2016-12-01,industry,sales,wlg,108.35
2016-12-01,occupation,clerical_admin,akl,166.7
2016-12-01,occupation,clerical_admin,bop,221.3
2016-12-01,occupation,clerical_admin,cant,142.7
2016-12-01,occupation,clerical_admin,gis,235.4
2016-12-01,occupation,clerical_admin,mrl,207.5
2016-12-01,occupation,clerical_admin,mwt,161.0
2016-12-01,occupation,clerical_admin,nld,197.6
2016-12-01,occupation,clerical_admin,otg,246.5
2016-12-01,occupation,clerical_admin,wai,185.2
2016-12-01,occupation,clerical_admin,wlg,114.1
2016-12-01,occupation,community_services,akl,233.3
2016-12-01,occupation,community_services,bop,177.0
2016-12-01,occupation,community_services,cant,167.2
2016-12-01,occupation,community_services,gis,185.3
2016-12-01,occupation,community_services,mrl,252.8
2016-12-01,occupation,community_services,mwt,216.9
2016-12-01,occupation,community_services,nld,288.3
2016-12-01,occupation,community_services,otg,317.5
2016-12-01,occupation,community_services,wai,201.8
2016-12-01,occupation,community_services,wlg,173.2
2016-12-01,occupation,labourers,akl,349.8
2016-12-01,occupation,labourers,bop,460.2
2016-12-01,occupation,labourers,cant,299.4
2016-12-01,occupation,labourers,gis,276.4
2016-12-01,occupation,labourers,mrl,294.7
2016-12-01,occupation,labourers,mwt,265.5
2016-12-01,occupation,labourers,nld,295.2
2016-12-01,occupation,labourers,otg,376.3
2016-12-01,occupation,labourers,wai,327.9
2016-12-01,occupation,labourers,wlg,316.0
2016-12-01,occupation,machinery_drivers,akl,340.6
2016-12-01,occupation,machinery_drivers,bop,345.8
2016-12-01,occupation,machinery_drivers,cant,348.8
2016-12-01,occupation,machinery_drivers,gis,210.1
2016-12-01,occupation,machinery_drivers,mrl,208.5
2016-12-01,occupation,machinery_drivers,mwt,173.1
2016-12-01,occupation,machinery_drivers,nld,263.3
2016-12-01,occupation,machinery_drivers,otg,304.0
2016-12-01,occupation,machinery_drivers,wai,252.6
2016-12-01,occupation,machinery_drivers,wlg,312.6
2016-12-01,occupation,managers,akl,168.7
2016-12-01,occupation,managers,bop,213.8
2016-12-01,occupation,managers,cant,175.9
2016-12-01,occupation,managers,gis,263.3
2016-12-01,occupation,managers,mrl,180.5
2016-12-01,occupation,managers,mwt,150.4
2016-12-01,occupation,managers,nld,192.1
2016-12-01,occupation,managers,otg,193.0
2016-12-01,occupation,managers,wai,153.7
2016-12-01,occupation,managers,wlg,107.8
2016-12-01,occupation,professionals,akl,137.3
2016-12-01,occupation,professionals,bop,171.9
2016-12-01,occupation,professionals,cant,160.0
2016-12-01,occupation,professionals,gis,132.0
2016-12-01,occupation,professionals,mrl,124.9
2016-12-01,occupation,professionals,mwt,123.7
2016-12-01,occupation,professionals,nld,116.8
2016-12-01,occupation,professionals,otg,159.2
2016-12-01,occupation,professionals,wai,131.9
2016-12-01,occupation,professionals,wlg,96.8
2016-12-01,occupation,sales,akl,192.2
2016-12-01,occupation,sales,bop,189.1
2016-12-01,occupation,sales,cant,145.8
2016-12-01,occupation,sales,gis,169.0
2016-12-01,occupation,sales,mrl,201.7
2016-12-01,occupation,sales,mwt,146.5
2016-12-01,occupation,sales,nld,135.9
2016-12-01,occupation,sales,otg,195.5
2016-12-01,occupation,sales,wai,160.1
2016-12-01,occupation,sales,wlg,131.6
2016-12-01,occupation,trades_and_technical,akl,281.3
2016-12-01,occupation,trades_and_technical,bop,337.3
2016-12-01,occupation,trades_and_technical,cant,305.0
2016-12-01,occupation,trades_and_technical,gis,202.2
2016-12-01,occupation,trades_and_technical,mrl,244.9
2016-12-01,occupation,trades_and_technical,mwt,203.5
2016-12-01,occupation,trades_and_technical,nld,246.8
2016-12-01,occupation,trades_and_technical,otg,328.9
2016-12-01,occupation,trades_and_technical,wai,255.8
2016-12-01,occupation,trades_and_technical,wlg,187.0
2016-12-01,skill_level,highly_skilled,akl,147.09
2016-12-01,skill_level,highly_skilled,bop,215.5
2016-12-01,skill_level,highly_skilled,cant,175.43
2016-12-01,skill_level,highly_skilled,gis,184.25
2016-12-01,skill_level,highly_skilled,mrl,171.86
2016-12-01,skill_level,highly_skilled,mwt,148.73
2016-12-01,skill_level,highly_skilled,nld,146.22
2016-12-01,skill_level,highly_skilled,otg,192.01
2016-12-01,skill_level,highly_skilled,wai,149.84
2016-12-01,skill_level,highly_skilled,wlg,101.04
2016-12-01,skill_level,low_skilled,akl,196.27
2016-12-01,skill_level,low_skilled,bop,227.99
2016-12-01,skill_level,low_skilled,cant,186.16
2016-12-01,skill_level,low_skilled,gis,183.96
2016-12-01,skill_level,low_skilled,mrl,233.88
2016-12-01,skill_level,low_skilled,mwt,178.11
2016-12-01,skill_level,low_skilled,nld,221.09
2016-12-01,skill_level,low_skilled,otg,253.59
2016-12-01,skill_level,low_skilled,wai,207.55
2016-12-01,skill_level,low_skilled,wlg,147.32
2016-12-01,skill_level,semi_skilled,akl,305.04
2016-12-01,skill_level,semi_skilled,bop,389.9
2016-12-01,skill_level,semi_skilled,cant,374.26
2016-12-01,skill_level,semi_skilled,gis,220.27
2016-12-01,skill_level,semi_skilled,mrl,268.64
2016-12-01,skill_level,semi_skilled,mwt,235.01
2016-12-01,skill_level,semi_skilled,nld,234.78
2016-12-01,skill_level,semi_skilled,otg,367.16
2016-12-01,skill_level,semi_skilled,wai,286.14
2016-12-01,skill_level,semi_skilled,wlg,235.52
2016-12-01,skill_level,skilled,akl,192.45
2016-12-01,skill_level,skilled,bop,175.27
2016-12-01,skill_level,skilled,cant,158.45
2016-12-01,skill_level,skilled,gis,162.13
2016-12-01,skill_level,skilled,mrl,139.64
2016-12-01,skill_level,skilled,mwt,128.35
2016-12-01,skill_level,skilled,nld,147.39
2016-12-01,skill_level,skilled,otg,197.4
2016-12-01,skill_level,skilled,wai,152.28
2016-12-01,skill_level,skilled,wlg,121.61
2016-12-01,skill_level,unskilled,akl,263.12
2016-12-01,skill_level,unskilled,bop,287.7
2016-12-01,skill_level,unskilled,cant,203.65
2016-12-01,skill_level,unskilled,gis,244.0
2016-12-01,skill_level,unskilled,mrl,235.19
2016-12-01,skill_level,unskilled,mwt,186.56
2016-12-01,skill_level,unskilled,nld,215.71
2016-12-01,skill_level,unskilled,otg,282.79
2016-12-01,skill_level,unskilled,wai,202.96
2016-12-01,skill_level,unskilled,wlg,196.89
2017-03-01,industry,accounting,akl,188.14
2017-03-01,industry,accounting,bop,304.53
2017-03-01,industry,accounting,cant,193.93
2017-03-01,industry,accounting,gis,303.55
2017-03-01,industry,accounting,mrl,247.7
2017-03-01,industry,accounting,mwt,231.09
2017-03-01,industry,accounting,nld,181.54
2017-03-01,industry,accounting,otg,252.05
2017-03-01,industry,accounting,wai,209.64
2017-03-01,industry,accounting,wlg,155.98
2017-03-01,industry,construction,akl,365.56
2017-03-01,industry,construction,bop,383.56
2017-03-01,industry,construction,cant,349.11
2017-03-01,industry,construction,gis,250.38
2017-03-01,industry,construction,mrl,313.98
2017-03-01,industry,construction,mwt,184.19
2017-03-01,industry,construction,nld,322.97
2017-03-01,industry,construction,otg,438.79
2017-03-01,industry,construction,wai,291.56
2017-03-01,industry,construction,wlg,277.14
2017-03-01,industry,education,akl,126.37
2017-03-01,industry,education,bop,79.67
2017-03-01,industry,education,cant,86.0
2017-03-01,industry,education,gis,88.98
2017-03-01,industry,education,mrl,62.61
2017-03-01,industry,education,mwt,98.64
2017-03-01,industry,education,nld,84.02
2017-03-01,industry,education,otg,85.17
2017-03-01,industry,education,wai,88.82
2017-03-01,industry,education,wlg,92.98
2017-03-01,industry,health,akl,163.92
2017-03-01,industry,health,bop,196.96
2017-03-01,industry,health,cant,185.11
2017-03-01,industry,health,gis,174.33
2017-03-01,industry,health,mrl,237.67
2017-03-01,industry,health,mwt,195.38
2017-03-01,industry,health,nld,161.34
2017-03-01,industry,health,otg,239.95
2017-03-01,industry,health,wai,189.52
2017-03-01,industry,health,wlg,164.16
2017-03-01,industry,hospitality,akl,288.19
2017-03-01,industry,hospitality,bop,217.73
2017-03-01,industry,hospitality,cant,170.98
2017-03-01,industry,hospitality,gis,215.2
2017-03-01,industry,hospitality,mrl,201.29
2017-03-01,industry,hospitality,mwt,230.83
2017-03-01,industry,hospitality,nld,284.48
2017-03-01,industry,hospitality,otg,321.54
2017-03-01,industry,hospitality,wai,241.07
2017-03-01,industry,hospitality,wlg,200.19
2017-03-01,industry,it,akl,95.96
2017-03-01,industry,it,bop,154.22
2017-03-01,industry,it,cant,120.34
2017-03-01,industry,it,gis,144.44
2017-03-01,industry,it,mrl,200.0
2017-03-01,industry,it,mwt,137.65
2017-03-01,industry,it,nld,78.57
2017-03-01,industry,it,otg,124.73
2017-03-01,industry,it,wai,103.02
2017-03-01,industry,it,wlg,71.29
2017-03-01,industry,manufacturing,akl,296.09
2017-03-01,industry,manufacturing,bop,428.34
2017-03-01,industry,manufacturing,cant,335.52
2017-03-01,industry,manufacturing,gis,330.65
2017-03-01,industry,manufacturing,mrl,581.52
2017-03-01,industry,manufacturing,mwt,227.39
2017-03-01,industry,manufacturing,nld,357.14
2017-03-01,industry,manufacturing,otg,342.5
2017-03-01,industry,manufacturing,wai,302.57
2017-03-01,industry,manufacturing,wlg,225.61
2017-03-01,industry,other,akl,402.17
2017-03-01,industry,other,bop,450.0
2017-03-01,industry,other,cant,473.95
2017-03-01,industry,other,gis,328.95
2017-03-01,industry,other,mrl,327.63
2017-03-01,industry,other,mwt,265.56
2017-03-01,industry,other,nld,720.59
2017-03-01,industry,other,otg,528.57
2017-03-01,industry,other,wai,358.73
2017-03-01,industry,other,wlg,199.74
2017-03-01,industry,primary,akl,234.69
2017-03-01,industry,primary,bop,518.18
2017-03-01,industry,primary,cant,225.93
2017-03-01,industry,primary,gis,295.24
2017-03-01,industry,primary,mrl,237.63
2017-03-01,industry,primary,mwt,254.29
2017-03-01,industry,primary,nld,353.85
2017-03-01,industry,primary,otg,240.37
2017-03-01,industry,primary,wai,348.42
2017-03-01,industry,primary,wlg,185.07
2017-03-01,industry,sales,akl,201.6
2017-03-01,industry,sales,bop,207.84
2017-03-01,industry,sales,cant,174.73
2017-03-01,industry,sales,gis,250.5
2017-03-01,industry,sales,mrl,198.66
2017-03-01,industry,sales,mwt,181.69
2017-03-01,industry,sales,nld,189.23
2017-03-01,industry,sales,otg,230.61
2017-03-01,industry,sales,wai,179.39
2017-03-01,industry,sales,wlg,147.86
2017-03-01,occupation,clerical_admin,akl,212.0
2017-03-01,occupation,clerical_admin,bop,281.1
2017-03-01,occupation,clerical_admin,cant,188.9
2017-03-01,occupation,clerical_admin,gis,330.1
2017-03-01,occupation,clerical_admin,mrl,326.9
2017-03-01,occupation,clerical_admin,mwt,200.3
2017-03-01,occupation,clerical_admin,nld,251.0
2017-03-01,occupation,clerical_admin,otg,304.7
2017-03-01,occupation,clerical_admin,wai,248.0
2017-03-01,occupation,clerical_admin,wlg,155.7
2017-03-01,occupation,community_services,akl,295.9
2017-03-01,occupation,community_services,bop,202.8
2017-03-01,occupation,community_services,cant,191.8
2017-03-01,occupation,community_services,gis,242.6
2017-03-01,occupation,community_services,mrl,273.4
2017-03-01,occupation,community_services,mwt,257.6
2017-03-01,occupation,community_services,nld,319.8
2017-03-01,occupation,community_services,otg,393.5
2017-03-01,occupation,community_services,wai,256.7
2017-03-01,occupation,community_services,wlg,222.1
2017-03-01,occupation,labourers,akl,470.4
2017-03-01,occupation,labourers,bop,540.8
2017-03-01,occupation,labourers,cant,350.3
2017-03-01,occupation,labourers,gis,298.9
2017-03-01,occupation,labourers,mrl,395.1
2017-03-01,occupation,labourers,mwt,383.3
2017-03-01,occupation,labourers,nld,350.0
2017-03-01,occupation,labourers,otg,492.8
2017-03-01,occupation,labourers,wai,425.0
2017-03-01,occupation,labourers,wlg,387.9
2017-03-01,occupation,machinery_drivers,akl,402.0
2017-03-01,occupation,machinery_drivers,bop,489.6
2017-03-01,occupation,machinery_drivers,cant,418.1
2017-03-01,occupation,machinery_drivers,gis,339.1
2017-03-01,occupation,machinery_drivers,mrl,382.6
2017-03-01,occupation,machinery_drivers,mwt,258.7
2017-03-01,occupation,machinery_drivers,nld,430.0
2017-03-01,occupation,machinery_drivers,otg,335.6
2017-03-01,occupation,machinery_drivers,wai,332.7
2017-03-01,occupation,machinery_drivers,wlg,353.7
2017-03-01,occupation,managers,akl,194.9
2017-03-01,occupation,managers,bop,247.8
2017-03-01,occupation,managers,cant,206.8
2017-03-01,occupation,managers,gis,277.6
2017-03-01,occupation,managers,mrl,190.4
2017-03-01,occupation,managers,mwt,184.2
2017-03-01,occupation,managers,nld,252.5
2017-03-01,occupation,managers,otg,253.6
2017-03-01,occupation,managers,wai,189.3
2017-03-01,occupation,managers,wlg,127.4
2017-03-01,occupation,professionals,akl,151.4
2017-03-01,occupation,professionals,bop,183.2
2017-03-01,occupation,professionals,cant,159.7
2017-03-01,occupation,professionals,gis,129.3
2017-03-01,occupation,professionals,mrl,124.4
2017-03-01,occupation,professionals,mwt,129.3
2017-03-01,occupation,professionals,nld,124.4
2017-03-01,occupation,professionals,otg,157.6
2017-03-01,occupation,professionals,wai,130.0
2017-03-01,occupation,professionals,wlg,112.1
2017-03-01,occupation,sales,akl,230.9
2017-03-01,occupation,sales,bop,222.4
2017-03-01,occupation,sales,cant,193.9
2017-03-01,occupation,sales,gis,222.2
2017-03-01,occupation,sales,mrl,202.6
2017-03-01,occupation,sales,mwt,194.9
2017-03-01,occupation,sales,nld,184.8
2017-03-01,occupation,sales,otg,236.9
2017-03-01,occupation,sales,wai,212.0
2017-03-01,occupation,sales,wlg,176.2
2017-03-01,occupation,trades_and_technical,akl,354.3
2017-03-01,occupation,trades_and_technical,bop,372.7
2017-03-01,occupation,trades_and_technical,cant,342.7
2017-03-01,occupation,trades_and_technical,gis,254.8
2017-03-01,occupation,trades_and_technical,mrl,287.9
2017-03-01,occupation,trades_and_technical,mwt,229.3
2017-03-01,occupation,trades_and_technical,nld,297.6
2017-03-01,occupation,trades_and_technical,otg,400.6
2017-03-01,occupation,trades_and_technical,wai,340.8
2017-03-01,occupation,trades_and_technical,wlg,228.0
2017-03-01,skill_level,highly_skilled,akl,169.91
2017-03-01,skill_level,highly_skilled,bop,252.45
2017-03-01,skill_level,highly_skilled,cant,194.32
2017-03-01,skill_level,highly_skilled,gis,207.36
2017-03-01,skill_level,highly_skilled,mrl,190.52
2017-03-01,skill_level,highly_skilled,mwt,185.52
2017-03-01,skill_level,highly_skilled,nld,196.1
2017-03-01,skill_level,highly_skilled,otg,225.56
2017-03-01,skill_level,highly_skilled,wai,171.66
2017-03-01,skill_level,highly_skilled,wlg,120.0
2017-03-01,skill_level,low_skilled,akl,246.27
2017-03-01,skill_level,low_skilled,bop,295.56
2017-03-01,skill_level,low_skilled,cant,237.0
2017-03-01,skill_level,low_skilled,gis,248.25
2017-03-01,skill_level,low_skilled,mrl,320.4
2017-03-01,skill_level,low_skilled,mwt,233.55
2017-03-01,skill_level,low_skilled,nld,287.52
2017-03-01,skill_level,low_skilled,otg,316.88
2017-03-01,skill_level,low_skilled,wai,280.43
2017-03-01,skill_level,low_skilled,wlg,193.41
2017-03-01,skill_level,semi_skilled,akl,382.84
2017-03-01,skill_level,semi_skilled,bop,442.42
2017-03-01,skill_level,semi_skilled,cant,415.46
2017-03-01,skill_level,semi_skilled,gis,310.81
2017-03-01,skill_level,semi_skilled,mrl,350.85
2017-03-01,skill_level,semi_skilled,mwt,280.6
2017-03-01,skill_level,semi_skilled,nld,298.91
2017-03-01,skill_level,semi_skilled,otg,464.71
2017-03-01,skill_level,semi_skilled,wai,384.16
2017-03-01,skill_level,semi_skilled,wlg,287.32
2017-03-01,skill_level,skilled,akl,215.98
2017-03-01,skill_level,skilled,bop,172.35
2017-03-01,skill_level,skilled,cant,163.85
2017-03-01,skill_level,skilled,gis,154.59
2017-03-01,skill_level,skilled,mrl,137.77
2017-03-01,skill_level,skilled,mwt,114.46
2017-03-01,skill_level,skilled,nld,128.67
2017-03-01,skill_level,skilled,otg,200.93
2017-03-01,skill_level,skilled,wai,160.63
2017-03-01,skill_level,skilled,wlg,144.82
2017-03-01,skill_level,unskilled,akl,331.96
2017-03-01,skill_level,unskilled,bop,327.26
2017-03-01,skill_level,unskilled,cant,241.61
2017-03-01,skill_level,unskilled,gis,290.4
2017-03-01,skill_level,unskilled,mrl,286.55
2017-03-01,skill_level,unskilled,mwt,258.52
2017-03-01,skill_level,unskilled,nld,278.57
2017-03-01,skill_level,unskilled,otg,346.51
2017-03-01,skill_level,unskilled,wai,255.26
2017-03-01,skill_level,unskilled,wlg,240.23
2017-06-01,industry,accounting,akl,187.91
2017-06-01,industry,accounting,bop,320.38
2017-06-01,industry,accounting,cant,212.05
2017-06-01,industry,accounting,gis,305.67
2017-06-01,industry,accounting,mrl,237.36
2017-06-01,industry,accounting,mwt,204.49
2017-06-01,industry,accounting,nld,182.31
2017-06-01,industry,accounting,otg,259.25
2017-06-01,industry,accounting,wai,200.38
2017-06-01,industry,accounting,wlg,156.9
2017-06-01,industry,construction,akl,379.61
2017-06-01,industry,construction,bop,391.78
2017-06-01,industry,construction,cant,359.62
2017-06-01,industry,construction,gis,223.11
2017-06-01,industry,construction,mrl,319.49
2017-06-01,industry,construction,mwt,195.81
2017-06-01,industry,construction,nld,307.43
2017-06-01,industry,construction,otg,432.49
2017-06-01,industry,construction,wai,299.3
2017-06-01,industry,construction,wlg,261.54
2017-06-01,industry,education,akl,123.44
2017-06-01,industry,education,bop,85.57
2017-06-01,industry,education,cant,94.06
2017-06-01,industry,education,gis,48.98
2017-06-01,industry,education,mrl,51.3
2017-06-01,industry,education,mwt,90.51
2017-06-01,industry,education,nld,60.27
2017-06-01,industry,education,otg,71.92
2017-06-01,industry,education,wai,87.96
2017-06-01,industry,education,wlg,87.13
2017-06-01,industry,health,akl,153.62
2017-06-01,industry,health,bop,195.32
2017-06-01,industry,health,cant,188.63
2017-06-01,industry,health,gis,139.54
2017-06-01,industry,health,mrl,264.71
2017-06-01,industry,health,mwt,193.76
2017-06-01,industry,health,nld,188.01
2017-06-01,industry,health,otg,214.56
2017-06-01,industry,health,wai,205.48
2017-06-01,industry,health,wlg,176.1
2017-06-01,industry,hospitality,akl,266.22
2017-06-01,industry,hospitality,bop,166.01
2017-06-01,industry,hospitality,cant,153.38
2017-06-01,industry,hospitality,gis,160.8
2017-06-01,industry,hospitality,mrl,187.1
2017-06-01,industry,hospitality,mwt,184.21
2017-06-01,industry,hospitality,nld,210.34
2017-06-01,industry,hospitality,otg,257.32
2017-06-01,industry,hospitality,wai,192.86
2017-06-01,industry,hospitality,wlg,198.67
2017-06-01,industry,it,akl,94.48
2017-06-01,industry,it,bop,132.53
2017-06-01,industry,it,cant,115.22
2017-06-01,industry,it,gis,211.11
2017-06-01,industry,it,mrl,146.15
2017-06-01,industry,it,mwt,136.47
2017-06-01,industry,it,nld,192.86
2017-06-01,industry,it,otg,132.26
2017-06-01,industry,it,wai,89.95
2017-06-01,industry,it,wlg,77.56
2017-06-01,industry,manufacturing,akl,306.29
2017-06-01,industry,manufacturing,bop,397.33
2017-06-01,industry,manufacturing,cant,331.26
2017-06-01,industry,manufacturing,gis,275.0
2017-06-01,industry,manufacturing,mrl,430.43
2017-06-01,industry,manufacturing,mwt,233.91
2017-06-01,industry,manufacturing,nld,392.86
2017-06-01,industry,manufacturing,otg,316.25
2017-06-01,industry,manufacturing,wai,346.3
2017-06-01,industry,manufacturing,wlg,240.33
2017-06-01,industry,other,akl,389.95
2017-06-01,industry,other,bop,397.12
2017-06-01,industry,other,cant,498.14
2017-06-01,industry,other,gis,355.26
2017-06-01,industry,other,mrl,394.74
2017-06-01,industry,other,mwt,290.07
2017-06-01,industry,other,nld,791.18
2017-06-01,industry,other,otg,494.05
2017-06-01,industry,other,wai,356.08
2017-06-01,industry,other,wlg,199.74
2017-06-01,industry,primary,akl,255.1
2017-06-01,industry,primary,bop,461.36
2017-06-01,industry,primary,cant,279.63
2017-06-01,industry,primary,gis,306.35
2017-06-01,industry,primary,mrl,212.9
2017-06-01,industry,primary,mwt,315.71
2017-06-01,industry,primary,nld,300.0
2017-06-01,industry,primary,otg,242.2
2017-06-01,industry,primary,wai,389.47
2017-06-01,industry,primary,wlg,180.6
2017-06-01,industry,sales,akl,204.02
2017-06-01,industry,sales,bop,205.14
2017-06-01,industry,sales,cant,174.03
2017-06-01,industry,sales,gis,233.5
2017-06-01,industry,sales,mrl,173.66
2017-06-01,industry,sales,mwt,156.63
2017-06-01,industry,sales,nld,183.85
2017-06-01,industry,sales,otg,187.76
2017-06-01,industry,sales,wai,176.36
2017-06-01,industry,sales,wlg,139.77
2017-06-01,occupation,clerical_admin,akl,203.1
2017-06-01,occupation,clerical_admin,bop,280.3
2017-06-01,occupation,clerical_admin,cant,201.0
2017-06-01,occupation,clerical_admin,gis,315.9
2017-06-01,occupation,clerical_admin,mrl,280.8
2017-06-01,occupation,clerical_admin,mwt,203.1
2017-06-01,occupation,clerical_admin,nld,256.7
2017-06-01,occupation,clerical_admin,otg,280.3
2017-06-01,occupation,clerical_admin,wai,247.3
2017-06-01,occupation,clerical_admin,wlg,159.4
2017-06-01,occupation,community_services,akl,292.5
2017-06-01,occupation,community_services,bop,188.8
2017-06-01,occupation,community_services,cant,186.4
2017-06-01,occupation,community_services,gis,169.9
2017-06-01,occupation,community_services,mrl,252.1
2017-06-01,occupation,community_services,mwt,249.4
2017-06-01,occupation,community_services,nld,289.8
2017-06-01,occupation,community_services,otg,293.5
2017-06-01,occupation,community_services,wai,235.9
2017-06-01,occupation,community_services,wlg,213.7
2017-06-01,occupation,labourers,akl,483.1
2017-06-01,occupation,labourers,bop,503.1
2017-06-01,occupation,labourers,cant,337.9
2017-06-01,occupation,labourers,gis,271.4
2017-06-01,occupation,labourers,mrl,366.5
2017-06-01,occupation,labourers,mwt,406.0
2017-06-01,occupation,labourers,nld,335.7
2017-06-01,occupation,labourers,otg,443.3
2017-06-01,occupation,labourers,wai,411.0
2017-06-01,occupation,labourers,wlg,381.4
2017-06-01,occupation,machinery_drivers,akl,425.7
2017-06-01,occupation,machinery_drivers,bop,455.2
2017-06-01,occupation,machinery_drivers,cant,429.9
2017-06-01,occupation,machinery_drivers,gis,281.2
2017-06-01,occupation,machinery_drivers,mrl,306.6
2017-06-01,occupation,machinery_drivers,mwt,257.7
2017-06-01,occupation,machinery_drivers,nld,410.0
2017-06-01,occupation,machinery_drivers,otg,334.7
2017-06-01,occupation,machinery_drivers,wai,343.9
2017-06-01,occupation,machinery_drivers,wlg,322.1
2017-06-01,occupation,managers,akl,196.6
2017-06-01,occupation,managers,bop,243.2
2017-06-01,occupation,managers,cant,205.0
2017-06-01,occupation,managers,gis,270.1
2017-06-01,occupation,managers,mrl,212.5
2017-06-01,occupation,managers,mwt,174.3
2017-06-01,occupation,managers,nld,252.5
2017-06-01,occupation,managers,otg,221.8
2017-06-01,occupation,managers,wai,190.4
2017-06-01,occupation,managers,wlg,122.0
2017-06-01,occupation,professionals,akl,154.7
2017-06-01,occupation,professionals,bop,181.3
2017-06-01,occupation,professionals,cant,177.3
2017-06-01,occupation,professionals,gis,117.0
2017-06-01,occupation,professionals,mrl,129.5
2017-06-01,occupation,professionals,mwt,130.5
2017-06-01,occupation,professionals,nld,135.1
2017-06-01,occupation,professionals,otg,154.8
2017-06-01,occupation,professionals,wai,141.5
2017-06-01,occupation,professionals,wlg,118.2
2017-06-01,occupation,sales,akl,221.0
2017-06-01,occupation,sales,bop,227.9
2017-06-01,occupation,sales,cant,177.5
2017-06-01,occupation,sales,gis,195.2
2017-06-01,occupation,sales,mrl,216.4
2017-06-01,occupation,sales,mwt,154.9
2017-06-01,occupation,sales,nld,181.5
2017-06-01,occupation,sales,otg,210.4
2017-06-01,occupation,sales,wai,198.4
2017-06-01,occupation,sales,wlg,167.2
2017-06-01,occupation,trades_and_technical,akl,364.0
2017-06-01,occupation,trades_and_technical,bop,358.3
2017-06-01,occupation,trades_and_technical,cant,346.8
2017-06-01,occupation,trades_and_technical,gis,230.7
2017-06-01,occupation,trades_and_technical,mrl,271.0
2017-06-01,occupation,trades_and_technical,mwt,238.9
2017-06-01,occupation,trades_and_technical,nld,290.5
2017-06-01,occupation,trades_and_technical,otg,379.5
2017-06-01,occupation,trades_and_technical,wai,337.7
2017-06-01,occupation,trades_and_technical,wlg,225.7
2017-06-01,skill_level,highly_skilled,akl,174.02
2017-06-01,skill_level,highly_skilled,bop,248.91
2017-06-01,skill_level,highly_skilled,cant,208.8
2017-06-01,skill_level,highly_skilled,gis,197.99
2017-06-01,skill_level,highly_skilled,mrl,205.49
2017-06-01,skill_level,highly_skilled,mwt,184.67
2017-06-01,skill_level,highly_skilled,nld,225.63
2017-06-01,skill_level,highly_skilled,otg,216.42
2017-06-01,skill_level,highly_skilled,wai,181.69
2017-06-01,skill_level,highly_skilled,wlg,122.42
2017-06-01,skill_level,low_skilled,akl,245.08
2017-06-01,skill_level,low_skilled,bop,279.72
2017-06-01,skill_level,low_skilled,cant,238.88
2017-06-01,skill_level,low_skilled,gis,207.18
2017-06-01,skill_level,low_skilled,mrl,277.94
2017-06-01,skill_level,low_skilled,mwt,244.3
2017-06-01,skill_level,low_skilled,nld,276.89
2017-06-01,skill_level,low_skilled,otg,286.08
2017-06-01,skill_level,low_skilled,wai,273.72
2017-06-01,skill_level,low_skilled,wlg,189.71
2017-06-01,skill_level,semi_skilled,akl,396.6
2017-06-01,skill_level,semi_skilled,bop,427.27
2017-06-01,skill_level,semi_skilled,cant,424.03
2017-06-01,skill_level,semi_skilled,gis,288.51
2017-06-01,skill_level,semi_skilled,mrl,367.8
2017-06-01,skill_level,semi_skilled,mwt,280.6
2017-06-01,skill_level,semi_skilled,nld,301.09
2017-06-01,skill_level,semi_skilled,otg,485.29
2017-06-01,skill_level,semi_skilled,wai,361.06
2017-06-01,skill_level,semi_skilled,wlg,285.31
2017-06-01,skill_level,skilled,akl,212.04
2017-06-01,skill_level,skilled,bop,166.51
2017-06-01,skill_level,skilled,cant,163.71
2017-06-01,skill_level,skilled,gis,125.23
2017-06-01,skill_level,skilled,mrl,123.26
2017-06-01,skill_level,skilled,mwt,104.08
2017-06-01,skill_level,skilled,nld,112.63
2017-06-01,skill_level,skilled,otg,161.15
2017-06-01,skill_level,skilled,wai,164.56
2017-06-01,skill_level,skilled,wlg,144.88
2017-06-01,skill_level,unskilled,akl,318.34
2017-06-01,skill_level,unskilled,bop,326.77
2017-06-01,skill_level,unskilled,cant,231.97
2017-06-01,skill_level,unskilled,gis,269.6
2017-06-01,skill_level,unskilled,mrl,270.92
2017-06-01,skill_level,unskilled,mwt,239.33
2017-06-01,skill_level,unskilled,nld,240.0
2017-06-01,skill_level,unskilled,otg,288.84
2017-06-01,skill_level,unskilled,wai,255.26
2017-06-01,skill_level,unskilled,wlg,229.48
2017-09-01,industry,accounting,akl,185.72
2017-09-01,industry,accounting,bop,286.04
2017-09-01,industry,accounting,cant,206.94
2017-09-01,industry,accounting,gis,299.29
2017-09-01,industry,accounting,mrl,236.21
2017-09-01,industry,accounting,mwt,205.62
2017-09-01,industry,accounting,nld,196.92
2017-09-01,industry,accounting,otg,291.1
2017-09-01,industry,accounting,wai,213.61
2017-09-01,industry,accounting,wlg,170.31
2017-09-01,industry,construction,akl,380.55
2017-09-01,industry,construction,bop,439.73
2017-09-01,industry,construction,cant,357.57
2017-09-01,industry,construction,gis,269.7
2017-09-01,industry,construction,mrl,400.85
2017-09-01,industry,construction,mwt,201.52
2017-09-01,industry,construction,nld,343.92
2017-09-01,industry,construction,otg,492.95
2017-09-01,industry,construction,wai,334.32
2017-09-01,industry,construction,wlg,277.9
2017-09-01,industry,education,akl,135.1
2017-09-01,industry,education,bop,91.48
2017-09-01,industry,education,cant,114.0
2017-09-01,industry,education,gis,58.37
2017-09-01,industry,education,mrl,83.91
2017-09-01,industry,education,mwt,109.76
2017-09-01,industry,education,nld,72.15
2017-09-01,industry,education,otg,108.2
2017-09-01,industry,education,wai,90.11
2017-09-01,industry,education,wlg,100.29
2017-09-01,industry,health,akl,172.62
2017-09-01,industry,health,bop,227.46
2017-09-01,industry,health,cant,196.54
2017-09-01,industry,health,gis,153.21
2017-09-01,industry,health,mrl,297.38
2017-09-01,industry,health,mwt,227.84
2017-09-01,industry,health,nld,166.5
2017-09-01,industry,health,otg,229.44
2017-09-01,industry,health,wai,223.19
2017-09-01,industry,health,wlg,178.7
2017-09-01,industry,hospitality,akl,263.28
2017-09-01,industry,hospitality,bop,208.37
2017-09-01,industry,hospitality,cant,185.86
2017-09-01,industry,hospitality,gis,197.6
2017-09-01,industry,hospitality,mrl,279.35
2017-09-01,industry,hospitality,mwt,235.34
2017-09-01,industry,hospitality,nld,325.86
2017-09-01,industry,hospitality,otg,369.51
2017-09-01,industry,hospitality,wai,232.59
2017-09-01,industry,hospitality,wlg,212.76
2017-09-01,industry,it,akl,101.52
2017-09-01,industry,it,bop,165.06
2017-09-01,industry,it,cant,124.53
2017-09-01,industry,it,gis,144.44
2017-09-01,industry,it,mrl,157.69
2017-09-01,industry,it,mwt,147.06
2017-09-01,industry,it,nld,192.86
2017-09-01,industry,it,otg,153.76
2017-09-01,industry,it,wai,118.59
2017-09-01,industry,it,wlg,86.21
2017-09-01,industry,manufacturing,akl,317.19
2017-09-01,industry,manufacturing,bop,436.36
2017-09-01,industry,manufacturing,cant,379.22
2017-09-01,industry,manufacturing,gis,317.74
2017-09-01,industry,manufacturing,mrl,491.3
2017-09-01,industry,manufacturing,mwt,247.83
2017-09-01,industry,manufacturing,nld,492.86
2017-09-01,industry,manufacturing,otg,440.0
2017-09-01,industry,manufacturing,wai,376.53
2017-09-01,industry,manufacturing,wlg,258.31
2017-09-01,industry,other,akl,389.54
2017-09-01,industry,other,bop,495.19
2017-09-01,industry,other,cant,546.98
2017-09-01,industry,other,gis,298.68
2017-09-01,industry,other,mrl,473.68
2017-09-01,industry,other,mwt,308.61
2017-09-01,industry,other,nld,858.82
2017-09-01,industry,other,otg,588.1
2017-09-01,industry,other,wai,398.41
2017-09-01,industry,other,wlg,226.35
2017-09-01,industry,primary,akl,247.62
2017-09-01,industry,primary,bop,520.45
2017-09-01,industry,primary,cant,334.57
2017-09-01,industry,primary,gis,400.0
2017-09-01,industry,primary,mrl,245.16
2017-09-01,industry,primary,mwt,390.0
2017-09-01,industry,primary,nld,305.13
2017-09-01,industry,primary,otg,350.46
2017-09-01,industry,primary,wai,405.26
2017-09-01,industry,primary,wlg,202.99
2017-09-01,industry,sales,akl,198.26
2017-09-01,industry,sales,bop,220.81
2017-09-01,industry,sales,cant,179.38
2017-09-01,industry,sales,gis,220.5
2017-09-01,industry,sales,mrl,221.43
2017-09-01,industry,sales,mwt,153.73
2017-09-01,industry,sales,nld,217.69
2017-09-01,industry,sales,otg,244.22
2017-09-01,industry,sales,wai,190.0
2017-09-01,industry,sales,wlg,146.46
2017-09-01,occupation,clerical_admin,akl,206.5
2017-09-01,occupation,clerical_admin,bop,266.2
2017-09-01,occupation,clerical_admin,cant,201.0
2017-09-01,occupation,clerical_admin,gis,296.5
2017-09-01,occupation,clerical_admin,mrl,305.0
2017-09-01,occupation,clerical_admin,mwt,200.7
2017-09-01,occupation,clerical_admin,nld,299.8
2017-09-01,occupation,clerical_admin,otg,323.5
2017-09-01,occupation,clerical_admin,wai,255.1
2017-09-01,occupation,clerical_admin,wlg,172.7
2017-09-01,occupation,community_services,akl,288.1
2017-09-01,occupation,community_services,bop,199.1
2017-09-01,occupation,community_services,cant,188.0
2017-09-01,occupation,community_services,gis,199.3
2017-09-01,occupation,community_services,mrl,262.7
2017-09-01,occupation,community_services,mwt,257.6
2017-09-01,occupation,community_services,nld,310.8
2017-09-01,occupation,community_services,otg,360.4
2017-09-01,occupation,community_services,wai,275.6
2017-09-01,occupation,community_services,wlg,212.2
2017-09-01,occupation,labourers,akl,511.5
2017-09-01,occupation,labourers,bop,553.1
2017-09-01,occupation,labourers,cant,376.2
2017-09-01,occupation,labourers,gis,323.9
2017-09-01,occupation,labourers,mrl,461.7
2017-09-01,occupation,labourers,mwt,439.3
2017-09-01,occupation,labourers,nld,388.1
2017-09-01,occupation,labourers,otg,545.4
2017-09-01,occupation,labourers,wai,478.7
2017-09-01,occupation,labourers,wlg,409.4
2017-09-01,occupation,machinery_drivers,akl,458.1
2017-09-01,occupation,machinery_drivers,bop,592.7
2017-09-01,occupation,machinery_drivers,cant,505.3
2017-09-01,occupation,machinery_drivers,gis,342.0
2017-09-01,occupation,machinery_drivers,mrl,366.7
2017-09-01,occupation,machinery_drivers,mwt,318.3
2017-09-01,occupation,machinery_drivers,nld,533.3
2017-09-01,occupation,machinery_drivers,otg,563.4
2017-09-01,occupation,machinery_drivers,wai,398.8
2017-09-01,occupation,machinery_drivers,wlg,355.3
2017-09-01,occupation,managers,akl,187.5
2017-09-01,occupation,managers,bop,255.6
2017-09-01,occupation,managers,cant,218.7
2017-09-01,occupation,managers,gis,249.0
2017-09-01,occupation,managers,mrl,238.5
2017-09-01,occupation,managers,mwt,171.9
2017-09-01,occupation,managers,nld,231.7
2017-09-01,occupation,managers,otg,265.2
2017-09-01,occupation,managers,wai,207.9
2017-09-01,occupation,managers,wlg,132.7
2017-09-01,occupation,professionals,akl,160.5
2017-09-01,occupation,professionals,bop,202.1
2017-09-01,occupation,professionals,cant,179.9
2017-09-01,occupation,professionals,gis,127.8
2017-09-01,occupation,professionals,mrl,168.0
2017-09-01,occupation,professionals,mwt,146.9
2017-09-01,occupation,professionals,nld,142.3
2017-09-01,occupation,professionals,otg,187.5
2017-09-01,occupation,professionals,wai,158.1
2017-09-01,occupation,professionals,wlg,130.9
2017-09-01,occupation,sales,akl,245.8
2017-09-01,occupation,sales,bop,261.2
2017-09-01,occupation,sales,cant,204.2
2017-09-01,occupation,sales,gis,202.4
2017-09-01,occupation,sales,mrl,246.6
2017-09-01,occupation,sales,mwt,177.6
2017-09-01,occupation,sales,nld,209.8
2017-09-01,occupation,sales,otg,264.0
2017-09-01,occupation,sales,wai,210.4
2017-09-01,occupation,sales,wlg,182.3
2017-09-01,occupation,trades_and_technical,akl,355.3
2017-09-01,occupation,trades_and_technical,bop,399.7
2017-09-01,occupation,trades_and_technical,cant,358.1
2017-09-01,occupation,trades_and_technical,gis,272.1
2017-09-01,occupation,trades_and_technical,mrl,372.4
2017-09-01,occupation,trades_and_technical,mwt,257.2
2017-09-01,occupation,trades_and_technical,nld,339.7
2017-09-01,occupation,trades_and_technical,otg,460.1
2017-09-01,occupation,trades_and_technical,wai,357.5
2017-09-01,occupation,trades_and_technical,wlg,240.7
2017-09-01,skill_level,highly_skilled,akl,173.02
2017-09-01,skill_level,highly_skilled,bop,268.05
2017-09-01,skill_level,highly_skilled,cant,208.09
2017-09-01,skill_level,highly_skilled,gis,204.96
2017-09-01,skill_level,highly_skilled,mrl,241.51
2017-09-01,skill_level,highly_skilled,mwt,188.57
2017-09-01,skill_level,highly_skilled,nld,219.9
2017-09-01,skill_level,highly_skilled,otg,249.05
2017-09-01,skill_level,highly_skilled,wai,201.19
2017-09-01,skill_level,highly_skilled,wlg,135.27
2017-09-01,skill_level,low_skilled,akl,258.05
2017-09-01,skill_level,low_skilled,bop,311.2
2017-09-01,skill_level,low_skilled,cant,261.0
2017-09-01,skill_level,low_skilled,gis,236.94
2017-09-01,skill_level,low_skilled,mrl,310.26
2017-09-01,skill_level,low_skilled,mwt,255.68
2017-09-01,skill_level,low_skilled,nld,306.12
2017-09-01,skill_level,low_skilled,otg,360.13
2017-09-01,skill_level,low_skilled,wai,294.13
2017-09-01,skill_level,low_skilled,wlg,207.85
2017-09-01,skill_level,semi_skilled,akl,379.79
2017-09-01,skill_level,semi_skilled,bop,477.27
2017-09-01,skill_level,semi_skilled,cant,430.93
2017-09-01,skill_level,semi_skilled,gis,330.41
2017-09-01,skill_level,semi_skilled,mrl,475.42
2017-09-01,skill_level,semi_skilled,mwt,292.24
2017-09-01,skill_level,semi_skilled,nld,344.57
2017-09-01,skill_level,semi_skilled,otg,579.41
2017-09-01,skill_level,semi_skilled,wai,397.69
2017-09-01,skill_level,semi_skilled,wlg,309.41
2017-09-01,skill_level,skilled,akl,217.19
2017-09-01,skill_level,skilled,bop,189.49
2017-09-01,skill_level,skilled,cant,185.67
2017-09-01,skill_level,skilled,gis,133.34
2017-09-01,skill_level,skilled,mrl,168.17
2017-09-01,skill_level,skilled,mwt,136.13
2017-09-01,skill_level,skilled,nld,137.69
2017-09-01,skill_level,skilled,otg,219.89
2017-09-01,skill_level,skilled,wai,175.82
2017-09-01,skill_level,skilled,wlg,148.12
2017-09-01,skill_level,unskilled,akl,338.5
2017-09-01,skill_level,unskilled,bop,343.38
2017-09-01,skill_level,unskilled,cant,250.22
2017-09-01,skill_level,unskilled,gis,279.2
2017-09-01,skill_level,unskilled,mrl,334.92
2017-09-01,skill_level,unskilled,mwt,251.06
2017-09-01,skill_level,unskilled,nld,327.14
2017-09-01,skill_level,unskilled,otg,383.26
2017-09-01,skill_level,unskilled,wai,296.71
2017-09-01,skill_level,unskilled,wlg,243.13
2017-12-01,industry,accounting,akl,147.87
2017-12-01,industry,accounting,bop,273.96
2017-12-01,industry,accounting,cant,175.74
2017-12-01,industry,accounting,gis,252.48
2017-12-01,industry,accounting,mrl,238.51
2017-12-01,industry,accounting,mwt,194.01
2017-12-01,industry,accounting,nld,159.23
2017-12-01,industry,accounting,otg,264.73
2017-12-01,industry,accounting,wai,169.94
2017-12-01,industry,accounting,wlg,131.89
2017-12-01,industry,construction,akl,323.41
2017-12-01,industry,construction,bop,406.62
2017-12-01,industry,construction,cant,311.37
2017-12-01,industry,construction,gis,212.5
2017-12-01,industry,construction,mrl,389.41
2017-12-01,industry,construction,mwt,180.38
2017-12-01,industry,construction,nld,306.08
2017-12-01,industry,construction,otg,485.14
2017-12-01,industry,construction,wai,281.01
2017-12-01,industry,construction,wlg,224.3
2017-12-01,industry,education,akl,104.17
2017-12-01,industry,education,bop,106.23
2017-12-01,industry,education,cant,100.91
2017-12-01,industry,education,gis,99.18
2017-12-01,industry,education,mrl,102.17
2017-12-01,industry,education,mwt,96.48
2017-12-01,industry,education,nld,80.82
2017-12-01,industry,education,otg,91.8
2017-12-01,industry,education,wai,105.38
2017-12-01,industry,education,wlg,94.74
2017-12-01,industry,health,akl,138.88
2017-12-01,industry,health,bop,218.8
2017-12-01,industry,health,cant,170.7
2017-12-01,industry,health,gis,120.08
2017-12-01,industry,health,mrl,282.73
2017-12-01,industry,health,mwt,211.61
2017-12-01,industry,health,nld,157.47
2017-12-01,industry,health,otg,229.44
2017-12-01,industry,health,wai,214.21
2017-12-01,industry,health,wlg,160.97
2017-12-01,industry,hospitality,akl,247.25
2017-12-01,industry,hospitality,bop,198.03
2017-12-01,industry,hospitality,cant,161.2
2017-12-01,industry,hospitality,gis,195.2
2017-12-01,industry,hospitality,mrl,276.13
2017-12-01,industry,hospitality,mwt,208.27
2017-12-01,industry,hospitality,nld,268.97
2017-12-01,industry,hospitality,otg,373.58
2017-12-01,industry,hospitality,wai,221.43
2017-12-01,industry,hospitality,wlg,184.0
2017-12-01,industry,it,akl,81.72
2017-12-01,industry,it,bop,143.37
2017-12-01,industry,it,cant,106.21
2017-12-01,industry,it,gis,225.93
2017-12-01,industry,it,mrl,130.77
2017-12-01,industry,it,mwt,142.35
2017-12-01,industry,it,nld,192.86
2017-12-01,industry,it,otg,151.61
2017-12-01,industry,it,wai,83.92
2017-12-01,industry,it,wlg,66.28
2017-12-01,industry,manufacturing,akl,275.26
2017-12-01,industry,manufacturing,bop,428.34
2017-12-01,industry,manufacturing,cant,366.61
2017-12-01,industry,manufacturing,gis,362.1
2017-12-01,industry,manufacturing,mrl,493.48
2017-12-01,industry,manufacturing,mwt,234.35
2017-12-01,industry,manufacturing,nld,355.36
2017-12-01,industry,manufacturing,otg,446.25
2017-12-01,industry,manufacturing,wai,333.12
2017-12-01,industry,manufacturing,wlg,237.06
2017-12-01,industry,other,akl,310.46
2017-12-01,industry,other,bop,438.46
2017-12-01,industry,other,cant,465.12
2017-12-01,industry,other,gis,271.05
2017-12-01,industry,other,mrl,372.37
2017-12-01,industry,other,mwt,251.66
2017-12-01,industry,other,nld,758.82
2017-12-01,industry,other,otg,507.14
2017-12-01,industry,other,wai,342.86
2017-12-01,industry,other,wlg,184.06
2017-12-01,industry,primary,akl,230.61
2017-12-01,industry,primary,bop,440.91
2017-12-01,industry,primary,cant,266.05
2017-12-01,industry,primary,gis,320.63
2017-12-01,industry,primary,mrl,260.22
2017-12-01,industry,primary,mwt,265.71
2017-12-01,industry,primary,nld,210.26
2017-12-01,industry,primary,otg,258.72
2017-12-01,industry,primary,wai,285.26
2017-12-01,industry,primary,wlg,200.0
2017-12-01,industry,sales,akl,157.2
2017-12-01,industry,sales,bop,190.0
2017-12-01,industry,sales,cant,146.59
2017-12-01,industry,sales,gis,189.5
2017-12-01,industry,sales,mrl,190.63
2017-12-01,industry,sales,mwt,124.82
2017-12-01,industry,sales,nld,183.08
2017-12-01,industry,sales,otg,205.22
2017-12-01,industry,sales,wai,143.18
2017-12-01,industry,sales,wlg,114.21
2017-12-01,occupation,clerical_admin,akl,159.6
2017-12-01,occupation,clerical_admin,bop,257.2
2017-12-01,occupation,clerical_admin,cant,162.6
2017-12-01,occupation,clerical_admin,gis,249.6
2017-12-01,occupation,clerical_admin,mrl,289.6
2017-12-01,occupation,clerical_admin,mwt,171.6
2017-12-01,occupation,clerical_admin,nld,228.3
2017-12-01,occupation,clerical_admin,otg,302.3
2017-12-01,occupation,clerical_admin,wai,183.1
2017-12-01,occupation,clerical_admin,wlg,132.0
2017-12-01,occupation,community_services,akl,237.0
2017-12-01,occupation,community_services,bop,189.2
2017-12-01,occupation,community_services,cant,173.2
2017-12-01,occupation,community_services,gis,155.1
2017-12-01,occupation,community_services,mrl,245.2
2017-12-01,occupation,community_services,mwt,220.3
2017-12-01,occupation,community_services,nld,249.2
2017-12-01,occupation,community_services,otg,349.4
2017-12-01,occupation,community_services,wai,246.1
2017-12-01,occupation,community_services,wlg,175.1
2017-12-01,occupation,labourers,akl,420.4
2017-12-01,occupation,labourers,bop,491.8
2017-12-01,occupation,labourers,cant,344.1
2017-12-01,occupation,labourers,gis,288.9
2017-12-01,occupation,labourers,mrl,481.2
2017-12-01,occupation,labourers,mwt,354.8
2017-12-01,occupation,labourers,nld,333.3
2017-12-01,occupation,labourers,otg,550.5
2017-12-01,occupation,labourers,wai,427.9
2017-12-01,occupation,labourers,wlg,336.1
2017-12-01,occupation,machinery_drivers,akl,391.1
2017-12-01,occupation,machinery_drivers,bop,504.2
2017-12-01,occupation,machinery_drivers,cant,433.1
2017-12-01,occupation,machinery_drivers,gis,342.0
2017-12-01,occupation,machinery_drivers,mrl,378.9
2017-12-01,occupation,machinery_drivers,mwt,262.5
2017-12-01,occupation,machinery_drivers,nld,416.7
2017-12-01,occupation,machinery_drivers,otg,446.5
2017-12-01,occupation,machinery_drivers,wai,357.3
2017-12-01,occupation,machinery_drivers,wlg,298.4
2017-12-01,occupation,managers,akl,162.3
2017-12-01,occupation,managers,bop,270.5
2017-12-01,occupation,managers,cant,194.6
2017-12-01,occupation,managers,gis,255.1
2017-12-01,occupation,managers,mrl,235.7
2017-12-01,occupation,managers,mwt,168.5
2017-12-01,occupation,managers,nld,228.7
2017-12-01,occupation,managers,otg,260.0
2017-12-01,occupation,managers,wai,199.6
2017-12-01,occupation,managers,wlg,110.8
2017-12-01,occupation,professionals,akl,130.9
2017-12-01,occupation,professionals,bop,205.0
2017-12-01,occupation,professionals,cant,163.9
2017-12-01,occupation,professionals,gis,129.5
2017-12-01,occupation,professionals,mrl,160.3
2017-12-01,occupation,professionals,mwt,137.2
2017-12-01,occupation,professionals,nld,151.9
2017-12-01,occupation,professionals,otg,177.4
2017-12-01,occupation,professionals,wai,136.9
2017-12-01,occupation,professionals,wlg,108.5
2017-12-01,occupation,sales,akl,187.3
2017-12-01,occupation,sales,bop,200.5
2017-12-01,occupation,sales,cant,146.5
2017-12-01,occupation,sales,gis,173.8
2017-12-01,occupation,sales,mrl,213.8
2017-12-01,occupation,sales,mwt,136.7
2017-12-01,occupation,sales,nld,133.7
2017-12-01,occupation,sales,otg,234.2
2017-12-01,occupation,sales,wai,150.3
2017-12-01,occupation,sales,wlg,136.7
2017-12-01,occupation,trades_and_technical,akl,306.3
2017-12-01,occupation,trades_and_technical,bop,351.4
2017-12-01,occupation,trades_and_technical,cant,306.3
2017-12-01,occupation,trades_and_technical,gis,214.3
2017-12-01,occupation,trades_and_technical,mrl,350.5
2017-12-01,occupation,trades_and_technical,mwt,218.5
2017-12-01,occupation,trades_and_technical,nld,261.1
2017-12-01,occupation,trades_and_technical,otg,427.5
2017-12-01,occupation,trades_and_technical,wai,302.8
2017-12-01,occupation,trades_and_technical,wlg,182.2
2017-12-01,skill_level,highly_skilled,akl,144.95
2017-12-01,skill_level,highly_skilled,bop,270.7
2017-12-01,skill_level,highly_skilled,cant,188.49
2017-12-01,skill_level,highly_skilled,gis,191.23
2017-12-01,skill_level,highly_skilled,mrl,230.01
2017-12-01,skill_level,highly_skilled,mwt,184.55
2017-12-01,skill_level,highly_skilled,nld,217.6
2017-12-01,skill_level,highly_skilled,otg,242.52
2017-12-01,skill_level,highly_skilled,wai,175.29
2017-12-01,skill_level,highly_skilled,wlg,111.37
2017-12-01,skill_level,low_skilled,akl,204.76
2017-12-01,skill_level,low_skilled,bop,277.92
2017-12-01,skill_level,low_skilled,cant,221.49
2017-12-01,skill_level,low_skilled,gis,196.76
2017-12-01,skill_level,low_skilled,mrl,310.26
2017-12-01,skill_level,low_skilled,mwt,206.36
2017-12-01,skill_level,low_skilled,nld,257.22
2017-12-01,skill_level,low_skilled,otg,333.54
2017-12-01,skill_level,low_skilled,wai,248.51
2017-12-01,skill_level,low_skilled,wlg,168.81
2017-12-01,skill_level,semi_skilled,akl,329.01
2017-12-01,skill_level,semi_skilled,bop,424.24
2017-12-01,skill_level,semi_skilled,cant,373.42
2017-12-01,skill_level,semi_skilled,gis,258.78
2017-12-01,skill_level,semi_skilled,mrl,425.42
2017-12-01,skill_level,semi_skilled,mwt,251.73
2017-12-01,skill_level,semi_skilled,nld,230.43
2017-12-01,skill_level,semi_skilled,otg,497.55
2017-12-01,skill_level,semi_skilled,wai,334.65
2017-12-01,skill_level,semi_skilled,wlg,218.45
2017-12-01,skill_level,skilled,akl,176.52
2017-12-01,skill_level,skilled,bop,176.44
2017-12-01,skill_level,skilled,cant,148.88
2017-12-01,skill_level,skilled,gis,142.85
2017-12-01,skill_level,skilled,mrl,159.05
2017-12-01,skill_level,skilled,mwt,111.1
2017-12-01,skill_level,skilled,nld,135.02
2017-12-01,skill_level,skilled,otg,205.58
2017-12-01,skill_level,skilled,wai,153.04
2017-12-01,skill_level,skilled,wlg,122.69
2017-12-01,skill_level,unskilled,akl,274.71
2017-12-01,skill_level,unskilled,bop,309.19
2017-12-01,skill_level,unskilled,cant,221.61
2017-12-01,skill_level,unskilled,gis,260.8
2017-12-01,skill_level,unskilled,mrl,335.67
2017-12-01,skill_level,unskilled,mwt,218.54
2017-12-01,skill_level,unskilled,nld,217.14
2017-12-01,skill_level,unskilled,otg,370.7
2017-12-01,skill_level,unskilled,wai,236.84
2017-12-01,skill_level,unskilled,wlg,185.46
2018-03-01,industry,accounting,akl,186.61
2018-03-01,industry,accounting,bop,336.98
2018-03-01,industry,accounting,cant,218.68
2018-03-01,industry,accounting,gis,306.38
2018-03-01,industry,accounting,mrl,227.01
2018-03-01,industry,accounting,mwt,220.22
2018-03-01,industry,accounting,nld,201.54
2018-03-01,industry,accounting,otg,313.01
2018-03-01,industry,accounting,wai,216.82
2018-03-01,industry,accounting,wlg,159.33
2018-03-01,industry,construction,akl,365.32
2018-03-01,industry,construction,bop,449.77
2018-03-01,industry,construction,cant,333.71
2018-03-01,industry,construction,gis,284.47
2018-03-01,industry,construction,mrl,396.19
2018-03-01,industry,construction,mwt,230.67
2018-03-01,industry,construction,nld,386.49
2018-03-01,industry,construction,otg,538.04
2018-03-01,industry,construction,wai,349.51
2018-03-01,industry,construction,wlg,270.48
2018-03-01,industry,education,akl,107.44
2018-03-01,industry,education,bop,92.13
2018-03-01,industry,education,cant,74.28
2018-03-01,industry,education,gis,59.59
2018-03-01,industry,education,mrl,60.87
2018-03-01,industry,education,mwt,78.86
2018-03-01,industry,education,nld,69.41
2018-03-01,industry,education,otg,62.15
2018-03-01,industry,education,wai,86.45
2018-03-01,industry,education,wlg,95.32
2018-03-01,industry,health,akl,177.37
2018-03-01,industry,health,bop,240.23
2018-03-01,industry,health,cant,207.26
2018-03-01,industry,health,gis,192.13
2018-03-01,industry,health,mrl,271.47
2018-03-01,industry,health,mwt,245.04
2018-03-01,industry,health,nld,184.14
2018-03-01,industry,health,otg,274.98
2018-03-01,industry,health,wai,263.09
2018-03-01,industry,health,wlg,174.44
2018-03-01,industry,hospitality,akl,293.38
2018-03-01,industry,hospitality,bop,250.25
2018-03-01,industry,hospitality,cant,199.4
2018-03-01,industry,hospitality,gis,227.2
2018-03-01,industry,hospitality,mrl,221.94
2018-03-01,industry,hospitality,mwt,286.47
2018-03-01,industry,hospitality,nld,358.62
2018-03-01,industry,hospitality,otg,384.55
2018-03-01,industry,hospitality,wai,257.59
2018-03-01,industry,hospitality,wlg,246.86
2018-03-01,industry,it,akl,100.55
2018-03-01,industry,it,bop,169.88
2018-03-01,industry,it,cant,111.02
2018-03-01,industry,it,gis,203.7
2018-03-01,industry,it,mrl,150.0
2018-03-01,industry,it,mwt,136.47
2018-03-01,industry,it,nld,171.43
2018-03-01,industry,it,otg,143.01
2018-03-01,industry,it,wai,109.55
2018-03-01,industry,it,wlg,77.97
2018-03-01,industry,manufacturing,akl,322.83
2018-03-01,industry,manufacturing,bop,482.35
2018-03-01,industry,manufacturing,cant,386.15
2018-03-01,industry,manufacturing,gis,440.32
2018-03-01,industry,manufacturing,mrl,627.17
2018-03-01,industry,manufacturing,mwt,296.96
2018-03-01,industry,manufacturing,nld,419.64
2018-03-01,industry,manufacturing,otg,490.63
2018-03-01,industry,manufacturing,wai,402.57
2018-03-01,industry,manufacturing,wlg,274.66
2018-03-01,industry,other,akl,363.59
2018-03-01,industry,other,bop,480.77
2018-03-01,industry,other,cant,488.84
2018-03-01,industry,other,gis,306.58
2018-03-01,industry,other,mrl,443.42
2018-03-01,industry,other,mwt,285.43
2018-03-01,industry,other,nld,835.29
2018-03-01,industry,other,otg,558.33
2018-03-01,industry,other,wai,387.83
2018-03-01,industry,other,wlg,224.77
2018-03-01,industry,primary,akl,257.14
2018-03-01,industry,primary,bop,654.55
2018-03-01,industry,primary,cant,302.47
2018-03-01,industry,primary,gis,377.78
2018-03-01,industry,primary,mrl,230.11
2018-03-01,industry,primary,mwt,300.0
2018-03-01,industry,primary,nld,369.23
2018-03-01,industry,primary,otg,239.45
2018-03-01,industry,primary,wai,337.89
2018-03-01,industry,primary,wlg,213.43
2018-03-01,industry,sales,akl,193.36
2018-03-01,industry,sales,bop,237.03
2018-03-01,industry,sales,cant,181.71
2018-03-01,industry,sales,gis,276.0
2018-03-01,industry,sales,mrl,220.09
2018-03-01,industry,sales,mwt,167.95
2018-03-01,industry,sales,nld,233.85
2018-03-01,industry,sales,otg,240.36
2018-03-01,industry,sales,wai,193.33
2018-03-01,industry,sales,wlg,152.01
2018-03-01,occupation,clerical_admin,akl,205.2
2018-03-01,occupation,clerical_admin,bop,316.2
2018-03-01,occupation,clerical_admin,cant,201.8
2018-03-01,occupation,clerical_admin,gis,360.2
2018-03-01,occupation,clerical_admin,mrl,296.9
2018-03-01,occupation,clerical_admin,mwt,219.9
2018-03-01,occupation,clerical_admin,nld,252.1
2018-03-01,occupation,clerical_admin,otg,370.9
2018-03-01,occupation,clerical_admin,wai,271.7
2018-03-01,occupation,clerical_admin,wlg,159.9
2018-03-01,occupation,community_services,akl,316.3
2018-03-01,occupation,community_services,bop,226.3
2018-03-01,occupation,community_services,cant,206.4
2018-03-01,occupation,community_services,gis,230.9
2018-03-01,occupation,community_services,mrl,277.9
2018-03-01,occupation,community_services,mwt,284.9
2018-03-01,occupation,community_services,nld,366.4
2018-03-01,occupation,community_services,otg,391.6
2018-03-01,occupation,community_services,wai,331.8
2018-03-01,occupation,community_services,wlg,244.9
2018-03-01,occupation,labourers,akl,533.2
2018-03-01,occupation,labourers,bop,614.3
2018-03-01,occupation,labourers,cant,390.6
2018-03-01,occupation,labourers,gis,365.2
2018-03-01,occupation,labourers,mrl,477.3
2018-03-01,occupation,labourers,mwt,542.9
2018-03-01,occupation,labourers,nld,445.2
2018-03-01,occupation,labourers,otg,648.5
2018-03-01,occupation,labourers,wai,514.0
2018-03-01,occupation,labourers,wlg,408.9
2018-03-01,occupation,machinery_drivers,akl,459.5
2018-03-01,occupation,machinery_drivers,bop,604.2
2018-03-01,occupation,machinery_drivers,cant,458.4
2018-03-01,occupation,machinery_drivers,gis,444.9
2018-03-01,occupation,machinery_drivers,mrl,432.9
2018-03-01,occupation,machinery_drivers,mwt,357.7
2018-03-01,occupation,machinery_drivers,nld,446.7
2018-03-01,occupation,machinery_drivers,otg,542.6
2018-03-01,occupation,machinery_drivers,wai,391.8
2018-03-01,occupation,machinery_drivers,wlg,357.4
2018-03-01,occupation,managers,akl,187.4
2018-03-01,occupation,managers,bop,293.9
2018-03-01,occupation,managers,cant,215.9
2018-03-01,occupation,managers,gis,257.8
2018-03-01,occupation,managers,mrl,238.5
2018-03-01,occupation,managers,mwt,199.6
2018-03-01,occupation,managers,nld,282.2
2018-03-01,occupation,managers,otg,276.2
2018-03-01,occupation,managers,wai,235.8
2018-03-01,occupation,managers,wlg,128.0
2018-03-01,occupation,professionals,akl,152.4
2018-03-01,occupation,professionals,bop,201.6
2018-03-01,occupation,professionals,cant,171.8
2018-03-01,occupation,professionals,gis,138.8
2018-03-01,occupation,professionals,mrl,138.9
2018-03-01,occupation,professionals,mwt,125.3
2018-03-01,occupation,professionals,nld,143.8
2018-03-01,occupation,professionals,otg,176.5
2018-03-01,occupation,professionals,wai,155.5
2018-03-01,occupation,professionals,wlg,124.5
2018-03-01,occupation,sales,akl,227.7
2018-03-01,occupation,sales,bop,268.3
2018-03-01,occupation,sales,cant,191.2
2018-03-01,occupation,sales,gis,250.8
2018-03-01,occupation,sales,mrl,251.7
2018-03-01,occupation,sales,mwt,187.5
2018-03-01,occupation,sales,nld,187.0
2018-03-01,occupation,sales,otg,286.9
2018-03-01,occupation,sales,wai,199.4
2018-03-01,occupation,sales,wlg,186.3
2018-03-01,occupation,trades_and_technical,akl,350.1
2018-03-01,occupation,trades_and_technical,bop,429.4
2018-03-01,occupation,trades_and_technical,cant,339.7
2018-03-01,occupation,trades_and_technical,gis,272.9
2018-03-01,occupation,trades_and_technical,mrl,327.6
2018-03-01,occupation,trades_and_technical,mwt,291.3
2018-03-01,occupation,trades_and_technical,nld,404.8
2018-03-01,occupation,trades_and_technical,otg,450.3
2018-03-01,occupation,trades_and_technical,wai,367.7
2018-03-01,occupation,trades_and_technical,wlg,240.5
2018-03-01,skill_level,highly_skilled,akl,171.23
2018-03-01,skill_level,highly_skilled,bop,286.3
2018-03-01,skill_level,highly_skilled,cant,207.35
2018-03-01,skill_level,highly_skilled,gis,218.92
2018-03-01,skill_level,highly_skilled,mrl,230.01
2018-03-01,skill_level,highly_skilled,mwt,187.11
2018-03-01,skill_level,highly_skilled,nld,238.53
2018-03-01,skill_level,highly_skilled,otg,253.1
2018-03-01,skill_level,highly_skilled,wai,212.02
2018-03-01,skill_level,highly_skilled,wlg,131.01
2018-03-01,skill_level,low_skilled,akl,254.5
2018-03-01,skill_level,low_skilled,bop,348.7
2018-03-01,skill_level,low_skilled,cant,256.58
2018-03-01,skill_level,low_skilled,gis,294.69
2018-03-01,skill_level,low_skilled,mrl,340.37
2018-03-01,skill_level,low_skilled,mwt,288.36
2018-03-01,skill_level,low_skilled,nld,283.27
2018-03-01,skill_level,low_skilled,otg,384.39
2018-03-01,skill_level,low_skilled,wai,307.01
2018-03-01,skill_level,low_skilled,wlg,213.52
2018-03-01,skill_level,semi_skilled,akl,389.01
2018-03-01,skill_level,semi_skilled,bop,517.17
2018-03-01,skill_level,semi_skilled,cant,405.2
2018-03-01,skill_level,semi_skilled,gis,322.3
2018-03-01,skill_level,semi_skilled,mrl,450.0
2018-03-01,skill_level,semi_skilled,mwt,324.66
2018-03-01,skill_level,semi_skilled,nld,398.91
2018-03-01,skill_level,semi_skilled,otg,550.98
2018-03-01,skill_level,semi_skilled,wai,408.58
2018-03-01,skill_level,semi_skilled,wlg,289.13
2018-03-01,skill_level,skilled,akl,203.72
2018-03-01,skill_level,skilled,bop,186.76
2018-03-01,skill_level,skilled,cant,166.16
2018-03-01,skill_level,skilled,gis,139.21
2018-03-01,skill_level,skilled,mrl,124.43
2018-03-01,skill_level,skilled,mwt,129.88
2018-03-01,skill_level,skilled,nld,143.38
2018-03-01,skill_level,skilled,otg,218.22
2018-03-01,skill_level,skilled,wai,183.04
2018-03-01,skill_level,skilled,wlg,141.86
2018-03-01,skill_level,unskilled,akl,337.22
2018-03-01,skill_level,unskilled,bop,383.92
2018-03-01,skill_level,unskilled,cant,261.31
2018-03-01,skill_level,unskilled,gis,349.6
2018-03-01,skill_level,unskilled,mrl,338.65
2018-03-01,skill_level,unskilled,mwt,300.63
2018-03-01,skill_level,unskilled,nld,360.0
2018-03-01,skill_level,unskilled,otg,438.6
2018-03-01,skill_level,unskilled,wai,302.3
2018-03-01,skill_level,unskilled,wlg,240.91
2018-06-01,industry,accounting,akl,193.44
2018-06-01,industry,accounting,bop,349.43
2018-06-01,industry,accounting,cant,236.71
2018-06-01,industry,accounting,gis,317.73
2018-06-01,industry,accounting,mrl,251.72
2018-06-01,industry,accounting,mwt,256.93
2018-06-01,industry,accounting,nld,238.46
2018-06-01,industry,accounting,otg,299.32
2018-06-01,industry,accounting,wai,238.0
2018-06-01,industry,accounting,wlg,175.69
2018-06-01,industry,construction,akl,370.16
2018-06-01,industry,construction,bop,453.88
2018-06-01,industry,construction,cant,334.5
2018-06-01,industry,construction,gis,276.14
2018-06-01,industry,construction,mrl,419.92
2018-06-01,industry,construction,mwt,222.86
2018-06-01,industry,construction,nld,366.22
2018-06-01,industry,construction,otg,487.41
2018-06-01,industry,construction,wai,368.21
2018-06-01,industry,construction,wlg,290.16
2018-06-01,industry,education,akl,127.32
2018-06-01,industry,education,bop,105.9
2018-06-01,industry,education,cant,86.76
2018-06-01,industry,education,gis,66.94
2018-06-01,industry,education,mrl,53.48
2018-06-01,industry,education,mwt,92.41
2018-06-01,industry,education,nld,71.23
2018-06-01,industry,education,otg,62.46
2018-06-01,industry,education,wai,88.39
2018-06-01,industry,education,wlg,102.78
2018-06-01,industry,health,akl,196.86
2018-06-01,industry,health,bop,277.32
2018-06-01,industry,health,cant,228.71
2018-06-01,industry,health,gis,196.27
2018-06-01,industry,health,mrl,328.91
2018-06-01,industry,health,mwt,266.46
2018-06-01,industry,health,nld,210.81
2018-06-01,industry,health,otg,296.44
2018-06-01,industry,health,wai,297.75
2018-06-01,industry,health,wlg,188.39
2018-06-01,industry,hospitality,akl,261.7
2018-06-01,industry,hospitality,bop,215.76
2018-06-01,industry,hospitality,cant,182.41
2018-06-01,industry,hospitality,gis,169.6
2018-06-01,industry,hospitality,mrl,190.97
2018-06-01,industry,hospitality,mwt,260.15
2018-06-01,industry,hospitality,nld,258.62
2018-06-01,industry,hospitality,otg,283.33
2018-06-01,industry,hospitality,wai,223.21
2018-06-01,industry,hospitality,wlg,239.62
2018-06-01,industry,it,akl,109.64
2018-06-01,industry,it,bop,218.07
2018-06-01,industry,it,cant,120.19
2018-06-01,industry,it,gis,244.44
2018-06-01,industry,it,mrl,226.92
2018-06-01,industry,it,mwt,156.47
2018-06-01,industry,it,nld,192.86
2018-06-01,industry,it,otg,196.77
2018-06-01,industry,it,wai,132.66
2018-06-01,industry,it,wlg,84.05
2018-06-01,industry,manufacturing,akl,326.47
2018-06-01,industry,manufacturing,bop,500.53
2018-06-01,industry,manufacturing,cant,330.73
2018-06-01,industry,manufacturing,gis,325.81
2018-06-01,industry,manufacturing,mrl,447.83
2018-06-01,industry,manufacturing,mwt,293.48
2018-06-01,industry,manufacturing,nld,392.86
2018-06-01,industry,manufacturing,otg,430.0
2018-06-01,industry,manufacturing,wai,370.42
2018-06-01,industry,manufacturing,wlg,289.92
2018-06-01,industry,other,akl,347.96
2018-06-01,industry,other,bop,483.65
2018-06-01,industry,other,cant,514.88
2018-06-01,industry,other,gis,402.63
2018-06-01,industry,other,mrl,427.63
2018-06-01,industry,other,mwt,308.61
2018-06-01,industry,other,nld,811.76
2018-06-01,industry,other,otg,595.24
2018-06-01,industry,other,wai,390.48
2018-06-01,industry,other,wlg,240.71
2018-06-01,industry,primary,akl,253.06
2018-06-01,industry,primary,bop,538.64
2018-06-01,industry,primary,cant,323.46
2018-06-01,industry,primary,gis,425.4
2018-06-01,industry,primary,mrl,278.49
2018-06-01,industry,primary,mwt,314.29
2018-06-01,industry,primary,nld,287.18
2018-06-01,industry,primary,otg,263.3
2018-06-01,industry,primary,wai,386.32
2018-06-01,industry,primary,wlg,223.88
2018-06-01,industry,sales,akl,195.5
2018-06-01,industry,sales,bop,245.95
2018-06-01,industry,sales,cant,177.13
2018-06-01,industry,sales,gis,262.0
2018-06-01,industry,sales,mrl,208.93
2018-06-01,industry,sales,mwt,171.33
2018-06-01,industry,sales,nld,249.23
2018-06-01,industry,sales,otg,249.21
2018-06-01,industry,sales,wai,198.18
2018-06-01,industry,sales,wlg,153.66
2018-06-01,occupation,clerical_admin,akl,213.9
2018-06-01,occupation,clerical_admin,bop,331.1
2018-06-01,occupation,clerical_admin,cant,218.9
2018-06-01,occupation,clerical_admin,gis,337.2
2018-06-01,occupation,clerical_admin,mrl,302.0
2018-06-01,occupation,clerical_admin,mwt,251.5
2018-06-01,occupation,clerical_admin,nld,316.9
2018-06-01,occupation,clerical_admin,otg,317.4
2018-06-01,occupation,clerical_admin,wai,270.1
2018-06-01,occupation,clerical_admin,wlg,175.5
2018-06-01,occupation,community_services,akl,291.8
2018-06-01,occupation,community_services,bop,240.4
2018-06-01,occupation,community_services,cant,197.4
2018-06-01,occupation,community_services,gis,182.4
2018-06-01,occupation,community_services,mrl,225.4
2018-06-01,occupation,community_services,mwt,284.9
2018-06-01,occupation,community_services,nld,325.8
2018-06-01,occupation,community_services,otg,322.1
2018-06-01,occupation,community_services,wai,296.3
2018-06-01,occupation,community_services,wlg,235.0
2018-06-01,occupation,labourers,akl,508.5
2018-06-01,occupation,labourers,bop,582.7
2018-06-01,occupation,labourers,cant,378.5
2018-06-01,occupation,labourers,gis,313.9
2018-06-01,occupation,labourers,mrl,466.9
2018-06-01,occupation,labourers,mwt,498.8
2018-06-01,occupation,labourers,nld,359.5
2018-06-01,occupation,labourers,otg,543.3
2018-06-01,occupation,labourers,wai,505.9
2018-06-01,occupation,labourers,wlg,426.7
2018-06-01,occupation,machinery_drivers,akl,449.7
2018-06-01,occupation,machinery_drivers,bop,587.5
2018-06-01,occupation,machinery_drivers,cant,399.3
2018-06-01,occupation,machinery_drivers,gis,326.1
2018-06-01,occupation,machinery_drivers,mrl,310.3
2018-06-01,occupation,machinery_drivers,mwt,346.2
2018-06-01,occupation,machinery_drivers,nld,396.7
2018-06-01,occupation,machinery_drivers,otg,480.2
2018-06-01,occupation,machinery_drivers,wai,384.2
2018-06-01,occupation,machinery_drivers,wlg,423.7
2018-06-01,occupation,managers,akl,190.2
2018-06-01,occupation,managers,bop,316.2
2018-06-01,occupation,managers,cant,230.1
2018-06-01,occupation,managers,gis,304.8
2018-06-01,occupation,managers,mrl,246.8
2018-06-01,occupation,managers,mwt,190.3
2018-06-01,occupation,managers,nld,300.0
2018-06-01,occupation,managers,otg,275.0
2018-06-01,occupation,managers,wai,254.9
2018-06-01,occupation,managers,wlg,143.1
2018-06-01,occupation,professionals,akl,163.6
2018-06-01,occupation,professionals,bop,221.8
2018-06-01,occupation,professionals,cant,182.1
2018-06-01,occupation,professionals,gis,142.8
2018-06-01,occupation,professionals,mrl,161.8
2018-06-01,occupation,professionals,mwt,146.1
2018-06-01,occupation,professionals,nld,155.4
2018-06-01,occupation,professionals,otg,195.8
2018-06-01,occupation,professionals,wai,173.4
2018-06-01,occupation,professionals,wlg,132.3
2018-06-01,occupation,sales,akl,225.7
2018-06-01,occupation,sales,bop,281.4
2018-06-01,occupation,sales,cant,169.2
2018-06-01,occupation,sales,gis,233.3
2018-06-01,occupation,sales,mrl,226.7
2018-06-01,occupation,sales,mwt,195.4
2018-06-01,occupation,sales,nld,201.1
2018-06-01,occupation,sales,otg,250.5
2018-06-01,occupation,sales,wai,228.6
2018-06-01,occupation,sales,wlg,182.8
2018-06-01,occupation,trades_and_technical,akl,357.3
2018-06-01,occupation,trades_and_technical,bop,423.5
2018-06-01,occupation,trades_and_technical,cant,338.4
2018-06-01,occupation,trades_and_technical,gis,294.5
2018-06-01,occupation,trades_and_technical,mrl,373.4
2018-06-01,occupation,trades_and_technical,mwt,288.0
2018-06-01,occupation,trades_and_technical,nld,360.3
2018-06-01,occupation,trades_and_technical,otg,434.7
2018-06-01,occupation,trades_and_technical,wai,373.6
2018-06-01,occupation,trades_and_technical,wlg,245.0
2018-06-01,skill_level,highly_skilled,akl,179.73
2018-06-01,skill_level,highly_skilled,bop,314.71
2018-06-01,skill_level,highly_skilled,cant,220.38
2018-06-01,skill_level,highly_skilled,gis,239.85
2018-06-01,skill_level,highly_skilled,mrl,254.53
2018-06-01,skill_level,highly_skilled,mwt,204.89
2018-06-01,skill_level,highly_skilled,nld,253.44
2018-06-01,skill_level,highly_skilled,otg,277.38
2018-06-01,skill_level,highly_skilled,wai,234.21
2018-06-01,skill_level,highly_skilled,wlg,141.32
2018-06-01,skill_level,low_skilled,akl,252.88
2018-06-01,skill_level,low_skilled,bop,345.69
2018-06-01,skill_level,low_skilled,cant,248.46
2018-06-01,skill_level,low_skilled,gis,234.26
2018-06-01,skill_level,low_skilled,mrl,294.42
2018-06-01,skill_level,low_skilled,mwt,285.83
2018-06-01,skill_level,low_skilled,nld,291.24
2018-06-01,skill_level,low_skilled,otg,337.97
2018-06-01,skill_level,low_skilled,wai,307.56
2018-06-01,skill_level,low_skilled,wlg,222.78
2018-06-01,skill_level,semi_skilled,akl,392.2
2018-06-01,skill_level,semi_skilled,bop,514.14
2018-06-01,skill_level,semi_skilled,cant,405.87
2018-06-01,skill_level,semi_skilled,gis,332.43
2018-06-01,skill_level,semi_skilled,mrl,470.34
2018-06-01,skill_level,semi_skilled,mwt,351.0
2018-06-01,skill_level,semi_skilled,nld,356.52
2018-06-01,skill_level,semi_skilled,otg,531.37
2018-06-01,skill_level,semi_skilled,wai,412.21
2018-06-01,skill_level,semi_skilled,wlg,304.39
2018-06-01,skill_level,skilled,akl,211.05
2018-06-01,skill_level,skilled,bop,201.17
2018-06-01,skill_level,skilled,cant,172.28
2018-06-01,skill_level,skilled,gis,148.72
2018-06-01,skill_level,skilled,mrl,134.26
2018-06-01,skill_level,skilled,mwt,134.15
2018-06-01,skill_level,skilled,nld,151.73
2018-06-01,skill_level,skilled,otg,193.12
2018-06-01,skill_level,skilled,wai,183.29
2018-06-01,skill_level,skilled,wlg,150.34
2018-06-01,skill_level,unskilled,akl,328.79
2018-06-01,skill_level,unskilled,bop,372.2
2018-06-01,skill_level,unskilled,cant,239.42
2018-06-01,skill_level,unskilled,gis,319.2
2018-06-01,skill_level,unskilled,mrl,340.13
2018-06-01,skill_level,unskilled,mwt,284.64
2018-06-01,skill_level,unskilled,nld,294.29
2018-06-01,skill_level,unskilled,otg,359.53
2018-06-01,skill_level,unskilled,wai,310.2
2018-06-01,skill_level,unskilled,wlg,249.27
2018-09-01,industry,accounting,akl,185.8
2018-09-01,industry,accounting,bop,334.72
2018-09-01,industry,accounting,cant,212.37
2018-09-01,industry,accounting,gis,352.48
2018-09-01,industry,accounting,mrl,250.57
2018-09-01,industry,accounting,mwt,252.43
2018-09-01,industry,accounting,nld,230.0
2018-09-01,industry,accounting,otg,332.53
2018-09-01,industry,accounting,wai,238.37
2018-09-01,industry,accounting,wlg,188.66
2018-09-01,industry,construction,akl,375.76
2018-09-01,industry,construction,bop,470.55
2018-09-01,industry,construction,cant,326.7
2018-09-01,industry,construction,gis,307.2
2018-09-01,industry,construction,mrl,428.81
2018-09-01,industry,construction,mwt,242.86
2018-09-01,industry,construction,nld,391.22
2018-09-01,industry,construction,otg,590.93
2018-09-01,industry,construction,wai,368.92
2018-09-01,industry,construction,wlg,278.12
2018-09-01,industry,education,akl,123.04
2018-09-01,industry,education,bop,112.13
2018-09-01,industry,education,cant,99.7
2018-09-01,industry,education,gis,78.78
2018-09-01,industry,education,mrl,75.65
2018-09-01,industry,education,mwt,109.21
2018-09-01,industry,education,nld,85.39
2018-09-01,industry,education,otg,99.68
2018-09-01,industry,education,wai,103.66
2018-09-01,industry,education,wlg,114.91
2018-09-01,industry,health,akl,208.09
2018-09-01,industry,health,bop,362.2
2018-09-01,industry,health,cant,247.34
2018-09-01,industry,health,gis,235.2
2018-09-01,industry,health,mrl,377.91
2018-09-01,industry,health,mwt,299.56
2018-09-01,industry,health,nld,232.76
2018-09-01,industry,health,otg,328.84
2018-09-01,industry,health,wai,304.98
2018-09-01,industry,health,wlg,206.82
2018-09-01,industry,hospitality,akl,268.62
2018-09-01,industry,hospitality,bop,272.41
2018-09-01,industry,hospitality,cant,215.19
2018-09-01,industry,hospitality,gis,231.2
2018-09-01,industry,hospitality,mrl,293.55
2018-09-01,industry,hospitality,mwt,277.44
2018-09-01,industry,hospitality,nld,336.21
2018-09-01,industry,hospitality,otg,378.46
2018-09-01,industry,hospitality,wai,266.96
2018-09-01,industry,hospitality,wlg,249.33
2018-09-01,industry,it,akl,115.84
2018-09-01,industry,it,bop,206.02
2018-09-01,industry,it,cant,124.07
2018-09-01,industry,it,gis,229.63
2018-09-01,industry,it,mrl,165.38
2018-09-01,industry,it,mwt,191.76
2018-09-01,industry,it,nld,185.71
2018-09-01,industry,it,otg,164.52
2018-09-01,industry,it,wai,148.74
2018-09-01,industry,it,wlg,89.56
2018-09-01,industry,manufacturing,akl,338.26
2018-09-01,industry,manufacturing,bop,483.42
2018-09-01,industry,manufacturing,cant,348.31
2018-09-01,industry,manufacturing,gis,365.32
2018-09-01,industry,manufacturing,mrl,511.96
2018-09-01,industry,manufacturing,mwt,335.65
2018-09-01,industry,manufacturing,nld,382.14
2018-09-01,industry,manufacturing,otg,519.38
2018-09-01,industry,manufacturing,wai,412.86
2018-09-01,industry,manufacturing,wlg,290.74
2018-09-01,industry,other,akl,362.64
2018-09-01,industry,other,bop,512.5
2018-09-01,industry,other,cant,523.26
2018-09-01,industry,other,gis,401.32
2018-09-01,industry,other,mrl,493.42
2018-09-01,industry,other,mwt,323.18
2018-09-01,industry,other,nld,947.06
2018-09-01,industry,other,otg,644.05
2018-09-01,industry,other,wai,440.21
2018-09-01,industry,other,wlg,264.43
2018-09-01,industry,primary,akl,260.54
2018-09-01,industry,primary,bop,613.64
2018-09-01,industry,primary,cant,350.62
2018-09-01,industry,primary,gis,538.1
2018-09-01,industry,primary,mrl,386.02
2018-09-01,industry,primary,mwt,370.0
2018-09-01,industry,primary,nld,325.64
2018-09-01,industry,primary,otg,338.53
2018-09-01,industry,primary,wai,383.16
2018-09-01,industry,primary,wlg,310.45
2018-09-01,industry,sales,akl,197.7
2018-09-01,industry,sales,bop,257.03
2018-09-01,industry,sales,cant,166.74
2018-09-01,industry,sales,gis,259.0
2018-09-01,industry,sales,mrl,216.07
2018-09-01,industry,sales,mwt,180.0
2018-09-01,industry,sales,nld,222.31
2018-09-01,industry,sales,otg,264.85
2018-09-01,industry,sales,wai,203.94
2018-09-01,industry,sales,wlg,157.17
2018-09-01,occupation,clerical_admin,akl,209.4
2018-09-01,occupation,clerical_admin,bop,322.6
2018-09-01,occupation,clerical_admin,cant,204.6
2018-09-01,occupation,clerical_admin,gis,358.4
2018-09-01,occupation,clerical_admin,mrl,321.1
2018-09-01,occupation,clerical_admin,mwt,260.5
2018-09-01,occupation,clerical_admin,nld,294.2
2018-09-01,occupation,clerical_admin,otg,369.0
2018-09-01,occupation,clerical_admin,wai,276.2
2018-09-01,occupation,clerical_admin,wlg,171.5
2018-09-01,occupation,community_services,akl,292.7
2018-09-01,occupation,community_services,bop,264.8
2018-09-01,occupation,community_services,cant,215.0
2018-09-01,occupation,community_services,gis,213.2
2018-09-01,occupation,community_services,mrl,296.2
2018-09-01,occupation,community_services,mwt,307.0
2018-09-01,occupation,community_services,nld,346.8
2018-09-01,occupation,community_services,otg,402.6
2018-09-01,occupation,community_services,wai,325.3
2018-09-01,occupation,community_services,wlg,242.2
2018-09-01,occupation,labourers,akl,530.9
2018-09-01,occupation,labourers,bop,603.1
2018-09-01,occupation,labourers,cant,399.4
2018-09-01,occupation,labourers,gis,388.9
2018-09-01,occupation,labourers,mrl,509.9
2018-09-01,occupation,labourers,mwt,594.0
2018-09-01,occupation,labourers,nld,454.8
2018-09-01,occupation,labourers,otg,655.7
2018-09-01,occupation,labourers,wai,556.6
2018-09-01,occupation,labourers,wlg,447.7
2018-09-01,occupation,machinery_drivers,akl,483.8
2018-09-01,occupation,machinery_drivers,bop,622.9
2018-09-01,occupation,machinery_drivers,cant,422.8
2018-09-01,occupation,machinery_drivers,gis,407.2
2018-09-01,occupation,machinery_drivers,mrl,381.4
2018-09-01,occupation,machinery_drivers,mwt,402.9
2018-09-01,occupation,machinery_drivers,nld,533.3
2018-09-01,occupation,machinery_drivers,otg,632.7
2018-09-01,occupation,machinery_drivers,wai,418.7
2018-09-01,occupation,machinery_drivers,wlg,423.7
2018-09-01,occupation,managers,akl,193.3
2018-09-01,occupation,managers,bop,322.9
2018-09-01,occupation,managers,cant,207.6
2018-09-01,occupation,managers,gis,307.5
2018-09-01,occupation,managers,mrl,282.6
2018-09-01,occupation,managers,mwt,183.6
2018-09-01,occupation,managers,nld,304.0
2018-09-01,occupation,managers,otg,290.6
2018-09-01,occupation,managers,wai,247.9
2018-09-01,occupation,managers,wlg,148.1
2018-09-01,occupation,professionals,akl,166.7
2018-09-01,occupation,professionals,bop,246.3
2018-09-01,occupation,professionals,cant,181.6
2018-09-01,occupation,professionals,gis,178.0
2018-09-01,occupation,professionals,mrl,179.3
2018-09-01,occupation,professionals,mwt,174.6
2018-09-01,occupation,professionals,nld,172.4
2018-09-01,occupation,professionals,otg,223.2
2018-09-01,occupation,professionals,wai,185.5
2018-09-01,occupation,professionals,wlg,147.2
2018-09-01,occupation,sales,akl,232.1
2018-09-01,occupation,sales,bop,297.3
2018-09-01,occupation,sales,cant,187.9
2018-09-01,occupation,sales,gis,242.1
2018-09-01,occupation,sales,mrl,239.7
2018-09-01,occupation,sales,mwt,211.1
2018-09-01,occupation,sales,nld,194.6
2018-09-01,occupation,sales,otg,307.2
2018-09-01,occupation,sales,wai,227.3
2018-09-01,occupation,sales,wlg,203.4
2018-09-01,occupation,trades_and_technical,akl,356.5
2018-09-01,occupation,trades_and_technical,bop,449.2
2018-09-01,occupation,trades_and_technical,cant,345.2
2018-09-01,occupation,trades_and_technical,gis,319.1
2018-09-01,occupation,trades_and_technical,mrl,399.5
2018-09-01,occupation,trades_and_technical,mwt,287.4
2018-09-01,occupation,trades_and_technical,nld,372.2
2018-09-01,occupation,trades_and_technical,otg,523.4
2018-09-01,occupation,trades_and_technical,wai,400.9
2018-09-01,occupation,trades_and_technical,wlg,246.0
2018-09-01,skill_level,highly_skilled,akl,182.49
2018-09-01,skill_level,highly_skilled,bop,331.64
2018-09-01,skill_level,highly_skilled,cant,207.72
2018-09-01,skill_level,highly_skilled,gis,273.86
2018-09-01,skill_level,highly_skilled,mrl,273.19
2018-09-01,skill_level,highly_skilled,mwt,228.64
2018-09-01,skill_level,highly_skilled,nld,264.62
2018-09-01,skill_level,highly_skilled,otg,294.87
2018-09-01,skill_level,highly_skilled,wai,238.86
2018-09-01,skill_level,highly_skilled,wlg,152.41
2018-09-01,skill_level,low_skilled,akl,255.02
2018-09-01,skill_level,low_skilled,bop,349.9
2018-09-01,skill_level,low_skilled,cant,250.88
2018-09-01,skill_level,low_skilled,gis,274.45
2018-09-01,skill_level,low_skilled,mrl,331.18
2018-09-01,skill_level,low_skilled,mwt,311.54
2018-09-01,skill_level,low_skilled,nld,310.37
2018-09-01,skill_level,low_skilled,otg,416.46
2018-09-01,skill_level,low_skilled,wai,323.45
2018-09-01,skill_level,low_skilled,wlg,221.1
2018-09-01,skill_level,semi_skilled,akl,399.72
2018-09-01,skill_level,semi_skilled,bop,536.36
2018-09-01,skill_level,semi_skilled,cant,397.13
2018-09-01,skill_level,semi_skilled,gis,382.43
2018-09-01,skill_level,semi_skilled,mrl,512.71
2018-09-01,skill_level,semi_skilled,mwt,346.95
2018-09-01,skill_level,semi_skilled,nld,392.39
2018-09-01,skill_level,semi_skilled,otg,662.25
2018-09-01,skill_level,semi_skilled,wai,446.2
2018-09-01,skill_level,semi_skilled,wlg,308.0
2018-09-01,skill_level,skilled,akl,207.84
2018-09-01,skill_level,skilled,bop,224.54
2018-09-01,skill_level,skilled,cant,188.26
2018-09-01,skill_level,skilled,gis,157.66
2018-09-01,skill_level,skilled,mrl,168.17
2018-09-01,skill_level,skilled,mwt,135.98
2018-09-01,skill_level,skilled,nld,157.08
2018-09-01,skill_level,skilled,otg,237.36
2018-09-01,skill_level,skilled,wai,195.07
2018-09-01,skill_level,skilled,wlg,159.72
2018-09-01,skill_level,unskilled,akl,349.56
2018-09-01,skill_level,unskilled,bop,411.76
2018-09-01,skill_level,unskilled,cant,261.46
2018-09-01,skill_level,unskilled,gis,358.4
2018-09-01,skill_level,unskilled,mrl,371.39
2018-09-01,skill_level,unskilled,mwt,356.07
2018-09-01,skill_level,unskilled,nld,354.29
2018-09-01,skill_level,unskilled,otg,441.86
2018-09-01,skill_level,unskilled,wai,337.5
2018-09-01,skill_level,unskilled,wlg,265.65
2018-12-01,industry,accounting,akl,149.13
2018-12-01,industry,accounting,bop,295.85
2018-12-01,industry,accounting,cant,168.08
2018-12-01,industry,accounting,gis,312.06
2018-12-01,industry,accounting,mrl,222.99
2018-12-01,industry,accounting,mwt,223.97
2018-12-01,industry,accounting,nld,196.92
2018-12-01,industry,accounting,otg,328.77
2018-12-01,industry,accounting,wai,192.44
2018-12-01,industry,accounting,wlg,147.73
2018-12-01,industry,construction,akl,326.63
2018-12-01,industry,construction,bop,400.23
2018-12-01,industry,construction,cant,278.26
2018-12-01,industry,construction,gis,290.91
2018-12-01,industry,construction,mrl,386.86
2018-12-01,industry,construction,mwt,211.81
2018-12-01,industry,construction,nld,370.95
2018-12-01,industry,construction,otg,541.81
2018-12-01,industry,construction,wai,324.75
2018-12-01,industry,construction,wlg,245.8
2018-12-01,industry,education,akl,122.48
2018-12-01,industry,education,bop,111.15
2018-12-01,industry,education,cant,104.41
2018-12-01,industry,education,gis,100.41
2018-12-01,industry,education,mrl,88.7
2018-12-01,industry,education,mwt,124.12
2018-12-01,industry,education,nld,110.05
2018-12-01,industry,education,otg,90.22
2018-12-01,industry,education,wai,123.44
2018-12-01,industry,education,wlg,118.86
2018-12-01,industry,health,akl,181.76
2018-12-01,industry,health,bop,335.42
2018-12-01,industry,health,cant,226.77
2018-12-01,industry,health,gis,210.77
2018-12-01,industry,health,mrl,334.55
2018-12-01,industry,health,mwt,281.39
2018-12-01,industry,health,nld,227.59
2018-12-01,industry,health,otg,301.69
2018-12-01,industry,health,wai,249.62
2018-12-01,industry,health,wlg,176.45
2018-12-01,industry,hospitality,akl,241.91
2018-12-01,industry,hospitality,bop,258.13
2018-12-01,industry,hospitality,cant,174.89
2018-12-01,industry,hospitality,gis,221.6
2018-12-01,industry,hospitality,mrl,269.03
2018-12-01,industry,hospitality,mwt,224.06
2018-12-01,industry,hospitality,nld,374.14
2018-12-01,industry,hospitality,otg,390.65
2018-12-01,industry,hospitality,wai,251.34
2018-12-01,industry,hospitality,wlg,217.9
2018-12-01,industry,it,akl,98.16
2018-12-01,industry,it,bop,226.51
2018-12-01,industry,it,cant,106.68
2018-12-01,industry,it,gis,266.67
2018-12-01,industry,it,mrl,173.08
2018-12-01,industry,it,mwt,130.59
2018-12-01,industry,it,nld,150.0
2018-12-01,industry,it,otg,156.99
2018-12-01,industry,it,wai,149.25
2018-12-01,industry,it,wlg,69.41
2018-12-01,industry,manufacturing,akl,278.61
2018-12-01,industry,manufacturing,bop,468.98
2018-12-01,industry,manufacturing,cant,317.58
2018-12-01,industry,manufacturing,gis,457.26
2018-12-01,industry,manufacturing,mrl,490.22
2018-12-01,industry,manufacturing,mwt,289.57
2018-12-01,industry,manufacturing,nld,367.86
2018-12-01,industry,manufacturing,otg,443.13
2018-12-01,industry,manufacturing,wai,313.5
2018-12-01,industry,manufacturing,wlg,258.31
2018-12-01,industry,other,akl,297.69
2018-12-01,industry,other,bop,437.5
2018-12-01,industry,other,cant,449.77
2018-12-01,industry,other,gis,350.0
2018-12-01,industry,other,mrl,340.79
2018-12-01,industry,other,mwt,271.52
2018-12-01,industry,other,nld,802.94
2018-12-01,industry,other,otg,633.33
2018-12-01,industry,other,wai,345.5
2018-12-01,industry,other,wlg,224.9
2018-12-01,industry,primary,akl,231.97
2018-12-01,industry,primary,bop,538.64
2018-12-01,industry,primary,cant,264.2
2018-12-01,industry,primary,gis,401.59
2018-12-01,industry,primary,mrl,301.08
2018-12-01,industry,primary,mwt,294.29
2018-12-01,industry,primary,nld,238.46
2018-12-01,industry,primary,otg,247.71
2018-12-01,industry,primary,wai,307.37
2018-12-01,industry,primary,wlg,252.24
2018-12-01,industry,sales,akl,157.32
2018-12-01,industry,sales,bop,237.03
2018-12-01,industry,sales,cant,134.96
2018-12-01,industry,sales,gis,210.5
2018-12-01,industry,sales,mrl,211.16
2018-12-01,industry,sales,mwt,158.8
2018-12-01,industry,sales,nld,223.85
2018-12-01,industry,sales,otg,239.0
2018-12-01,industry,sales,wai,174.39
2018-12-01,industry,sales,wlg,124.22
2018-12-01,occupation,clerical_admin,akl,166.4
2018-12-01,occupation,clerical_admin,bop,318.3
2018-12-01,occupation,clerical_admin,cant,157.3
2018-12-01,occupation,clerical_admin,gis,392.0
2018-12-01,occupation,clerical_admin,mrl,290.3
2018-12-01,occupation,clerical_admin,mwt,224.4
2018-12-01,occupation,clerical_admin,nld,295.3
2018-12-01,occupation,clerical_admin,otg,360.6
2018-12-01,occupation,clerical_admin,wai,238.8
2018-12-01,occupation,clerical_admin,wlg,148.1
2018-12-01,occupation,community_services,akl,257.4
2018-12-01,occupation,community_services,bop,256.8
2018-12-01,occupation,community_services,cant,184.0
2018-12-01,occupation,community_services,gis,227.2
2018-12-01,occupation,community_services,mrl,286.3
2018-12-01,occupation,community_services,mwt,265.7
2018-12-01,occupation,community_services,nld,339.3
2018-12-01,occupation,community_services,otg,392.2
2018-12-01,occupation,community_services,wai,283.4
2018-12-01,occupation,community_services,wlg,215.3
2018-12-01,occupation,labourers,akl,459.8
2018-12-01,occupation,labourers,bop,569.4
2018-12-01,occupation,labourers,cant,352.9
2018-12-01,occupation,labourers,gis,462.7
2018-12-01,occupation,labourers,mrl,524.3
2018-12-01,occupation,labourers,mwt,503.6
2018-12-01,occupation,labourers,nld,407.1
2018-12-01,occupation,labourers,otg,669.1
2018-12-01,occupation,labourers,wai,495.6
2018-12-01,occupation,labourers,wlg,375.8
2018-12-01,occupation,machinery_drivers,akl,426.6
2018-12-01,occupation,machinery_drivers,bop,540.6
2018-12-01,occupation,machinery_drivers,cant,417.8
2018-12-01,occupation,machinery_drivers,gis,440.6
2018-12-01,occupation,machinery_drivers,mrl,390.0
2018-12-01,occupation,machinery_drivers,mwt,339.4
2018-12-01,occupation,machinery_drivers,nld,496.7
2018-12-01,occupation,machinery_drivers,otg,478.2
2018-12-01,occupation,machinery_drivers,wai,359.1
2018-12-01,occupation,machinery_drivers,wlg,360.5
2018-12-01,occupation,managers,akl,160.3
2018-12-01,occupation,managers,bop,296.0
2018-12-01,occupation,managers,cant,176.7
2018-12-01,occupation,managers,gis,272.8
2018-12-01,occupation,managers,mrl,215.8
2018-12-01,occupation,managers,mwt,183.3
2018-12-01,occupation,managers,nld,249.5
2018-12-01,occupation,managers,otg,278.1
2018-12-01,occupation,managers,wai,212.3
2018-12-01,occupation,managers,wlg,120.6
2018-12-01,occupation,professionals,akl,143.8
2018-12-01,occupation,professionals,bop,234.0
2018-12-01,occupation,professionals,cant,158.6
2018-12-01,occupation,professionals,gis,156.7
2018-12-01,occupation,professionals,mrl,161.1
2018-12-01,occupation,professionals,mwt,159.2
2018-12-01,occupation,professionals,nld,188.1
2018-12-01,occupation,professionals,otg,210.5
2018-12-01,occupation,professionals,wai,159.0
2018-12-01,occupation,professionals,wlg,119.5
2018-12-01,occupation,sales,akl,191.1
2018-12-01,occupation,sales,bop,248.6
2018-12-01,occupation,sales,cant,151.6
2018-12-01,occupation,sales,gis,196.0
2018-12-01,occupation,sales,mrl,236.2
2018-12-01,occupation,sales,mwt,191.9
2018-12-01,occupation,sales,nld,188.0
2018-12-01,occupation,sales,otg,272.5
2018-12-01,occupation,sales,wai,210.7
2018-12-01,occupation,sales,wlg,158.0
2018-12-01,occupation,trades_and_technical,akl,298.1
2018-12-01,occupation,trades_and_technical,bop,363.3
2018-12-01,occupation,trades_and_technical,cant,282.8
2018-12-01,occupation,trades_and_technical,gis,260.4
2018-12-01,occupation,trades_and_technical,mrl,342.5
2018-12-01,occupation,trades_and_technical,mwt,253.9
2018-12-01,occupation,trades_and_technical,nld,332.5
2018-12-01,occupation,trades_and_technical,otg,461.6
2018-12-01,occupation,trades_and_technical,wai,327.5
2018-12-01,occupation,trades_and_technical,wlg,217.5
2018-12-01,skill_level,highly_skilled,akl,152.91
2018-12-01,skill_level,highly_skilled,bop,302.5
2018-12-01,skill_level,highly_skilled,cant,177.95
2018-12-01,skill_level,highly_skilled,gis,229.38
2018-12-01,skill_level,highly_skilled,mrl,227.41
2018-12-01,skill_level,highly_skilled,mwt,204.53
2018-12-01,skill_level,highly_skilled,nld,248.57
2018-12-01,skill_level,highly_skilled,otg,280.25
2018-12-01,skill_level,highly_skilled,wai,196.97
2018-12-01,skill_level,highly_skilled,wlg,122.34
2018-12-01,skill_level,low_skilled,akl,216.47
2018-12-01,skill_level,low_skilled,bop,319.42
2018-12-01,skill_level,low_skilled,cant,218.34
2018-12-01,skill_level,low_skilled,gis,285.46
2018-12-01,skill_level,low_skilled,mrl,327.69
2018-12-01,skill_level,low_skilled,mwt,265.8
2018-12-01,skill_level,low_skilled,nld,316.75
2018-12-01,skill_level,low_skilled,otg,376.58
2018-12-01,skill_level,low_skilled,wai,277.42
2018-12-01,skill_level,low_skilled,wlg,189.11
2018-12-01,skill_level,semi_skilled,akl,319.36
2018-12-01,skill_level,semi_skilled,bop,420.2
2018-12-01,skill_level,semi_skilled,cant,333.58
2018-12-01,skill_level,semi_skilled,gis,310.81
2018-12-01,skill_level,semi_skilled,mrl,453.39
2018-12-01,skill_level,semi_skilled,mwt,292.75
2018-12-01,skill_level,semi_skilled,nld,303.26
2018-12-01,skill_level,semi_skilled,otg,534.31
2018-12-01,skill_level,semi_skilled,wai,357.43
2018-12-01,skill_level,semi_skilled,wlg,252.38
2018-12-01,skill_level,skilled,akl,183.94
2018-12-01,skill_level,skilled,bop,219.67
2018-12-01,skill_level,skilled,cant,150.61
2018-12-01,skill_level,skilled,gis,159.9
2018-12-01,skill_level,skilled,mrl,142.91
2018-12-01,skill_level,skilled,mwt,133.54
2018-12-01,skill_level,skilled,nld,180.14
2018-12-01,skill_level,skilled,otg,227.32
2018-12-01,skill_level,skilled,wai,180.0
2018-12-01,skill_level,skilled,wlg,144.65
2018-12-01,skill_level,unskilled,akl,288.47
2018-12-01,skill_level,unskilled,bop,384.41
2018-12-01,skill_level,unskilled,cant,226.57
2018-12-01,skill_level,unskilled,gis,392.8
2018-12-01,skill_level,unskilled,mrl,385.53
2018-12-01,skill_level,unskilled,mwt,329.95
2018-12-01,skill_level,unskilled,nld,330.0
2018-12-01,skill_level,unskilled,otg,446.98
2018-12-01,skill_level,unskilled,wai,320.72
2018-12-01,skill_level,unskilled,wlg,226.92
2019-03-01,industry,accounting,akl,184.12
2019-03-01,industry,accounting,bop,388.3
2019-03-01,industry,accounting,cant,195.85
2019-03-01,industry,accounting,gis,384.4
2019-03-01,industry,accounting,mrl,278.74
2019-03-01,industry,accounting,mwt,254.68
2019-03-01,industry,accounting,nld,232.31
2019-03-01,industry,accounting,otg,326.37
2019-03-01,industry,accounting,wai,241.97
2019-03-01,industry,accounting,wlg,193.12
2019-03-01,industry,construction,akl,371.61
2019-03-01,industry,construction,bop,491.32
2019-03-01,industry,construction,cant,308.2
2019-03-01,industry,construction,gis,363.26
2019-03-01,industry,construction,mrl,451.69
2019-03-01,industry,construction,mwt,245.14
2019-03-01,industry,construction,nld,408.78
2019-03-01,industry,construction,otg,642.57
2019-03-01,industry,construction,wai,404.64
2019-03-01,industry,construction,wlg,286.3
2019-03-01,industry,education,akl,116.68
2019-03-01,industry,education,bop,102.3
2019-03-01,industry,education,cant,93.0
2019-03-01,industry,education,gis,81.22
2019-03-01,industry,education,mrl,59.13
2019-03-01,industry,education,mwt,88.35
2019-03-01,industry,education,nld,55.71
2019-03-01,industry,education,otg,78.55
2019-03-01,industry,education,wai,97.2
2019-03-01,industry,education,wlg,106.43
2019-03-01,industry,health,akl,217.68
2019-03-01,industry,health,bop,372.91
2019-03-01,industry,health,cant,265.8
2019-03-01,industry,health,gis,252.59
2019-03-01,industry,health,mrl,388.05
2019-03-01,industry,health,mwt,308.32
2019-03-01,industry,health,nld,227.59
2019-03-01,industry,health,otg,373.94
2019-03-01,industry,health,wai,308.47
2019-03-01,industry,health,wlg,219.11
2019-03-01,industry,hospitality,akl,285.18
2019-03-01,industry,hospitality,bop,328.08
2019-03-01,industry,hospitality,cant,204.21
2019-03-01,industry,hospitality,gis,251.2
2019-03-01,industry,hospitality,mrl,253.55
2019-03-01,industry,hospitality,mwt,273.68
2019-03-01,industry,hospitality,nld,293.1
2019-03-01,industry,hospitality,otg,396.75
2019-03-01,industry,hospitality,wai,266.07
2019-03-01,industry,hospitality,wlg,266.86
2019-03-01,industry,it,akl,115.82
2019-03-01,industry,it,bop,228.92
2019-03-01,industry,it,cant,121.74
2019-03-01,industry,it,gis,244.44
2019-03-01,industry,it,mrl,223.08
2019-03-01,industry,it,mwt,123.53
2019-03-01,industry,it,nld,185.71
2019-03-01,industry,it,otg,186.02
2019-03-01,industry,it,wai,159.8
2019-03-01,industry,it,wlg,89.66
2019-03-01,industry,manufacturing,akl,318.92
2019-03-01,industry,manufacturing,bop,573.26
2019-03-01,industry,manufacturing,cant,372.29
2019-03-01,industry,manufacturing,gis,579.84
2019-03-01,industry,manufacturing,mrl,609.78
2019-03-01,industry,manufacturing,mwt,324.78
2019-03-01,industry,manufacturing,nld,469.64
2019-03-01,industry,manufacturing,otg,518.75
2019-03-01,industry,manufacturing,wai,381.67
2019-03-01,industry,manufacturing,wlg,300.27
2019-03-01,industry,other,akl,386.82
2019-03-01,industry,other,bop,528.85
2019-03-01,industry,other,cant,499.53
2019-03-01,industry,other,gis,435.53
2019-03-01,industry,other,mrl,439.47
2019-03-01,industry,other,mwt,339.74
2019-03-01,industry,other,nld,829.41
2019-03-01,industry,other,otg,694.05
2019-03-01,industry,other,wai,419.58
2019-03-01,industry,other,wlg,268.64
2019-03-01,industry,primary,akl,293.2
2019-03-01,industry,primary,bop,611.36
2019-03-01,industry,primary,cant,299.38
2019-03-01,industry,primary,gis,404.76
2019-03-01,industry,primary,mrl,304.3
2019-03-01,industry,primary,mwt,342.86
2019-03-01,industry,primary,nld,276.92
2019-03-01,industry,primary,otg,328.44
2019-03-01,industry,primary,wai,341.05
2019-03-01,industry,primary,wlg,289.55
2019-03-01,industry,sales,akl,188.54
2019-03-01,industry,sales,bop,299.46
2019-03-01,industry,sales,cant,165.35
2019-03-01,industry,sales,gis,329.0
2019-03-01,industry,sales,mrl,229.46
2019-03-01,industry,sales,mwt,194.7
2019-03-01,industry,sales,nld,260.0
2019-03-01,industry,sales,otg,264.4
2019-03-01,industry,sales,wai,213.94
2019-03-01,industry,sales,wlg,144.81
2019-03-01,occupation,clerical_admin,akl,202.8
2019-03-01,occupation,clerical_admin,bop,367.4
2019-03-01,occupation,clerical_admin,cant,192.4
2019-03-01,occupation,clerical_admin,gis,446.9
2019-03-01,occupation,clerical_admin,mrl,334.3
2019-03-01,occupation,clerical_admin,mwt,246.1
2019-03-01,occupation,clerical_admin,nld,319.1
2019-03-01,occupation,clerical_admin,otg,409.4
2019-03-01,occupation,clerical_admin,wai,299.5
2019-03-01,occupation,clerical_admin,wlg,185.1
2019-03-01,occupation,community_services,akl,310.3
2019-03-01,occupation,community_services,bop,297.7
2019-03-01,occupation,community_services,cant,226.4
2019-03-01,occupation,community_services,gis,283.8
2019-03-01,occupation,community_services,mrl,319.8
2019-03-01,occupation,community_services,mwt,314.0
2019-03-01,occupation,community_services,nld,340.8
2019-03-01,occupation,community_services,otg,466.9
2019-03-01,occupation,community_services,wai,330.4
2019-03-01,occupation,community_services,wlg,277.5
2019-03-01,occupation,labourers,akl,539.1
2019-03-01,occupation,labourers,bop,678.6
2019-03-01,occupation,labourers,cant,424.1
2019-03-01,occupation,labourers,gis,530.3
2019-03-01,occupation,labourers,mrl,590.8
2019-03-01,occupation,labourers,mwt,588.1
2019-03-01,occupation,labourers,nld,400.0
2019-03-01,occupation,labourers,otg,742.3
2019-03-01,occupation,labourers,wai,605.1
2019-03-01,occupation,labourers,wlg,428.6
2019-03-01,occupation,machinery_drivers,akl,458.4
2019-03-01,occupation,machinery_drivers,bop,683.3
2019-03-01,occupation,machinery_drivers,cant,459.4
2019-03-01,occupation,machinery_drivers,gis,531.9
2019-03-01,occupation,machinery_drivers,mrl,431.7
2019-03-01,occupation,machinery_drivers,mwt,368.3
2019-03-01,occupation,machinery_drivers,nld,596.7
2019-03-01,occupation,machinery_drivers,otg,585.1
2019-03-01,occupation,machinery_drivers,wai,414.0
2019-03-01,occupation,machinery_drivers,wlg,418.9
2019-03-01,occupation,managers,akl,199.1
2019-03-01,occupation,managers,bop,339.9
2019-03-01,occupation,managers,cant,208.8
2019-03-01,occupation,managers,gis,334.7
2019-03-01,occupation,managers,mrl,268.8
2019-03-01,occupation,managers,mwt,208.7
2019-03-01,occupation,managers,nld,295.0
2019-03-01,occupation,managers,otg,308.9
2019-03-01,occupation,managers,wai,266.5
2019-03-01,occupation,managers,wlg,150.7
2019-03-01,occupation,professionals,akl,165.6
2019-03-01,occupation,professionals,bop,265.5
2019-03-01,occupation,professionals,cant,168.5
2019-03-01,occupation,professionals,gis,184.8
2019-03-01,occupation,professionals,mrl,172.9
2019-03-01,occupation,professionals,mwt,165.2
2019-03-01,occupation,professionals,nld,160.2
2019-03-01,occupation,professionals,otg,223.3
2019-03-01,occupation,professionals,wai,183.8
2019-03-01,occupation,professionals,wlg,144.3
2019-03-01,occupation,sales,akl,215.7
2019-03-01,occupation,sales,bop,351.4
2019-03-01,occupation,sales,cant,181.5
2019-03-01,occupation,sales,gis,311.1
2019-03-01,occupation,sales,mrl,275.9
2019-03-01,occupation,sales,mwt,223.0
2019-03-01,occupation,sales,nld,229.3
2019-03-01,occupation,sales,otg,287.4
2019-03-01,occupation,sales,wai,219.2
2019-03-01,occupation,sales,wlg,181.6
2019-03-01,occupation,trades_and_technical,akl,353.1
2019-03-01,occupation,trades_and_technical,bop,479.2
2019-03-01,occupation,trades_and_technical,cant,312.3
2019-03-01,occupation,trades_and_technical,gis,332.9
2019-03-01,occupation,trades_and_technical,mrl,379.4
2019-03-01,occupation,trades_and_technical,mwt,286.8
2019-03-01,occupation,trades_and_technical,nld,351.6
2019-03-01,occupation,trades_and_technical,otg,518.5
2019-03-01,occupation,trades_and_technical,wai,403.4
2019-03-01,occupation,trades_and_technical,wlg,259.8
2019-03-01,skill_level,highly_skilled,akl,184.95
2019-03-01,skill_level,highly_skilled,bop,358.87
2019-03-01,skill_level,highly_skilled,cant,200.33
2019-03-01,skill_level,highly_skilled,gis,288.69
2019-03-01,skill_level,highly_skilled,mrl,269.07
2019-03-01,skill_level,highly_skilled,mwt,229.74
2019-03-01,skill_level,highly_skilled,nld,262.9
2019-03-01,skill_level,highly_skilled,otg,311.44
2019-03-01,skill_level,highly_skilled,wai,246.79
2019-03-01,skill_level,highly_skilled,wlg,152.28
2019-03-01,skill_level,low_skilled,akl,248.07
2019-03-01,skill_level,low_skilled,bop,397.62
2019-03-01,skill_level,low_skilled,cant,257.3
2019-03-01,skill_level,low_skilled,gis,366.43
2019-03-01,skill_level,low_skilled,mrl,354.95
2019-03-01,skill_level,low_skilled,mwt,314.28
2019-03-01,skill_level,low_skilled,nld,334.28
2019-03-01,skill_level,low_skilled,otg,420.46
2019-03-01,skill_level,low_skilled,wai,325.37
2019-03-01,skill_level,low_skilled,wlg,222.6
2019-03-01,skill_level,semi_skilled,akl,397.87
2019-03-01,skill_level,semi_skilled,bop,568.18
2019-03-01,skill_level,semi_skilled,cant,371.41
2019-03-01,skill_level,semi_skilled,gis,391.22
2019-03-01,skill_level,semi_skilled,mrl,516.95
2019-03-01,skill_level,semi_skilled,mwt,336.31
2019-03-01,skill_level,semi_skilled,nld,353.26
2019-03-01,skill_level,semi_skilled,otg,635.29
2019-03-01,skill_level,semi_skilled,wai,454.13
2019-03-01,skill_level,semi_skilled,wlg,313.82
2019-03-01,skill_level,skilled,akl,203.57
2019-03-01,skill_level,skilled,bop,229.41
2019-03-01,skill_level,skilled,cant,166.59
2019-03-01,skill_level,skilled,gis,178.91
2019-03-01,skill_level,skilled,mrl,152.03
2019-03-01,skill_level,skilled,mwt,128.81
2019-03-01,skill_level,skilled,nld,134.69
2019-03-01,skill_level,skilled,otg,241.45
2019-03-01,skill_level,skilled,wai,196.58
2019-03-01,skill_level,skilled,wlg,172.52
2019-03-01,skill_level,unskilled,akl,339.58
2019-03-01,skill_level,unskilled,bop,493.82
2019-03-01,skill_level,unskilled,cant,266.13
2019-03-01,skill_level,unskilled,gis,458.4
2019-03-01,skill_level,unskilled,mrl,445.82
2019-03-01,skill_level,unskilled,mwt,358.73
2019-03-01,skill_level,unskilled,nld,381.43
2019-03-01,skill_level,unskilled,otg,492.09
2019-03-01,skill_level,unskilled,wai,358.22
2019-03-01,skill_level,unskilled,wlg,264.63
2019-06-01,industry,accounting,akl,179.2
2019-06-01,industry,accounting,bop,361.51
2019-06-01,industry,accounting,cant,196.73
2019-06-01,industry,accounting,gis,383.69
2019-06-01,industry,accounting,mrl,270.69
2019-06-01,industry,accounting,mwt,257.3
2019-06-01,industry,accounting,nld,217.69
2019-06-01,industry,accounting,otg,305.82
2019-06-01,industry,accounting,wai,254.25
2019-06-01,industry,accounting,wlg,194.75
2019-06-01,industry,construction,akl,343.94
2019-06-01,industry,construction,bop,427.85
2019-06-01,industry,construction,cant,269.27
2019-06-01,industry,construction,gis,298.48
2019-06-01,industry,construction,mrl,369.49
2019-06-01,industry,construction,mwt,240.76
2019-06-01,industry,construction,nld,381.08
2019-06-01,industry,construction,otg,539.04
2019-06-01,industry,construction,wai,353.45
2019-06-01,industry,construction,wlg,259.35
2019-06-01,industry,education,akl,112.79
2019-06-01,industry,education,bop,98.36
2019-06-01,industry,education,cant,92.24
2019-06-01,industry,education,gis,63.27
2019-06-01,industry,education,mrl,61.74
2019-06-01,industry,education,mwt,80.76
2019-06-01,industry,education,nld,55.71
2019-06-01,industry,education,otg,76.66
2019-06-01,industry,education,wai,89.89
2019-06-01,industry,education,wlg,105.12
2019-06-01,industry,health,akl,208.49
2019-06-01,industry,health,bop,425.66
2019-06-01,industry,health,cant,265.63
2019-06-01,industry,health,gis,293.17
2019-06-01,industry,health,mrl,376.79
2019-06-01,industry,health,mwt,323.58
2019-06-01,industry,health,nld,227.16
2019-06-01,industry,health,otg,387.08
2019-06-01,industry,health,wai,284.04
2019-06-01,industry,health,wlg,233.3
2019-06-01,industry,hospitality,akl,240.11
2019-06-01,industry,hospitality,bop,233.5
2019-06-01,industry,hospitality,cant,157.59
2019-06-01,industry,hospitality,gis,195.2
2019-06-01,industry,hospitality,mrl,180.0
2019-06-01,industry,hospitality,mwt,266.17
2019-06-01,industry,hospitality,nld,227.59
2019-06-01,industry,hospitality,otg,243.9
2019-06-01,industry,hospitality,wai,200.45
2019-06-01,industry,hospitality,wlg,234.67
2019-06-01,industry,it,akl,114.3
2019-06-01,industry,it,bop,234.94
2019-06-01,industry,it,cant,127.17
2019-06-01,industry,it,gis,248.15
2019-06-01,industry,it,mrl,180.77
2019-06-01,industry,it,mwt,140.0
2019-06-01,industry,it,nld,278.57
2019-06-01,industry,it,otg,169.89
2019-06-01,industry,it,wai,154.77
2019-06-01,industry,it,wlg,96.21
2019-06-01,industry,manufacturing,akl,293.85
2019-06-01,industry,manufacturing,bop,459.89
2019-06-01,industry,manufacturing,cant,306.93
2019-06-01,industry,manufacturing,gis,415.32
2019-06-01,industry,manufacturing,mrl,435.87
2019-06-01,industry,manufacturing,mwt,302.17
2019-06-01,industry,manufacturing,nld,423.21
2019-06-01,industry,manufacturing,otg,433.13
2019-06-01,industry,manufacturing,wai,356.59
2019-06-01,industry,manufacturing,wlg,298.91
2019-06-01,industry,other,akl,377.99
2019-06-01,industry,other,bop,485.58
2019-06-01,industry,other,cant,493.95
2019-06-01,industry,other,gis,431.58
2019-06-01,industry,other,mrl,380.26
2019-06-01,industry,other,mwt,293.38
2019-06-01,industry,other,nld,902.94
2019-06-01,industry,other,otg,646.43
2019-06-01,industry,other,wai,397.35
2019-06-01,industry,other,wlg,275.49
2019-06-01,industry,primary,akl,257.82
2019-06-01,industry,primary,bop,531.82
2019-06-01,industry,primary,cant,308.02
2019-06-01,industry,primary,gis,395.24
2019-06-01,industry,primary,mrl,266.67
2019-06-01,industry,primary,mwt,338.57
2019-06-01,industry,primary,nld,246.15
2019-06-01,industry,primary,otg,313.76
2019-06-01,industry,primary,wai,391.58
2019-06-01,industry,primary,wlg,256.72
2019-06-01,industry,sales,akl,182.93
2019-06-01,industry,sales,bop,263.24
2019-06-01,industry,sales,cant,142.64
2019-06-01,industry,sales,gis,311.0
2019-06-01,industry,sales,mrl,190.18
2019-06-01,industry,sales,mwt,182.41
2019-06-01,industry,sales,nld,227.69
2019-06-01,industry,sales,otg,206.12
2019-06-01,industry,sales,wai,193.03
2019-06-01,industry,sales,wlg,155.13
2019-06-01,occupation,clerical_admin,akl,197.0
2019-06-01,occupation,clerical_admin,bop,365.7
2019-06-01,occupation,clerical_admin,cant,173.6
2019-06-01,occupation,clerical_admin,gis,420.4
2019-06-01,occupation,clerical_admin,mrl,298.4
2019-06-01,occupation,clerical_admin,mwt,267.4
2019-06-01,occupation,clerical_admin,nld,335.0
2019-06-01,occupation,clerical_admin,otg,361.0
2019-06-01,occupation,clerical_admin,wai,285.6
2019-06-01,occupation,clerical_admin,wlg,186.5
2019-06-01,occupation,community_services,akl,292.4
2019-06-01,occupation,community_services,bop,275.2
2019-06-01,occupation,community_services,cant,198.6
2019-06-01,occupation,community_services,gis,258.1
2019-06-01,occupation,community_services,mrl,271.9
2019-06-01,occupation,community_services,mwt,318.0
2019-06-01,occupation,community_services,nld,340.8
2019-06-01,occupation,community_services,otg,335.1
2019-06-01,occupation,community_services,wai,306.9
2019-06-01,occupation,community_services,wlg,267.2
2019-06-01,occupation,labourers,akl,507.4
2019-06-01,occupation,labourers,bop,645.9
2019-06-01,occupation,labourers,cant,357.4
2019-06-01,occupation,labourers,gis,434.0
2019-06-01,occupation,labourers,mrl,470.8
2019-06-01,occupation,labourers,mwt,581.0
2019-06-01,occupation,labourers,nld,361.9
2019-06-01,occupation,labourers,otg,580.4
2019-06-01,occupation,labourers,wai,538.2
2019-06-01,occupation,labourers,wlg,451.9
2019-06-01,occupation,machinery_drivers,akl,405.8
2019-06-01,occupation,machinery_drivers,bop,540.6
2019-06-01,occupation,machinery_drivers,cant,361.6
2019-06-01,occupation,machinery_drivers,gis,405.8
2019-06-01,occupation,machinery_drivers,mrl,323.7
2019-06-01,occupation,machinery_drivers,mwt,372.1
2019-06-01,occupation,machinery_drivers,nld,536.7
2019-06-01,occupation,machinery_drivers,otg,473.3
2019-06-01,occupation,machinery_drivers,wai,361.4
2019-06-01,occupation,machinery_drivers,wlg,422.6
2019-06-01,occupation,managers,akl,187.9
2019-06-01,occupation,managers,bop,312.3
2019-06-01,occupation,managers,cant,183.2
2019-06-01,occupation,managers,gis,300.7
2019-06-01,occupation,managers,mrl,233.0
2019-06-01,occupation,managers,mwt,188.2
2019-06-01,occupation,managers,nld,291.1
2019-06-01,occupation,managers,otg,275.6
2019-06-01,occupation,managers,wai,233.5
2019-06-01,occupation,managers,wlg,146.9
2019-06-01,occupation,professionals,akl,161.0
2019-06-01,occupation,professionals,bop,258.5
2019-06-01,occupation,professionals,cant,173.6
2019-06-01,occupation,professionals,gis,185.1
2019-06-01,occupation,professionals,mrl,168.0
2019-06-01,occupation,professionals,mwt,164.5
2019-06-01,occupation,professionals,nld,162.6
2019-06-01,occupation,professionals,otg,213.8
2019-06-01,occupation,professionals,wai,173.5
2019-06-01,occupation,professionals,wlg,150.1
2019-06-01,occupation,sales,akl,211.8
2019-06-01,occupation,sales,bop,302.7
2019-06-01,occupation,sales,cant,160.4
2019-06-01,occupation,sales,gis,307.9
2019-06-01,occupation,sales,mrl,238.8
2019-06-01,occupation,sales,mwt,215.6
2019-06-01,occupation,sales,nld,200.0
2019-06-01,occupation,sales,otg,233.8
2019-06-01,occupation,sales,wai,228.9
2019-06-01,occupation,sales,wlg,190.4
2019-06-01,occupation,trades_and_technical,akl,322.4
2019-06-01,occupation,trades_and_technical,bop,375.2
2019-06-01,occupation,trades_and_technical,cant,279.7
2019-06-01,occupation,trades_and_technical,gis,288.5
2019-06-01,occupation,trades_and_technical,mrl,291.1
2019-06-01,occupation,trades_and_technical,mwt,259.9
2019-06-01,occupation,trades_and_technical,nld,295.2
2019-06-01,occupation,trades_and_technical,otg,451.2
2019-06-01,occupation,trades_and_technical,wai,354.4
2019-06-01,occupation,trades_and_technical,wlg,233.4
2019-06-01,skill_level,highly_skilled,akl,177.4
2019-06-01,skill_level,highly_skilled,bop,343.12
2019-06-01,skill_level,highly_skilled,cant,198.11
2019-06-01,skill_level,highly_skilled,gis,291.96
2019-06-01,skill_level,highly_skilled,mrl,253.44
2019-06-01,skill_level,highly_skilled,mwt,225.11
2019-06-01,skill_level,highly_skilled,nld,266.92
2019-06-01,skill_level,highly_skilled,otg,289.25
2019-06-01,skill_level,highly_skilled,wai,225.99
2019-06-01,skill_level,highly_skilled,wlg,155.28
2019-06-01,skill_level,low_skilled,akl,234.26
2019-06-01,skill_level,low_skilled,bop,355.72
2019-06-01,skill_level,low_skilled,cant,220.4
2019-06-01,skill_level,low_skilled,gis,309.27
2019-06-01,skill_level,low_skilled,mrl,304.24
2019-06-01,skill_level,low_skilled,mwt,310.91
2019-06-01,skill_level,low_skilled,nld,288.58
2019-06-01,skill_level,low_skilled,otg,340.3
2019-06-01,skill_level,low_skilled,wai,303.31
2019-06-01,skill_level,low_skilled,wlg,231.43
2019-06-01,skill_level,semi_skilled,akl,371.63
2019-06-01,skill_level,semi_skilled,bop,468.18
2019-06-01,skill_level,semi_skilled,cant,335.76
2019-06-01,skill_level,semi_skilled,gis,339.86
2019-06-01,skill_level,semi_skilled,mrl,422.03
2019-06-01,skill_level,semi_skilled,mwt,314.53
2019-06-01,skill_level,semi_skilled,nld,303.26
2019-06-01,skill_level,semi_skilled,otg,577.45
2019-06-01,skill_level,semi_skilled,wai,413.86
2019-06-01,skill_level,semi_skilled,wlg,288.32
2019-06-01,skill_level,skilled,akl,192.75
2019-06-01,skill_level,skilled,bop,206.82
2019-06-01,skill_level,skilled,cant,146.07
2019-06-01,skill_level,skilled,gis,152.07
2019-06-01,skill_level,skilled,mrl,127.71
2019-06-01,skill_level,skilled,mwt,127.59
2019-06-01,skill_level,skilled,nld,149.73
2019-06-01,skill_level,skilled,otg,210.41
2019-06-01,skill_level,skilled,wai,177.47
2019-06-01,skill_level,skilled,wlg,163.13
2019-06-01,skill_level,unskilled,akl,322.72
2019-06-01,skill_level,unskilled,bop,426.9
2019-06-01,skill_level,unskilled,cant,226.42
2019-06-01,skill_level,unskilled,gis,430.4
2019-06-01,skill_level,unskilled,mrl,321.53
2019-06-01,skill_level,unskilled,mwt,349.67
2019-06-01,skill_level,unskilled,nld,327.14
2019-06-01,skill_level,unskilled,otg,364.65
2019-06-01,skill_level,unskilled,wai,332.89
2019-06-01,skill_level,unskilled,wlg,256.95
2019-09-01,industry,accounting,akl,175.42
2019-09-01,industry,accounting,bop,357.74
2019-09-01,industry,accounting,cant,192.42
2019-09-01,industry,accounting,gis,348.94
2019-09-01,industry,accounting,mrl,272.99
2019-09-01,industry,accounting,mwt,256.18
2019-09-01,industry,accounting,nld,215.38
2019-09-01,industry,accounting,otg,350.34
2019-09-01,industry,accounting,wai,238.94
2019-09-01,industry,accounting,wlg,203.84
2019-09-01,industry,construction,akl,349.99
2019-09-01,industry,construction,bop,435.16
2019-09-01,industry,construction,cant,277.59
2019-09-01,industry,construction,gis,370.08
2019-09-01,industry,construction,mrl,435.59
2019-09-01,industry,construction,mwt,251.81
2019-09-01,industry,construction,nld,363.51
2019-09-01,industry,construction,otg,634.26
2019-09-01,industry,construction,wai,412.66
2019-09-01,industry,construction,wlg,283.88
2019-09-01,industry,education,akl,118.76
2019-09-01,industry,education,bop,104.92
2019-09-01,industry,education,cant,118.57
2019-09-01,industry,education,gis,72.24
2019-09-01,industry,education,mrl,79.57
2019-09-01,industry,education,mwt,111.38
2019-09-01,industry,education,nld,72.6
2019-09-01,industry,education,otg,100.32
2019-09-01,industry,education,wai,109.68
2019-09-01,industry,education,wlg,111.7
2019-09-01,industry,health,akl,206.76
2019-09-01,industry,health,bop,407.11
2019-09-01,industry,health,cant,251.21
2019-09-01,industry,health,gis,281.57
2019-09-01,industry,health,mrl,362.71
2019-09-01,industry,health,mwt,347.92
2019-09-01,industry,health,nld,238.78
2019-09-01,industry,health,otg,384.01
2019-09-01,industry,health,wai,287.78
2019-09-01,industry,health,wlg,212.85
2019-09-01,industry,hospitality,akl,271.11
2019-09-01,industry,hospitality,bop,273.89
2019-09-01,industry,hospitality,cant,201.05
2019-09-01,industry,hospitality,gis,231.2
2019-09-01,industry,hospitality,mrl,290.32
2019-09-01,industry,hospitality,mwt,261.65
2019-09-01,industry,hospitality,nld,377.59
2019-09-01,industry,hospitality,otg,391.46
2019-09-01,industry,hospitality,wai,254.46
2019-09-01,industry,hospitality,wlg,256.0
2019-09-01,industry,it,akl,114.67
2019-09-01,industry,it,bop,290.36
2019-09-01,industry,it,cant,141.3
2019-09-01,industry,it,gis,229.63
2019-09-01,industry,it,mrl,200.0
2019-09-01,industry,it,mwt,152.94
2019-09-01,industry,it,nld,321.43
2019-09-01,industry,it,otg,182.8
2019-09-01,industry,it,wai,181.41
2019-09-01,industry,it,wlg,99.22
2019-09-01,industry,manufacturing,akl,297.39
2019-09-01,industry,manufacturing,bop,440.64
2019-09-01,industry,manufacturing,cant,338.72
2019-09-01,industry,manufacturing,gis,408.06
2019-09-01,industry,manufacturing,mrl,597.83
2019-09-01,industry,manufacturing,mwt,313.04
2019-09-01,industry,manufacturing,nld,337.5
2019-09-01,industry,manufacturing,otg,456.25
2019-09-01,industry,manufacturing,wai,381.35
2019-09-01,industry,manufacturing,wlg,297.82
2019-09-01,industry,other,akl,410.46
2019-09-01,industry,other,bop,482.69
2019-09-01,industry,other,cant,505.12
2019-09-01,industry,other,gis,444.74
2019-09-01,industry,other,mrl,518.42
2019-09-01,industry,other,mwt,347.68
2019-09-01,industry,other,nld,935.29
2019-09-01,industry,other,otg,761.9
2019-09-01,industry,other,wai,415.34
2019-09-01,industry,other,wlg,315.94
2019-09-01,industry,primary,akl,246.26
2019-09-01,industry,primary,bop,606.82
2019-09-01,industry,primary,cant,328.4
2019-09-01,industry,primary,gis,439.68
2019-09-01,industry,primary,mrl,333.33
2019-09-01,industry,primary,mwt,348.57
2019-09-01,industry,primary,nld,256.41
2019-09-01,industry,primary,otg,349.54
2019-09-01,industry,primary,wai,368.42
2019-09-01,industry,primary,wlg,325.37
2019-09-01,industry,sales,akl,189.78
2019-09-01,industry,sales,bop,270.27
2019-09-01,industry,sales,cant,152.48
2019-09-01,industry,sales,gis,277.5
2019-09-01,industry,sales,mrl,215.18
2019-09-01,industry,sales,mwt,176.63
2019-09-01,industry,sales,nld,230.0
2019-09-01,industry,sales,otg,238.55
2019-09-01,industry,sales,wai,215.3
2019-09-01,industry,sales,wlg,160.42
2019-09-01,occupation,clerical_admin,akl,192.1
2019-09-01,occupation,clerical_admin,bop,347.8
2019-09-01,occupation,clerical_admin,cant,170.7
2019-09-01,occupation,clerical_admin,gis,412.4
2019-09-01,occupation,clerical_admin,mrl,362.1
2019-09-01,occupation,clerical_admin,mwt,245.7
2019-09-01,occupation,clerical_admin,nld,306.7
2019-09-01,occupation,clerical_admin,otg,395.8
2019-09-01,occupation,clerical_admin,wai,285.9
2019-09-01,occupation,clerical_admin,wlg,186.8
2019-09-01,occupation,community_services,akl,288.9
2019-09-01,occupation,community_services,bop,290.7
2019-09-01,occupation,community_services,cant,210.5
2019-09-01,occupation,community_services,gis,256.6
2019-09-01,occupation,community_services,mrl,333.5
2019-09-01,occupation,community_services,mwt,321.5
2019-09-01,occupation,community_services,nld,397.9
2019-09-01,occupation,community_services,otg,442.2
2019-09-01,occupation,community_services,wai,341.9
2019-09-01,occupation,community_services,wlg,278.9
2019-09-01,occupation,labourers,akl,542.2
2019-09-01,occupation,labourers,bop,578.6
2019-09-01,occupation,labourers,cant,375.0
2019-09-01,occupation,labourers,gis,517.7
2019-09-01,occupation,labourers,mrl,602.5
2019-09-01,occupation,labourers,mwt,548.8
2019-09-01,occupation,labourers,nld,359.5
2019-09-01,occupation,labourers,otg,749.5
2019-09-01,occupation,labourers,wai,552.2
2019-09-01,occupation,labourers,wlg,437.0
2019-09-01,occupation,machinery_drivers,akl,396.8
2019-09-01,occupation,machinery_drivers,bop,528.1
2019-09-01,occupation,machinery_drivers,cant,386.8
2019-09-01,occupation,machinery_drivers,gis,385.5
2019-09-01,occupation,machinery_drivers,mrl,372.8
2019-09-01,occupation,machinery_drivers,mwt,353.8
2019-09-01,occupation,machinery_drivers,nld,406.7
2019-09-01,occupation,machinery_drivers,otg,539.6
2019-09-01,occupation,machinery_drivers,wai,401.2
2019-09-01,occupation,machinery_drivers,wlg,399.5
2019-09-01,occupation,managers,akl,190.6
2019-09-01,occupation,managers,bop,321.5
2019-09-01,occupation,managers,cant,199.5
2019-09-01,occupation,managers,gis,324.5
2019-09-01,occupation,managers,mrl,242.9
2019-09-01,occupation,managers,mwt,221.1
2019-09-01,occupation,managers,nld,301.0
2019-09-01,occupation,managers,otg,338.3
2019-09-01,occupation,managers,wai,255.6
2019-09-01,occupation,managers,wlg,159.7
2019-09-01,occupation,professionals,akl,165.0
2019-09-01,occupation,professionals,bop,268.2
2019-09-01,occupation,professionals,cant,176.8
2019-09-01,occupation,professionals,gis,186.8
2019-09-01,occupation,professionals,mrl,178.4
2019-09-01,occupation,professionals,mwt,179.4
2019-09-01,occupation,professionals,nld,175.3
2019-09-01,occupation,professionals,otg,224.1
2019-09-01,occupation,professionals,wai,190.1
2019-09-01,occupation,professionals,wlg,157.4
2019-09-01,occupation,sales,akl,215.3
2019-09-01,occupation,sales,bop,297.8
2019-09-01,occupation,sales,cant,168.0
2019-09-01,occupation,sales,gis,261.9
2019-09-01,occupation,sales,mrl,281.0
2019-09-01,occupation,sales,mwt,224.5
2019-09-01,occupation,sales,nld,205.4
2019-09-01,occupation,sales,otg,257.2
2019-09-01,occupation,sales,wai,241.9
2019-09-01,occupation,sales,wlg,210.3
2019-09-01,occupation,trades_and_technical,akl,343.6
2019-09-01,occupation,trades_and_technical,bop,400.6
2019-09-01,occupation,trades_and_technical,cant,309.3
2019-09-01,occupation,trades_and_technical,gis,319.1
2019-09-01,occupation,trades_and_technical,mrl,375.7
2019-09-01,occupation,trades_and_technical,mwt,300.9
2019-09-01,occupation,trades_and_technical,nld,321.4
2019-09-01,occupation,trades_and_technical,otg,533.8
2019-09-01,occupation,trades_and_technical,wai,416.3
2019-09-01,occupation,trades_and_technical,wlg,251.9
2019-09-01,skill_level,highly_skilled,akl,180.17
2019-09-01,skill_level,highly_skilled,bop,347.24
2019-09-01,skill_level,highly_skilled,cant,201.82
2019-09-01,skill_level,highly_skilled,gis,290.87
2019-09-01,skill_level,highly_skilled,mrl,263.43
2019-09-01,skill_level,highly_skilled,mwt,250.45
2019-09-01,skill_level,highly_skilled,nld,270.07
2019-09-01,skill_level,highly_skilled,otg,322.41
2019-09-01,skill_level,highly_skilled,wai,242.86
2019-09-01,skill_level,highly_skilled,wlg,165.06
2019-09-01,skill_level,low_skilled,akl,229.01
2019-09-01,skill_level,low_skilled,bop,348.7
2019-09-01,skill_level,low_skilled,cant,224.82
2019-09-01,skill_level,low_skilled,gis,288.44
2019-09-01,skill_level,low_skilled,mrl,354.0
2019-09-01,skill_level,low_skilled,mwt,308.59
2019-09-01,skill_level,low_skilled,nld,290.17
2019-09-01,skill_level,low_skilled,otg,399.58
2019-09-01,skill_level,low_skilled,wai,319.75
2019-09-01,skill_level,low_skilled,wlg,231.13
2019-09-01,skill_level,semi_skilled,akl,375.96
2019-09-01,skill_level,semi_skilled,bop,481.82
2019-09-01,skill_level,semi_skilled,cant,358.29
2019-09-01,skill_level,semi_skilled,gis,346.62
2019-09-01,skill_level,semi_skilled,mrl,495.76
2019-09-01,skill_level,semi_skilled,mwt,343.4
2019-09-01,skill_level,semi_skilled,nld,298.91
2019-09-01,skill_level,semi_skilled,otg,677.94
2019-09-01,skill_level,semi_skilled,wai,489.44
2019-09-01,skill_level,semi_skilled,wlg,321.65
2019-09-01,skill_level,skilled,akl,205.23
2019-09-01,skill_level,skilled,bop,226.68
2019-09-01,skill_level,skilled,cant,167.74
2019-09-01,skill_level,skilled,gis,184.22
2019-09-01,skill_level,skilled,mrl,168.87
2019-09-01,skill_level,skilled,mwt,140.71
2019-09-01,skill_level,skilled,nld,170.45
2019-09-01,skill_level,skilled,otg,237.73
2019-09-01,skill_level,skilled,wai,203.17
2019-09-01,skill_level,skilled,wlg,167.17
2019-09-01,skill_level,unskilled,akl,347.74
2019-09-01,skill_level,unskilled,bop,404.44
2019-09-01,skill_level,unskilled,cant,246.57
2019-09-01,skill_level,unskilled,gis,469.6
2019-09-01,skill_level,unskilled,mrl,430.19
2019-09-01,skill_level,unskilled,mwt,328.88
2019-09-01,skill_level,unskilled,nld,337.14
2019-09-01,skill_level,unskilled,otg,459.53
2019-09-01,skill_level,unskilled,wai,348.36
2019-09-01,skill_level,unskilled,wlg,268.55
2019-12-01,industry,accounting,akl,142.22
2019-12-01,industry,accounting,bop,286.04
2019-12-01,industry,accounting,cant,151.64
2019-12-01,industry,accounting,gis,319.86
2019-12-01,industry,accounting,mrl,227.01
2019-12-01,industry,accounting,mwt,219.85
2019-12-01,industry,accounting,nld,196.92
2019-12-01,industry,accounting,otg,290.07
2019-12-01,industry,accounting,wai,178.45
2019-12-01,industry,accounting,wlg,159.29
2019-12-01,industry,construction,akl,283.01
2019-12-01,industry,construction,bop,365.3
2019-12-01,industry,construction,cant,238.86
2019-12-01,industry,construction,gis,324.62
2019-12-01,industry,construction,mrl,410.59
2019-12-01,industry,construction,mwt,217.14
2019-12-01,industry,construction,nld,410.81
2019-12-01,industry,construction,otg,568.77
2019-12-01,industry,construction,wai,332.49
2019-12-01,industry,construction,wlg,233.16
2019-12-01,industry,education,akl,112.96
2019-12-01,industry,education,bop,117.05
2019-12-01,industry,education,cant,94.06
2019-12-01,industry,education,gis,100.41
2019-12-01,industry,education,mrl,81.74
2019-12-01,industry,education,mwt,127.37
2019-12-01,industry,education,nld,89.5
2019-12-01,industry,education,otg,114.2
2019-12-01,industry,education,wai,120.22
2019-12-01,industry,education,wlg,125.29
2019-12-01,industry,health,akl,164.4
2019-12-01,industry,health,bop,344.07
2019-12-01,industry,health,cant,201.28
2019-12-01,industry,health,gis,250.93
2019-12-01,industry,health,mrl,285.55
2019-12-01,industry,health,mwt,305.4
2019-12-01,industry,health,nld,225.44
2019-12-01,industry,health,otg,320.96
2019-12-01,industry,health,wai,257.85
2019-12-01,industry,health,wlg,185.2
2019-12-01,industry,hospitality,akl,233.78
2019-12-01,industry,hospitality,bop,288.18
2019-12-01,industry,hospitality,cant,182.56
2019-12-01,industry,hospitality,gis,218.4
2019-12-01,industry,hospitality,mrl,289.68
2019-12-01,industry,hospitality,mwt,224.81
2019-12-01,industry,hospitality,nld,381.03
2019-12-01,industry,hospitality,otg,394.72
2019-12-01,industry,hospitality,wai,245.09
2019-12-01,industry,hospitality,wlg,192.76
2019-12-01,industry,it,akl,99.45
2019-12-01,industry,it,bop,230.12
2019-12-01,industry,it,cant,124.38
2019-12-01,industry,it,gis,170.37
2019-12-01,industry,it,mrl,100.0
2019-12-01,industry,it,mwt,172.94
2019-12-01,industry,it,nld,200.0
2019-12-01,industry,it,otg,155.91
2019-12-01,industry,it,wai,170.85
2019-12-01,industry,it,wlg,76.84
2019-12-01,industry,manufacturing,akl,264.54
2019-12-01,industry,manufacturing,bop,361.5
2019-12-01,industry,manufacturing,cant,289.52
2019-12-01,industry,manufacturing,gis,400.81
2019-12-01,industry,manufacturing,mrl,471.74
2019-12-01,industry,manufacturing,mwt,263.91
2019-12-01,industry,manufacturing,nld,330.36
2019-12-01,industry,manufacturing,otg,438.13
2019-12-01,industry,manufacturing,wai,339.87
2019-12-01,industry,manufacturing,wlg,243.87
2019-12-01,industry,other,akl,316.17
2019-12-01,industry,other,bop,404.81
2019-12-01,industry,other,cant,390.7
2019-12-01,industry,other,gis,384.21
2019-12-01,industry,other,mrl,369.74
2019-12-01,industry,other,mwt,303.97
2019-12-01,industry,other,nld,735.29
2019-12-01,industry,other,otg,614.29
2019-12-01,industry,other,wai,326.46
2019-12-01,industry,other,wlg,245.98
2019-12-01,industry,primary,akl,233.33
2019-12-01,industry,primary,bop,543.18
2019-12-01,industry,primary,cant,217.28
2019-12-01,industry,primary,gis,392.06
2019-12-01,industry,primary,mrl,287.1
2019-12-01,industry,primary,mwt,270.0
2019-12-01,industry,primary,nld,194.87
2019-12-01,industry,primary,otg,255.96
2019-12-01,industry,primary,wai,288.42
2019-12-01,industry,primary,wlg,198.51
2019-12-01,industry,sales,akl,145.54
2019-12-01,industry,sales,bop,211.08
2019-12-01,industry,sales,cant,121.4
2019-12-01,industry,sales,gis,240.5
2019-12-01,industry,sales,mrl,202.68
2019-12-01,industry,sales,mwt,142.17
2019-12-01,industry,sales,nld,207.69
2019-12-01,industry,sales,otg,234.47
2019-12-01,industry,sales,wai,156.97
2019-12-01,industry,sales,wlg,124.79
2019-12-01,occupation,clerical_admin,akl,154.7
2019-12-01,occupation,clerical_admin,bop,265.3
2019-12-01,occupation,clerical_admin,cant,153.0
2019-12-01,occupation,clerical_admin,gis,351.3
2019-12-01,occupation,clerical_admin,mrl,283.7
2019-12-01,occupation,clerical_admin,mwt,230.2
2019-12-01,occupation,clerical_admin,nld,268.0
2019-12-01,occupation,clerical_admin,otg,364.8
2019-12-01,occupation,clerical_admin,wai,211.8
2019-12-01,occupation,clerical_admin,wlg,157.0
2019-12-01,occupation,community_services,akl,241.6
2019-12-01,occupation,community_services,bop,239.5
2019-12-01,occupation,community_services,cant,171.4
2019-12-01,occupation,community_services,gis,246.3
2019-12-01,occupation,community_services,mrl,281.0
2019-12-01,occupation,community_services,mwt,288.4
2019-12-01,occupation,community_services,nld,367.9
2019-12-01,occupation,community_services,otg,424.0
2019-12-01,occupation,community_services,wai,291.7
2019-12-01,occupation,community_services,wlg,224.5
2019-12-01,occupation,labourers,akl,454.7
2019-12-01,occupation,labourers,bop,557.1
2019-12-01,occupation,labourers,cant,370.3
2019-12-01,occupation,labourers,gis,450.2
2019-12-01,occupation,labourers,mrl,530.8
2019-12-01,occupation,labourers,mwt,454.8
2019-12-01,occupation,labourers,nld,447.6
2019-12-01,occupation,labourers,otg,695.9
2019-12-01,occupation,labourers,wai,521.3
2019-12-01,occupation,labourers,wlg,391.2
2019-12-01,occupation,machinery_drivers,akl,411.9
2019-12-01,occupation,machinery_drivers,bop,447.9
2019-12-01,occupation,machinery_drivers,cant,380.1
2019-12-01,occupation,machinery_drivers,gis,431.9
2019-12-01,occupation,machinery_drivers,mrl,375.3
2019-12-01,occupation,machinery_drivers,mwt,342.3
2019-12-01,occupation,machinery_drivers,nld,430.0
2019-12-01,occupation,machinery_drivers,otg,561.4
2019-12-01,occupation,machinery_drivers,wai,404.7
2019-12-01,occupation,machinery_drivers,wlg,373.2
2019-12-01,occupation,managers,akl,151.6
2019-12-01,occupation,managers,bop,258.1
2019-12-01,occupation,managers,cant,150.5
2019-12-01,occupation,managers,gis,273.5
2019-12-01,occupation,managers,mrl,198.2
2019-12-01,occupation,managers,mwt,172.2
2019-12-01,occupation,managers,nld,276.2
2019-12-01,occupation,managers,otg,275.3
2019-12-01,occupation,managers,wai,203.7
2019-12-01,occupation,managers,wlg,112.9
2019-12-01,occupation,professionals,akl,133.5
2019-12-01,occupation,professionals,bop,227.3
2019-12-01,occupation,professionals,cant,139.4
2019-12-01,occupation,professionals,gis,174.7
2019-12-01,occupation,professionals,mrl,150.5
2019-12-01,occupation,professionals,mwt,172.0
2019-12-01,occupation,professionals,nld,165.7
2019-12-01,occupation,professionals,otg,198.7
2019-12-01,occupation,professionals,wai,164.5
2019-12-01,occupation,professionals,wlg,126.9
2019-12-01,occupation,sales,akl,183.5
2019-12-01,occupation,sales,bop,267.2
2019-12-01,occupation,sales,cant,149.3
2019-12-01,occupation,sales,gis,242.1
2019-12-01,occupation,sales,mrl,250.0
2019-12-01,occupation,sales,mwt,191.4
2019-12-01,occupation,sales,nld,185.9
2019-12-01,occupation,sales,otg,275.2
2019-12-01,occupation,sales,wai,190.3
2019-12-01,occupation,sales,wlg,177.3
2019-12-01,occupation,trades_and_technical,akl,279.4
2019-12-01,occupation,trades_and_technical,bop,371.5
2019-12-01,occupation,trades_and_technical,cant,241.2
2019-12-01,occupation,trades_and_technical,gis,295.4
2019-12-01,occupation,trades_and_technical,mrl,370.6
2019-12-01,occupation,trades_and_technical,mwt,239.2
2019-12-01,occupation,trades_and_technical,nld,327.8
2019-12-01,occupation,trades_and_technical,otg,460.7
2019-12-01,occupation,trades_and_technical,wai,336.2
2019-12-01,occupation,trades_and_technical,wlg,206.2
2019-12-01,skill_level,highly_skilled,akl,143.06
2019-12-01,skill_level,highly_skilled,bop,280.71
2019-12-01,skill_level,highly_skilled,cant,155.05
2019-12-01,skill_level,highly_skilled,gis,249.44
2019-12-01,skill_level,highly_skilled,mrl,208.74
2019-12-01,skill_level,highly_skilled,mwt,212.93
2019-12-01,skill_level,highly_skilled,nld,246.27
2019-12-01,skill_level,highly_skilled,otg,259.1
2019-12-01,skill_level,highly_skilled,wai,198.35
2019-12-01,skill_level,highly_skilled,wlg,124.47
2019-12-01,skill_level,low_skilled,akl,200.65
2019-12-01,skill_level,low_skilled,bop,294.56
2019-12-01,skill_level,low_skilled,cant,208.34
2019-12-01,skill_level,low_skilled,gis,293.8
2019-12-01,skill_level,low_skilled,mrl,315.01
2019-12-01,skill_level,low_skilled,mwt,263.48
2019-12-01,skill_level,low_skilled,nld,288.05
2019-12-01,skill_level,low_skilled,otg,392.41
2019-12-01,skill_level,low_skilled,wai,280.02
2019-12-01,skill_level,low_skilled,wlg,197.7
2019-12-01,skill_level,semi_skilled,akl,303.48
2019-12-01,skill_level,semi_skilled,bop,416.67
2019-12-01,skill_level,semi_skilled,cant,277.76
2019-12-01,skill_level,semi_skilled,gis,338.51
2019-12-01,skill_level,semi_skilled,mrl,493.22
2019-12-01,skill_level,semi_skilled,mwt,296.8
2019-12-01,skill_level,semi_skilled,nld,311.96
2019-12-01,skill_level,semi_skilled,otg,596.08
2019-12-01,skill_level,semi_skilled,wai,385.15
2019-12-01,skill_level,semi_skilled,wlg,263.23
2019-12-01,skill_level,skilled,akl,172.15
2019-12-01,skill_level,skilled,bop,207.21
2019-12-01,skill_level,skilled,cant,136.35
2019-12-01,skill_level,skilled,gis,171.92
2019-12-01,skill_level,skilled,mrl,154.37
2019-12-01,skill_level,skilled,mwt,133.54
2019-12-01,skill_level,skilled,nld,161.76
2019-12-01,skill_level,skilled,otg,227.32
2019-12-01,skill_level,skilled,wai,176.08
2019-12-01,skill_level,skilled,wlg,144.82
2019-12-01,skill_level,unskilled,akl,291.3
2019-12-01,skill_level,unskilled,bop,379.04
2019-12-01,skill_level,unskilled,cant,230.36
2019-12-01,skill_level,unskilled,gis,391.2
2019-12-01,skill_level,unskilled,mrl,381.81
2019-12-01,skill_level,unskilled,mwt,315.56
2019-12-01,skill_level,unskilled,nld,354.29
2019-12-01,skill_level,unskilled,otg,462.79
2019-12-01,skill_level,unskilled,wai,301.32
2019-12-01,skill_level,unskilled,wlg,236.82
2020-03-01,industry,accounting,akl,153.76
2020-03-01,industry,accounting,bop,335.47
2020-03-01,industry,accounting,cant,160.26
2020-03-01,industry,accounting,gis,352.48
2020-03-01,industry,accounting,mrl,236.78
2020-03-01,industry,accounting,mwt,237.08
2020-03-01,industry,accounting,nld,224.62
2020-03-01,industry,accounting,otg,297.6
2020-03-01,industry,accounting,wai,221.55
2020-03-01,industry,accounting,wlg,174.42
2020-03-01,industry,construction,akl,311.48
2020-03-01,industry,construction,bop,446.58
2020-03-01,industry,construction,cant,241.51
2020-03-01,industry,construction,gis,385.23
2020-03-01,industry,construction,mrl,469.92
2020-03-01,industry,construction,mwt,248.38
2020-03-01,industry,construction,nld,396.62
2020-03-01,industry,construction,otg,532.75
2020-03-01,industry,construction,wai,351.76
2020-03-01,industry,construction,wlg,254.5
2020-03-01,industry,education,akl,97.97
2020-03-01,industry,education,bop,85.9
2020-03-01,industry,education,cant,78.23
2020-03-01,industry,education,gis,63.27
2020-03-01,industry,education,mrl,51.3
2020-03-01,industry,education,mwt,77.24
2020-03-01,industry,education,nld,59.82
2020-03-01,industry,education,otg,73.82
2020-03-01,industry,education,wai,83.87
2020-03-01,industry,education,wlg,98.54
2020-03-01,industry,health,akl,187.49
2020-03-01,industry,health,bop,387.33
2020-03-01,industry,health,cant,237.5
2020-03-01,industry,health,gis,269.98
2020-03-01,industry,health,mrl,317.65
2020-03-01,industry,health,mwt,320.01
2020-03-01,industry,health,nld,238.35
2020-03-01,industry,health,otg,361.68
2020-03-01,industry,health,wai,258.35
2020-03-01,industry,health,wlg,210.72
2020-03-01,industry,hospitality,akl,238.75
2020-03-01,industry,hospitality,bop,230.05
2020-03-01,industry,hospitality,cant,160.15
2020-03-01,industry,hospitality,gis,220.0
2020-03-01,industry,hospitality,mrl,190.32
2020-03-01,industry,hospitality,mwt,240.6
2020-03-01,industry,hospitality,nld,308.62
2020-03-01,industry,hospitality,otg,306.91
2020-03-01,industry,hospitality,wai,232.59
2020-03-01,industry,hospitality,wlg,218.1
2020-03-01,industry,it,akl,101.11
2020-03-01,industry,it,bop,243.37
2020-03-01,industry,it,cant,109.78
2020-03-01,industry,it,gis,159.26
2020-03-01,industry,it,mrl,146.15
2020-03-01,industry,it,mwt,156.47
2020-03-01,industry,it,nld,178.57
2020-03-01,industry,it,otg,145.16
2020-03-01,industry,it,wai,158.79
2020-03-01,industry,it,wlg,86.52
2020-03-01,industry,manufacturing,akl,267.47
2020-03-01,industry,manufacturing,bop,493.58
2020-03-01,industry,manufacturing,cant,280.46
2020-03-01,industry,manufacturing,gis,524.19
2020-03-01,industry,manufacturing,mrl,528.26
2020-03-01,industry,manufacturing,mwt,306.09
2020-03-01,industry,manufacturing,nld,389.29
2020-03-01,industry,manufacturing,otg,451.88
2020-03-01,industry,manufacturing,wai,352.41
2020-03-01,industry,manufacturing,wlg,285.83
2020-03-01,industry,other,akl,348.64
2020-03-01,industry,other,bop,443.27
2020-03-01,industry,other,cant,432.09
2020-03-01,industry,other,gis,400.0
2020-03-01,industry,other,mrl,397.37
2020-03-01,industry,other,mwt,328.48
2020-03-01,industry,other,nld,717.65
2020-03-01,industry,other,otg,664.29
2020-03-01,industry,other,wai,365.08
2020-03-01,industry,other,wlg,266.8
2020-03-01,industry,primary,akl,248.3
2020-03-01,industry,primary,bop,638.64
2020-03-01,industry,primary,cant,248.15
2020-03-01,industry,primary,gis,403.17
2020-03-01,industry,primary,mrl,249.46
2020-03-01,industry,primary,mwt,352.86
2020-03-01,industry,primary,nld,235.9
2020-03-01,industry,primary,otg,258.72
2020-03-01,industry,primary,wai,295.79
2020-03-01,industry,primary,wlg,286.57
2020-03-01,industry,sales,akl,157.54
2020-03-01,industry,sales,bop,214.86
2020-03-01,industry,sales,cant,120.7
2020-03-01,industry,sales,gis,282.5
2020-03-01,industry,sales,mrl,194.64
2020-03-01,industry,sales,mwt,143.86
2020-03-01,industry,sales,nld,233.85
2020-03-01,industry,sales,otg,216.1
2020-03-01,industry,sales,wai,169.09
2020-03-01,industry,sales,wlg,137.67
2020-03-01,occupation,clerical_admin,akl,161.6
2020-03-01,occupation,clerical_admin,bop,333.7
2020-03-01,occupation,clerical_admin,cant,152.7
2020-03-01,occupation,clerical_admin,gis,411.5
2020-03-01,occupation,clerical_admin,mrl,292.5
2020-03-01,occupation,clerical_admin,mwt,247.4
2020-03-01,occupation,clerical_admin,nld,306.7
2020-03-01,occupation,clerical_admin,otg,357.7
2020-03-01,occupation,clerical_admin,wai,260.9
2020-03-01,occupation,clerical_admin,wlg,169.2
2020-03-01,occupation,community_services,akl,269.2
2020-03-01,occupation,community_services,bop,278.0
2020-03-01,occupation,community_services,cant,199.7
2020-03-01,occupation,community_services,gis,273.5
2020-03-01,occupation,community_services,mrl,275.7
2020-03-01,occupation,community_services,mwt,298.3
2020-03-01,occupation,community_services,nld,372.4
2020-03-01,occupation,community_services,otg,383.8
2020-03-01,occupation,community_services,wai,298.6
2020-03-01,occupation,community_services,wlg,247.7
2020-03-01,occupation,labourers,akl,480.8
2020-03-01,occupation,labourers,bop,598.0
2020-03-01,occupation,labourers,cant,364.1
2020-03-01,occupation,labourers,gis,529.0
2020-03-01,occupation,labourers,mrl,580.3
2020-03-01,occupation,labourers,mwt,600.0
2020-03-01,occupation,labourers,nld,416.7
2020-03-01,occupation,labourers,otg,703.1
2020-03-01,occupation,labourers,wai,526.5
2020-03-01,occupation,labourers,wlg,474.8
2020-03-01,occupation,machinery_drivers,akl,378.8
2020-03-01,occupation,machinery_drivers,bop,560.4
2020-03-01,occupation,machinery_drivers,cant,327.4
2020-03-01,occupation,machinery_drivers,gis,515.9
2020-03-01,occupation,machinery_drivers,mrl,353.2
2020-03-01,occupation,machinery_drivers,mwt,333.7
2020-03-01,occupation,machinery_drivers,nld,376.7
2020-03-01,occupation,machinery_drivers,otg,443.6
2020-03-01,occupation,machinery_drivers,wai,367.8
2020-03-01,occupation,machinery_drivers,wlg,350.5
2020-03-01,occupation,managers,akl,164.9
2020-03-01,occupation,managers,bop,302.3
2020-03-01,occupation,managers,cant,151.1
2020-03-01,occupation,managers,gis,321.1
2020-03-01,occupation,managers,mrl,208.1
2020-03-01,occupation,managers,mwt,189.1
2020-03-01,occupation,managers,nld,280.2
2020-03-01,occupation,managers,otg,259.7
2020-03-01,occupation,managers,wai,220.2
2020-03-01,occupation,managers,wlg,133.1
2020-03-01,occupation,professionals,akl,143.9
2020-03-01,occupation,professionals,bop,235.2
2020-03-01,occupation,professionals,cant,139.5
2020-03-01,occupation,professionals,gis,176.9
2020-03-01,occupation,professionals,mrl,147.0
2020-03-01,occupation,professionals,mwt,160.5
2020-03-01,occupation,professionals,nld,161.1
2020-03-01,occupation,professionals,otg,193.3
2020-03-01,occupation,professionals,wai,160.9
2020-03-01,occupation,professionals,wlg,135.1
2020-03-01,occupation,sales,akl,183.2
2020-03-01,occupation,sales,bop,241.5
2020-03-01,occupation,sales,cant,146.7
2020-03-01,occupation,sales,gis,264.3
2020-03-01,occupation,sales,mrl,235.3
2020-03-01,occupation,sales,mwt,193.9
2020-03-01,occupation,sales,nld,204.3
2020-03-01,occupation,sales,otg,254.5
2020-03-01,occupation,sales,wai,191.2
2020-03-01,occupation,sales,wlg,180.3
2020-03-01,occupation,trades_and_technical,akl,297.7
2020-03-01,occupation,trades_and_technical,bop,410.9
2020-03-01,occupation,trades_and_technical,cant,246.9
2020-03-01,occupation,trades_and_technical,gis,326.8
2020-03-01,occupation,trades_and_technical,mrl,337.4
2020-03-01,occupation,trades_and_technical,mwt,270.4
2020-03-01,occupation,trades_and_technical,nld,309.5
2020-03-01,occupation,trades_and_technical,otg,458.4
2020-03-01,occupation,trades_and_technical,wai,355.2
2020-03-01,occupation,trades_and_technical,wlg,228.2
2020-03-01,skill_level,highly_skilled,akl,156.94
2020-03-01,skill_level,highly_skilled,bop,322.96
2020-03-01,skill_level,highly_skilled,cant,160.51
2020-03-01,skill_level,highly_skilled,gis,281.5
2020-03-01,skill_level,highly_skilled,mrl,223.72
2020-03-01,skill_level,highly_skilled,mwt,224.87
2020-03-01,skill_level,highly_skilled,nld,251.43
2020-03-01,skill_level,highly_skilled,otg,269.02
2020-03-01,skill_level,highly_skilled,wai,212.02
2020-03-01,skill_level,highly_skilled,wlg,139.23
2020-03-01,skill_level,low_skilled,akl,201.36
2020-03-01,skill_level,low_skilled,bop,339.48
2020-03-01,skill_level,low_skilled,cant,201.07
2020-03-01,skill_level,low_skilled,gis,322.07
2020-03-01,skill_level,low_skilled,mrl,313.11
2020-03-01,skill_level,low_skilled,mwt,276.34
2020-03-01,skill_level,low_skilled,nld,269.45
2020-03-01,skill_level,low_skilled,otg,354.64
2020-03-01,skill_level,low_skilled,wai,287.69
2020-03-01,skill_level,low_skilled,wlg,200.45
2020-03-01,skill_level,semi_skilled,akl,334.82
2020-03-01,skill_level,semi_skilled,bop,509.09
2020-03-01,skill_level,semi_skilled,cant,297.6
2020-03-01,skill_level,semi_skilled,gis,379.05
2020-03-01,skill_level,semi_skilled,mrl,473.73
2020-03-01,skill_level,semi_skilled,mwt,330.23
2020-03-01,skill_level,semi_skilled,nld,326.09
2020-03-01,skill_level,semi_skilled,otg,596.08
2020-03-01,skill_level,semi_skilled,wai,423.76
2020-03-01,skill_level,semi_skilled,wlg,304.19
2020-03-01,skill_level,skilled,akl,177.21
2020-03-01,skill_level,skilled,bop,198.44
2020-03-01,skill_level,skilled,cant,130.67
2020-03-01,skill_level,skilled,gis,178.35
2020-03-01,skill_level,skilled,mrl,128.88
2020-03-01,skill_level,skilled,mwt,126.06
2020-03-01,skill_level,skilled,nld,152.4
2020-03-01,skill_level,skilled,otg,195.72
2020-03-01,skill_level,skilled,wai,166.96
2020-03-01,skill_level,skilled,wlg,152.73
2020-03-01,skill_level,unskilled,akl,298.99
2020-03-01,skill_level,unskilled,bop,378.06
2020-03-01,skill_level,unskilled,cant,225.84
2020-03-01,skill_level,unskilled,gis,458.4
2020-03-01,skill_level,unskilled,mrl,385.53
2020-03-01,skill_level,unskilled,mwt,348.07
2020-03-01,skill_level,unskilled,nld,378.57
2020-03-01,skill_level,unskilled,otg,433.95
2020-03-01,skill_level,unskilled,wai,298.36
2020-03-01,skill_level,unskilled,wlg,270.09
2020-06-01,industry,accounting,akl,63.68
2020-06-01,industry,accounting,bop,174.72
2020-06-01,industry,accounting,cant,69.51
2020-06-01,industry,accounting,gis,199.29
2020-06-01,industry,accounting,mrl,137.93
2020-06-01,industry,accounting,mwt,135.96
2020-06-01,industry,accounting,nld,125.38
2020-06-01,industry,accounting,otg,143.15
2020-06-01,industry,accounting,wai,112.29
2020-06-01,industry,accounting,wlg,79.27
2020-06-01,industry,construction,akl,169.04
2020-06-01,industry,construction,bop,269.18
2020-06-01,industry,construction,cant,128.88
2020-06-01,industry,construction,gis,275.0
2020-06-01,industry,construction,mrl,276.69
2020-06-01,industry,construction,mwt,196.38
2020-06-01,industry,construction,nld,259.46
2020-06-01,industry,construction,otg,260.96
2020-06-01,industry,construction,wai,232.21
2020-06-01,industry,construction,wlg,176.31
2020-06-01,industry,education,akl,62.03
2020-06-01,industry,education,bop,53.44
2020-06-01,industry,education,cant,47.34
2020-06-01,industry,education,gis,54.69
2020-06-01,industry,education,mrl,43.48
2020-06-01,industry,education,mwt,61.79
2020-06-01,industry,education,nld,36.53
2020-06-01,industry,education,otg,46.69
2020-06-01,industry,education,wai,56.77
2020-06-01,industry,education,wlg,54.53
2020-06-01,industry,health,akl,128.97
2020-06-01,industry,health,bop,309.46
2020-06-01,industry,health,cant,147.84
2020-06-01,industry,health,gis,221.95
2020-06-01,industry,health,mrl,249.5
2020-06-01,industry,health,mwt,268.4
2020-06-01,industry,health,nld,196.62
2020-06-01,industry,health,otg,281.11
2020-06-01,industry,health,wai,212.72
2020-06-01,industry,health,wlg,147.97
2020-06-01,industry,hospitality,akl,94.66
2020-06-01,industry,hospitality,bop,120.2
2020-06-01,industry,hospitality,cant,60.75
2020-06-01,industry,hospitality,gis,115.2
2020-06-01,industry,hospitality,mrl,72.9
2020-06-01,industry,hospitality,mwt,166.17
2020-06-01,industry,hospitality,nld,151.72
2020-06-01,industry,hospitality,otg,88.62
2020-06-01,industry,hospitality,wai,124.55
2020-06-01,industry,hospitality,wlg,83.62
2020-06-01,industry,it,akl,51.31
2020-06-01,industry,it,bop,145.78
2020-06-01,industry,it,cant,70.19
2020-06-01,industry,it,gis,159.26
2020-06-01,industry,it,mrl,88.46
2020-06-01,industry,it,mwt,87.06
2020-06-01,industry,it,nld,228.57
2020-06-01,industry,it,otg,81.72
2020-06-01,industry,it,wai,97.99
2020-06-01,industry,it,wlg,46.22
2020-06-01,industry,manufacturing,akl,129.68
2020-06-01,industry,manufacturing,bop,248.66
2020-06-01,industry,manufacturing,cant,152.58
2020-06-01,industry,manufacturing,gis,309.68
2020-06-01,industry,manufacturing,mrl,227.17
2020-06-01,industry,manufacturing,mwt,196.09
2020-06-01,industry,manufacturing,nld,228.57
2020-06-01,industry,manufacturing,otg,181.88
2020-06-01,industry,manufacturing,wai,213.83
2020-06-01,industry,manufacturing,wlg,154.22
2020-06-01,industry,other,akl,182.2
2020-06-01,industry,other,bop,275.0
2020-06-01,industry,other,cant,227.44
2020-06-01,industry,other,gis,246.05
2020-06-01,industry,other,mrl,221.05
2020-06-01,industry,other,mwt,216.56
2020-06-01,industry,other,nld,514.71
2020-06-01,industry,other,otg,360.71
2020-06-01,industry,other,wai,207.94
2020-06-01,industry,other,wlg,153.89
2020-06-01,industry,primary,akl,160.54
2020-06-01,industry,primary,bop,513.64
2020-06-01,industry,primary,cant,212.35
2020-06-01,industry,primary,gis,279.37
2020-06-01,industry,primary,mrl,206.45
2020-06-01,industry,primary,mwt,254.29
2020-06-01,industry,primary,nld,202.56
2020-06-01,industry,primary,otg,186.24
2020-06-01,industry,primary,wai,282.11
2020-06-01,industry,primary,wlg,211.94
2020-06-01,industry,sales,akl,54.86
2020-06-01,industry,sales,bop,96.22
2020-06-01,industry,sales,cant,57.29
2020-06-01,industry,sales,gis,121.5
2020-06-01,industry,sales,mrl,85.27
2020-06-01,industry,sales,mwt,79.04
2020-06-01,industry,sales,nld,123.08
2020-06-01,industry,sales,otg,69.61
2020-06-01,industry,sales,wai,77.42
2020-06-01,industry,sales,wlg,53.79
2020-06-01,occupation,clerical_admin,akl,66.1
2020-06-01,occupation,clerical_admin,bop,173.0
2020-06-01,occupation,clerical_admin,cant,64.8
2020-06-01,occupation,clerical_admin,gis,211.5
2020-06-01,occupation,clerical_admin,mrl,143.7
2020-06-01,occupation,clerical_admin,mwt,133.5
2020-06-01,occupation,clerical_admin,nld,160.1
2020-06-01,occupation,clerical_admin,otg,127.7
2020-06-01,occupation,clerical_admin,wai,124.8
2020-06-01,occupation,clerical_admin,wlg,68.3
2020-06-01,occupation,community_services,akl,133.9
2020-06-01,occupation,community_services,bop,170.9
2020-06-01,occupation,community_services,cant,93.1
2020-06-01,occupation,community_services,gis,169.9
2020-06-01,occupation,community_services,mrl,154.6
2020-06-01,occupation,community_services,mwt,222.1
2020-06-01,occupation,community_services,nld,243.2
2020-06-01,occupation,community_services,otg,186.4
2020-06-01,occupation,community_services,wai,182.0
2020-06-01,occupation,community_services,wlg,124.2
2020-06-01,occupation,labourers,akl,263.1
2020-06-01,occupation,labourers,bop,385.7
2020-06-01,occupation,labourers,cant,174.1
2020-06-01,occupation,labourers,gis,340.2
2020-06-01,occupation,labourers,mrl,303.9
2020-06-01,occupation,labourers,mwt,471.4
2020-06-01,occupation,labourers,nld,281.0
2020-06-01,occupation,labourers,otg,330.9
2020-06-01,occupation,labourers,wai,342.6
2020-06-01,occupation,labourers,wlg,309.0
2020-06-01,occupation,machinery_drivers,akl,188.0
2020-06-01,occupation,machinery_drivers,bop,295.8
2020-06-01,occupation,machinery_drivers,cant,155.5
2020-06-01,occupation,machinery_drivers,gis,308.7
2020-06-01,occupation,machinery_drivers,mrl,166.8
2020-06-01,occupation,machinery_drivers,mwt,256.7
2020-06-01,occupation,machinery_drivers,nld,266.7
2020-06-01,occupation,machinery_drivers,otg,187.1
2020-06-01,occupation,machinery_drivers,wai,219.3
2020-06-01,occupation,machinery_drivers,wlg,208.9
2020-06-01,occupation,managers,akl,79.3
2020-06-01,occupation,managers,bop,188.0
2020-06-01,occupation,managers,cant,92.6
2020-06-01,occupation,managers,gis,225.9
2020-06-01,occupation,managers,mrl,161.7
2020-06-01,occupation,managers,mwt,144.4
2020-06-01,occupation,managers,nld,203.0
2020-06-01,occupation,managers,otg,140.7
2020-06-01,occupation,managers,wai,143.1
2020-06-01,occupation,managers,wlg,73.8
2020-06-01,occupation,professionals,akl,72.7
2020-06-01,occupation,professionals,bop,155.6
2020-06-01,occupation,professionals,cant,79.3
2020-06-01,occupation,professionals,gis,139.2
2020-06-01,occupation,professionals,mrl,110.5
2020-06-01,occupation,professionals,mwt,119.5
2020-06-01,occupation,professionals,nld,123.1
2020-06-01,occupation,professionals,otg,120.0
2020-06-01,occupation,professionals,wai,108.0
2020-06-01,occupation,professionals,wlg,76.3
2020-06-01,occupation,sales,akl,59.9
2020-06-01,occupation,sales,bop,104.9
2020-06-01,occupation,sales,cant,66.6
2020-06-01,occupation,sales,gis,100.0
2020-06-01,occupation,sales,mrl,90.5
2020-06-01,occupation,sales,mwt,89.3
2020-06-01,occupation,sales,nld,92.4
2020-06-01,occupation,sales,otg,93.2
2020-06-01,occupation,sales,wai,83.8
2020-06-01,occupation,sales,wlg,64.0
2020-06-01,occupation,trades_and_technical,akl,162.5
2020-06-01,occupation,trades_and_technical,bop,240.2
2020-06-01,occupation,trades_and_technical,cant,137.0
2020-06-01,occupation,trades_and_technical,gis,211.3
2020-06-01,occupation,trades_and_technical,mrl,199.5
2020-06-01,occupation,trades_and_technical,mwt,200.2
2020-06-01,occupation,trades_and_technical,nld,204.0
2020-06-01,occupation,trades_and_technical,otg,217.6
2020-06-01,occupation,trades_and_technical,wai,239.1
2020-06-01,occupation,trades_and_technical,wlg,152.5
2020-06-01,skill_level,highly_skilled,akl,76.95
2020-06-01,skill_level,highly_skilled,bop,206.67
2020-06-01,skill_level,highly_skilled,cant,91.83
2020-06-01,skill_level,highly_skilled,gis,211.07
2020-06-01,skill_level,highly_skilled,mrl,171.64
2020-06-01,skill_level,highly_skilled,mwt,164.33
2020-06-01,skill_level,highly_skilled,nld,191.51
2020-06-01,skill_level,highly_skilled,otg,159.51
2020-06-01,skill_level,highly_skilled,wai,137.76
2020-06-01,skill_level,highly_skilled,wlg,78.21
2020-06-01,skill_level,low_skilled,akl,88.02
2020-06-01,skill_level,low_skilled,bop,170.24
2020-06-01,skill_level,low_skilled,cant,94.41
2020-06-01,skill_level,low_skilled,gis,182.77
2020-06-01,skill_level,low_skilled,mrl,152.12
2020-06-01,skill_level,low_skilled,mwt,187.81
2020-06-01,skill_level,low_skilled,nld,162.09
2020-06-01,skill_level,low_skilled,otg,138.61
2020-06-01,skill_level,low_skilled,wai,154.67
2020-06-01,skill_level,low_skilled,wlg,96.94
2020-06-01,skill_level,semi_skilled,akl,200.78
2020-06-01,skill_level,semi_skilled,bop,296.97
2020-06-01,skill_level,semi_skilled,cant,180.58
2020-06-01,skill_level,semi_skilled,gis,265.54
2020-06-01,skill_level,semi_skilled,mrl,291.53
2020-06-01,skill_level,semi_skilled,mwt,257.8
2020-06-01,skill_level,semi_skilled,nld,201.09
2020-06-01,skill_level,semi_skilled,otg,314.22
2020-06-01,skill_level,semi_skilled,wai,297.69
2020-06-01,skill_level,semi_skilled,wlg,212.63
2020-06-01,skill_level,skilled,akl,85.57
2020-06-01,skill_level,skilled,bop,131.06
2020-06-01,skill_level,skilled,cant,64.58
2020-06-01,skill_level,skilled,gis,110.42
2020-06-01,skill_level,skilled,mrl,75.08
2020-06-01,skill_level,skilled,mwt,90.5
2020-06-01,skill_level,skilled,nld,103.27
2020-06-01,skill_level,skilled,otg,94.98
2020-06-01,skill_level,skilled,wai,106.2
2020-06-01,skill_level,skilled,wlg,76.16
2020-06-01,skill_level,unskilled,akl,131.36
2020-06-01,skill_level,unskilled,bop,221.76
2020-06-01,skill_level,unskilled,cant,97.52
2020-06-01,skill_level,unskilled,gis,234.4
2020-06-01,skill_level,unskilled,mrl,181.6
2020-06-01,skill_level,unskilled,mwt,212.15
2020-06-01,skill_level,unskilled,nld,207.14
2020-06-01,skill_level,unskilled,otg,169.77
2020-06-01,skill_level,unskilled,wai,166.45
2020-06-01,skill_level,unskilled,wlg,133.25
2020-09-01,industry,accounting,akl,96.91
2020-09-01,industry,accounting,bop,355.85
2020-09-01,industry,accounting,cant,129.77
2020-09-01,industry,accounting,gis,290.07
2020-09-01,industry,accounting,mrl,245.4
2020-09-01,industry,accounting,mwt,283.15
2020-09-01,industry,accounting,nld,246.92
2020-09-01,industry,accounting,otg,256.85
2020-09-01,industry,accounting,wai,205.67
2020-09-01,industry,accounting,wlg,147.38
2020-09-01,industry,construction,akl,262.51
2020-09-01,industry,construction,bop,446.35
2020-09-01,industry,construction,cant,252.35
2020-09-01,industry,construction,gis,450.76
2020-09-01,industry,construction,mrl,456.78
2020-09-01,industry,construction,mwt,312.0
2020-09-01,industry,construction,nld,474.32
2020-09-01,industry,construction,otg,503.53
2020-09-01,industry,construction,wai,378.34
2020-09-01,industry,construction,wlg,265.4
2020-09-01,industry,education,akl,80.17
2020-09-01,industry,education,bop,87.54
2020-09-01,industry,education,cant,80.97
2020-09-01,industry,education,gis,95.51
2020-09-01,industry,education,mrl,79.13
2020-09-01,industry,education,mwt,89.7
2020-09-01,industry,education,nld,57.08
2020-09-01,industry,education,otg,85.49
2020-09-01,industry,education,wai,80.0
2020-09-01,industry,education,wlg,96.93
2020-09-01,industry,health,akl,163.65
2020-09-01,industry,health,bop,426.48
2020-09-01,industry,health,cant,204.1
2020-09-01,industry,health,gis,306.0
2020-09-01,industry,health,mrl,359.89
2020-09-01,industry,health,mwt,356.03
2020-09-01,industry,health,nld,234.48
2020-09-01,industry,health,otg,432.18
2020-09-01,industry,health,wai,277.3
2020-09-01,industry,health,wlg,230.81
2020-09-01,industry,hospitality,akl,173.06
2020-09-01,industry,hospitality,bop,236.45
2020-09-01,industry,hospitality,cant,125.86
2020-09-01,industry,hospitality,gis,238.4
2020-09-01,industry,hospitality,mrl,198.71
2020-09-01,industry,hospitality,mwt,290.23
2020-09-01,industry,hospitality,nld,377.59
2020-09-01,industry,hospitality,otg,223.58
2020-09-01,industry,hospitality,wai,242.41
2020-09-01,industry,hospitality,wlg,176.38
2020-09-01,industry,it,akl,82.99
2020-09-01,industry,it,bop,262.65
2020-09-01,industry,it,cant,98.29
2020-09-01,industry,it,gis,177.78
2020-09-01,industry,it,mrl,180.77
2020-09-01,industry,it,mwt,200.0
2020-09-01,industry,it,nld,285.71
2020-09-01,industry,it,otg,154.84
2020-09-01,industry,it,wai,137.69
2020-09-01,industry,it,wlg,74.96
2020-09-01,industry,manufacturing,akl,230.89
2020-09-01,industry,manufacturing,bop,418.18
2020-09-01,industry,manufacturing,cant,310.3
2020-09-01,industry,manufacturing,gis,461.29
2020-09-01,industry,manufacturing,mrl,426.09
2020-09-01,industry,manufacturing,mwt,348.7
2020-09-01,industry,manufacturing,nld,480.36
2020-09-01,industry,manufacturing,otg,405.0
2020-09-01,industry,manufacturing,wai,411.58
2020-09-01,industry,manufacturing,wlg,272.21
2020-09-01,industry,other,akl,283.42
2020-09-01,industry,other,bop,537.5
2020-09-01,industry,other,cant,425.58
2020-09-01,industry,other,gis,436.84
2020-09-01,industry,other,mrl,453.95
2020-09-01,industry,other,mwt,360.93
2020-09-01,industry,other,nld,823.53
2020-09-01,industry,other,otg,755.95
2020-09-01,industry,other,wai,442.33
2020-09-01,industry,other,wlg,281.82
2020-09-01,industry,primary,akl,248.98
2020-09-01,industry,primary,bop,672.73
2020-09-01,industry,primary,cant,312.35
2020-09-01,industry,primary,gis,401.59
2020-09-01,industry,primary,mrl,409.68
2020-09-01,industry,primary,mwt,361.43
2020-09-01,industry,primary,nld,269.23
2020-09-01,industry,primary,otg,339.45
2020-09-01,industry,primary,wai,357.89
2020-09-01,industry,primary,wlg,280.6
2020-09-01,industry,sales,akl,107.68
2020-09-01,industry,sales,bop,183.51
2020-09-01,industry,sales,cant,103.88
2020-09-01,industry,sales,gis,239.0
2020-09-01,industry,sales,mrl,174.55
2020-09-01,industry,sales,mwt,158.31
2020-09-01,industry,sales,nld,218.46
2020-09-01,industry,sales,otg,173.24
2020-09-01,industry,sales,wai,156.21
2020-09-01,industry,sales,wlg,111.41
2020-09-01,occupation,clerical_admin,akl,106.2
2020-09-01,occupation,clerical_admin,bop,364.9
2020-09-01,occupation,clerical_admin,cant,129.2
2020-09-01,occupation,clerical_admin,gis,354.9
2020-09-01,occupation,clerical_admin,mrl,288.1
2020-09-01,occupation,clerical_admin,mwt,257.2
2020-09-01,occupation,clerical_admin,nld,302.1
2020-09-01,occupation,clerical_admin,otg,301.4
2020-09-01,occupation,clerical_admin,wai,244.1
2020-09-01,occupation,clerical_admin,wlg,142.7
2020-09-01,occupation,community_services,akl,208.3
2020-09-01,occupation,community_services,bop,280.8
2020-09-01,occupation,community_services,cant,163.8
2020-09-01,occupation,community_services,gis,321.3
2020-09-01,occupation,community_services,mrl,307.6
2020-09-01,occupation,community_services,mwt,330.2
2020-09-01,occupation,community_services,nld,420.4
2020-09-01,occupation,community_services,otg,370.1
2020-09-01,occupation,community_services,wai,278.8
2020-09-01,occupation,community_services,wlg,227.2
2020-09-01,occupation,labourers,akl,445.3
2020-09-01,occupation,labourers,bop,620.4
2020-09-01,occupation,labourers,cant,357.9
2020-09-01,occupation,labourers,gis,577.8
2020-09-01,occupation,labourers,mrl,585.6
2020-09-01,occupation,labourers,mwt,710.7
2020-09-01,occupation,labourers,nld,519.0
2020-09-01,occupation,labourers,otg,603.1
2020-09-01,occupation,labourers,wai,581.6
2020-09-01,occupation,labourers,wlg,479.0
2020-09-01,occupation,machinery_drivers,akl,382.6
2020-09-01,occupation,machinery_drivers,bop,553.1
2020-09-01,occupation,machinery_drivers,cant,391.1
2020-09-01,occupation,machinery_drivers,gis,494.2
2020-09-01,occupation,machinery_drivers,mrl,322.5
2020-09-01,occupation,machinery_drivers,mwt,440.4
2020-09-01,occupation,machinery_drivers,nld,640.0
2020-09-01,occupation,machinery_drivers,otg,494.1
2020-09-01,occupation,machinery_drivers,wai,492.4
2020-09-01,occupation,machinery_drivers,wlg,405.3
2020-09-01,occupation,managers,akl,116.2
2020-09-01,occupation,managers,bop,271.5
2020-09-01,occupation,managers,cant,143.8
2020-09-01,occupation,managers,gis,311.6
2020-09-01,occupation,managers,mrl,216.9
2020-09-01,occupation,managers,mwt,212.0
2020-09-01,occupation,managers,nld,290.1
2020-09-01,occupation,managers,otg,252.4
2020-09-01,occupation,managers,wai,211.8
2020-09-01,occupation,managers,wlg,119.6
2020-09-01,occupation,professionals,akl,110.0
2020-09-01,occupation,professionals,bop,246.9
2020-09-01,occupation,professionals,cant,125.6
2020-09-01,occupation,professionals,gis,190.6
2020-09-01,occupation,professionals,mrl,172.9
2020-09-01,occupation,professionals,mwt,185.3
2020-09-01,occupation,professionals,nld,155.8
2020-09-01,occupation,professionals,otg,200.3
2020-09-01,occupation,professionals,wai,167.6
2020-09-01,occupation,professionals,wlg,128.0
2020-09-01,occupation,sales,akl,128.9
2020-09-01,occupation,sales,bop,239.3
2020-09-01,occupation,sales,cant,139.1
2020-09-01,occupation,sales,gis,223.8
2020-09-01,occupation,sales,mrl,232.8
2020-09-01,occupation,sales,mwt,225.9
2020-09-01,occupation,sales,nld,205.4
2020-09-01,occupation,sales,otg,217.6
2020-09-01,occupation,sales,wai,195.1
2020-09-01,occupation,sales,wlg,141.7
2020-09-01,occupation,trades_and_technical,akl,244.7
2020-09-01,occupation,trades_and_technical,bop,404.1
2020-09-01,occupation,trades_and_technical,cant,241.6
2020-09-01,occupation,trades_and_technical,gis,357.9
2020-09-01,occupation,trades_and_technical,mrl,346.7
2020-09-01,occupation,trades_and_technical,mwt,330.0
2020-09-01,occupation,trades_and_technical,nld,412.7
2020-09-01,occupation,trades_and_technical,otg,416.2
2020-09-01,occupation,trades_and_technical,wai,375.3
2020-09-01,occupation,trades_and_technical,wlg,232.8
2020-09-01,skill_level,highly_skilled,akl,115.96
2020-09-01,skill_level,highly_skilled,bop,320.01
2020-09-01,skill_level,highly_skilled,cant,144.62
2020-09-01,skill_level,highly_skilled,gis,292.4
2020-09-01,skill_level,highly_skilled,mrl,249.32
2020-09-01,skill_level,highly_skilled,mwt,255.93
2020-09-01,skill_level,highly_skilled,nld,258.31
2020-09-01,skill_level,highly_skilled,otg,271.76
2020-09-01,skill_level,highly_skilled,wai,214.13
2020-09-01,skill_level,highly_skilled,wlg,130.44
2020-09-01,skill_level,low_skilled,akl,156.31
2020-09-01,skill_level,low_skilled,bop,332.46
2020-09-01,skill_level,low_skilled,cant,188.34
2020-09-01,skill_level,low_skilled,gis,323.27
2020-09-01,skill_level,low_skilled,mrl,306.77
2020-09-01,skill_level,low_skilled,mwt,325.67
2020-09-01,skill_level,low_skilled,nld,324.19
2020-09-01,skill_level,low_skilled,otg,322.78
2020-09-01,skill_level,low_skilled,wai,309.61
2020-09-01,skill_level,low_skilled,wlg,183.5
2020-09-01,skill_level,semi_skilled,akl,299.93
2020-09-01,skill_level,semi_skilled,bop,506.57
2020-09-01,skill_level,semi_skilled,cant,317.94
2020-09-01,skill_level,semi_skilled,gis,435.14
2020-09-01,skill_level,semi_skilled,mrl,477.97
2020-09-01,skill_level,semi_skilled,mwt,401.14
2020-09-01,skill_level,semi_skilled,nld,420.65
2020-09-01,skill_level,semi_skilled,otg,535.29
2020-09-01,skill_level,semi_skilled,wai,455.78
2020-09-01,skill_level,semi_skilled,wlg,312.22
2020-09-01,skill_level,skilled,akl,127.85
2020-09-01,skill_level,skilled,bop,217.14
2020-09-01,skill_level,skilled,cant,119.58
2020-09-01,skill_level,skilled,gis,173.6
2020-09-01,skill_level,skilled,mrl,148.29
2020-09-01,skill_level,skilled,mwt,149.26
2020-09-01,skill_level,skilled,nld,161.09
2020-09-01,skill_level,skilled,otg,205.39
2020-09-01,skill_level,skilled,wai,167.34
2020-09-01,skill_level,skilled,wlg,143.97
2020-09-01,skill_level,unskilled,akl,244.84
2020-09-01,skill_level,unskilled,bop,389.78
2020-09-01,skill_level,unskilled,cant,212.85
2020-09-01,skill_level,unskilled,gis,448.0
2020-09-01,skill_level,unskilled,mrl,385.53
2020-09-01,skill_level,unskilled,mwt,378.99
2020-09-01,skill_level,unskilled,nld,417.14
2020-09-01,skill_level,unskilled,otg,348.37
2020-09-01,skill_level,unskilled,wai,311.84
2020-09-01,skill_level,unskilled,wlg,228.97
2020-12-01,industry,accounting,akl,104.8
2020-12-01,industry,accounting,bop,366.42
2020-12-01,industry,accounting,cant,130.41
2020-12-01,industry,accounting,gis,396.45
2020-12-01,industry,accounting,mrl,308.05
2020-12-01,industry,accounting,mwt,275.28
2020-12-01,industry,accounting,nld,235.38
2020-12-01,industry,accounting,otg,293.15
2020-12-01,industry,accounting,wai,206.99
2020-12-01,industry,accounting,wlg,139.74
2020-12-01,industry,construction,akl,266.76
2020-12-01,industry,construction,bop,436.53
2020-12-01,industry,construction,cant,250.89
2020-12-01,industry,construction,gis,424.24
2020-12-01,industry,construction,mrl,441.95
2020-12-01,industry,construction,mwt,291.81
2020-12-01,industry,construction,nld,445.27
2020-12-01,industry,construction,otg,526.95
2020-12-01,industry,construction,wai,357.1
2020-12-01,industry,construction,wlg,264.19
2020-12-01,industry,education,akl,102.7
2020-12-01,industry,education,bop,108.2
2020-12-01,industry,education,cant,98.93
2020-12-01,industry,education,gis,107.76
2020-12-01,industry,education,mrl,96.09
2020-12-01,industry,education,mwt,123.04
2020-12-01,industry,education,nld,98.17
2020-12-01,industry,education,otg,112.62
2020-12-01,industry,education,wai,112.04
2020-12-01,industry,education,wlg,120.03
2020-12-01,industry,health,akl,174.44
2020-12-01,industry,health,bop,421.12
2020-12-01,industry,health,cant,236.62
2020-12-01,industry,health,gis,338.72
2020-12-01,industry,health,mrl,398.19
2020-12-01,industry,health,mwt,321.31
2020-12-01,industry,health,nld,250.83
2020-12-01,industry,health,otg,391.46
2020-12-01,industry,health,wai,290.52
2020-12-01,industry,health,wlg,221.48
2020-12-01,industry,hospitality,akl,224.15
2020-12-01,industry,hospitality,bop,285.22
2020-12-01,industry,hospitality,cant,152.33
2020-12-01,industry,hospitality,gis,249.6
2020-12-01,industry,hospitality,mrl,263.87
2020-12-01,industry,hospitality,mwt,309.77
2020-12-01,industry,hospitality,nld,382.76
2020-12-01,industry,hospitality,otg,322.76
2020-12-01,industry,hospitality,wai,266.96
2020-12-01,industry,hospitality,wlg,201.71
2020-12-01,industry,it,akl,92.22
2020-12-01,industry,it,bop,232.53
2020-12-01,industry,it,cant,107.76
2020-12-01,industry,it,gis,244.44
2020-12-01,industry,it,mrl,173.08
2020-12-01,industry,it,mwt,147.06
2020-12-01,industry,it,nld,164.29
2020-12-01,industry,it,otg,172.04
2020-12-01,industry,it,wai,141.71
2020-12-01,industry,it,wlg,79.57
2020-12-01,industry,manufacturing,akl,256.2
2020-12-01,industry,manufacturing,bop,462.57
2020-12-01,industry,manufacturing,cant,327.53
2020-12-01,industry,manufacturing,gis,621.77
2020-12-01,industry,manufacturing,mrl,603.26
2020-12-01,industry,manufacturing,mwt,380.43
2020-12-01,industry,manufacturing,nld,457.14
2020-12-01,industry,manufacturing,otg,493.13
2020-12-01,industry,manufacturing,wai,398.07
2020-12-01,industry,manufacturing,wlg,304.09
2020-12-01,industry,other,akl,302.72
2020-12-01,industry,other,bop,506.73
2020-12-01,industry,other,cant,434.88
2020-12-01,industry,other,gis,493.42
2020-12-01,industry,other,mrl,456.58
2020-12-01,industry,other,mwt,386.09
2020-12-01,industry,other,nld,835.29
2020-12-01,industry,other,otg,700.0
2020-12-01,industry,other,wai,433.86
2020-12-01,industry,other,wlg,275.89
2020-12-01,industry,primary,akl,251.02
2020-12-01,industry,primary,bop,706.82
2020-12-01,industry,primary,cant,278.4
2020-12-01,industry,primary,gis,473.02
2020-12-01,industry,primary,mrl,364.52
2020-12-01,industry,primary,mwt,331.43
2020-12-01,industry,primary,nld,251.28
2020-12-01,industry,primary,otg,245.87
2020-12-01,industry,primary,wai,352.63
2020-12-01,industry,primary,wlg,300.0
2020-12-01,industry,sales,akl,110.9
2020-12-01,industry,sales,bop,205.68
2020-12-01,industry,sales,cant,104.65
2020-12-01,industry,sales,gis,301.0
2020-12-01,industry,sales,mrl,210.27
2020-12-01,industry,sales,mwt,168.67
2020-12-01,industry,sales,nld,275.38
2020-12-01,industry,sales,otg,187.3
2020-12-01,industry,sales,wai,158.18
2020-12-01,industry,sales,wlg,114.28
2020-12-01,occupation,clerical_admin,akl,113.2
2020-12-01,occupation,clerical_admin,bop,321.7
2020-12-01,occupation,clerical_admin,cant,122.3
2020-12-01,occupation,clerical_admin,gis,444.2
2020-12-01,occupation,clerical_admin,mrl,336.5
2020-12-01,occupation,clerical_admin,mwt,281.4
2020-12-01,occupation,clerical_admin,nld,329.4
2020-12-01,occupation,clerical_admin,otg,308.5
2020-12-01,occupation,clerical_admin,wai,240.2
2020-12-01,occupation,clerical_admin,wlg,128.8
2020-12-01,occupation,community_services,akl,235.4
2020-12-01,occupation,community_services,bop,302.4
2020-12-01,occupation,community_services,cant,167.6
2020-12-01,occupation,community_services,gis,307.4
2020-12-01,occupation,community_services,mrl,346.5
2020-12-01,occupation,community_services,mwt,331.4
2020-12-01,occupation,community_services,nld,427.9
2020-12-01,occupation,community_services,otg,385.7
2020-12-01,occupation,community_services,wai,314.7
2020-12-01,occupation,community_services,wlg,235.6
2020-12-01,occupation,labourers,akl,447.8
2020-12-01,occupation,labourers,bop,632.7
2020-12-01,occupation,labourers,cant,342.6
2020-12-01,occupation,labourers,gis,581.5
2020-12-01,occupation,labourers,mrl,614.2
2020-12-01,occupation,labourers,mwt,736.9
2020-12-01,occupation,labourers,nld,469.0
2020-12-01,occupation,labourers,otg,620.6
2020-12-01,occupation,labourers,wai,527.9
2020-12-01,occupation,labourers,wlg,439.3
2020-12-01,occupation,machinery_drivers,akl,373.4
2020-12-01,occupation,machinery_drivers,bop,446.9
2020-12-01,occupation,machinery_drivers,cant,369.0
2020-12-01,occupation,machinery_drivers,gis,521.7
2020-12-01,occupation,machinery_drivers,mrl,320.1
2020-12-01,occupation,machinery_drivers,mwt,357.7
2020-12-01,occupation,machinery_drivers,nld,520.0
2020-12-01,occupation,machinery_drivers,otg,484.2
2020-12-01,occupation,machinery_drivers,wai,390.1
2020-12-01,occupation,machinery_drivers,wlg,377.4
2020-12-01,occupation,managers,akl,136.8
2020-12-01,occupation,managers,bop,318.3
2020-12-01,occupation,managers,cant,162.7
2020-12-01,occupation,managers,gis,385.8
2020-12-01,occupation,managers,mrl,280.4
2020-12-01,occupation,managers,mwt,225.6
2020-12-01,occupation,managers,nld,325.7
2020-12-01,occupation,managers,otg,299.8
2020-12-01,occupation,managers,wai,237.4
2020-12-01,occupation,managers,wlg,131.0
2020-12-01,occupation,professionals,akl,119.9
2020-12-01,occupation,professionals,bop,263.6
2020-12-01,occupation,professionals,cant,146.3
2020-12-01,occupation,professionals,gis,223.9
2020-12-01,occupation,professionals,mrl,183.3
2020-12-01,occupation,professionals,mwt,190.5
2020-12-01,occupation,professionals,nld,189.5
2020-12-01,occupation,professionals,otg,218.6
2020-12-01,occupation,professionals,wai,171.8
2020-12-01,occupation,professionals,wlg,135.8
2020-12-01,occupation,sales,akl,134.8
2020-12-01,occupation,sales,bop,263.9
2020-12-01,occupation,sales,cant,135.1
2020-12-01,occupation,sales,gis,304.0
2020-12-01,occupation,sales,mrl,270.7
2020-12-01,occupation,sales,mwt,217.1
2020-12-01,occupation,sales,nld,223.9
2020-12-01,occupation,sales,otg,227.5
2020-12-01,occupation,sales,wai,203.9
2020-12-01,occupation,sales,wlg,140.6
2020-12-01,occupation,trades_and_technical,akl,264.2
2020-12-01,occupation,trades_and_technical,bop,432.2
2020-12-01,occupation,trades_and_technical,cant,257.2
2020-12-01,occupation,trades_and_technical,gis,383.3
2020-12-01,occupation,trades_and_technical,mrl,387.9
2020-12-01,occupation,trades_and_technical,mwt,304.2
2020-12-01,occupation,trades_and_technical,nld,373.0
2020-12-01,occupation,trades_and_technical,otg,454.0
2020-12-01,occupation,trades_and_technical,wai,382.5
2020-12-01,occupation,trades_and_technical,wlg,229.6
2020-12-01,skill_level,highly_skilled,akl,129.29
2020-12-01,skill_level,highly_skilled,bop,345.77
2020-12-01,skill_level,highly_skilled,cant,166.89
2020-12-01,skill_level,highly_skilled,gis,345.6
2020-12-01,skill_level,highly_skilled,mrl,276.88
2020-12-01,skill_level,highly_skilled,mwt,254.35
2020-12-01,skill_level,highly_skilled,nld,288.42
2020-12-01,skill_level,highly_skilled,otg,298.26
2020-12-01,skill_level,highly_skilled,wai,220.46
2020-12-01,skill_level,highly_skilled,wlg,138.12
2020-12-01,skill_level,low_skilled,akl,163.33
2020-12-01,skill_level,low_skilled,bop,309.2
2020-12-01,skill_level,low_skilled,cant,187.8
2020-12-01,skill_level,low_skilled,gis,339.93
2020-12-01,skill_level,low_skilled,mrl,341.32
2020-12-01,skill_level,low_skilled,mwt,314.07
2020-12-01,skill_level,low_skilled,nld,312.5
2020-12-01,skill_level,low_skilled,otg,348.73
2020-12-01,skill_level,low_skilled,wai,291.94
2020-12-01,skill_level,low_skilled,wlg,178.66
2020-12-01,skill_level,semi_skilled,akl,307.94
2020-12-01,skill_level,semi_skilled,bop,524.75
2020-12-01,skill_level,semi_skilled,cant,314.58
2020-12-01,skill_level,semi_skilled,gis,464.86
2020-12-01,skill_level,semi_skilled,mrl,504.24
2020-12-01,skill_level,semi_skilled,mwt,383.41
2020-12-01,skill_level,semi_skilled,nld,375.0
2020-12-01,skill_level,semi_skilled,otg,563.24
2020-12-01,skill_level,semi_skilled,wai,435.64
2020-12-01,skill_level,semi_skilled,wlg,290.73
2020-12-01,skill_level,skilled,akl,145.95
2020-12-01,skill_level,skilled,bop,237.59
2020-12-01,skill_level,skilled,cant,132.75
2020-12-01,skill_level,skilled,gis,210.77
2020-12-01,skill_level,skilled,mrl,177.53
2020-12-01,skill_level,skilled,mwt,162.38
2020-12-01,skill_level,skilled,nld,192.5
2020-12-01,skill_level,skilled,otg,216.91
2020-12-01,skill_level,skilled,wai,190.0
2020-12-01,skill_level,skilled,wlg,143.62
2020-12-01,skill_level,unskilled,akl,253.74
2020-12-01,skill_level,unskilled,bop,406.39
2020-12-01,skill_level,unskilled,cant,194.74
2020-12-01,skill_level,unskilled,gis,510.4
2020-12-01,skill_level,unskilled,mrl,420.52
2020-12-01,skill_level,unskilled,mwt,379.52
2020-12-01,skill_level,unskilled,nld,408.57
2020-12-01,skill_level,unskilled,otg,370.23
2020-12-01,skill_level,unskilled,wai,309.21
2020-12-01,skill_level,unskilled,wlg,230.33
2021-03-01,industry,accounting,akl,147.25
2021-03-01,industry,accounting,bop,460.0
2021-03-01,industry,accounting,cant,175.34
2021-03-01,industry,accounting,gis,507.8
2021-03-01,industry,accounting,mrl,362.64
2021-03-01,industry,accounting,mwt,347.19
2021-03-01,industry,accounting,nld,308.46
2021-03-01,industry,accounting,otg,392.47
2021-03-01,industry,accounting,wai,293.76
2021-03-01,industry,accounting,wlg,197.84
2021-03-01,industry,construction,akl,357.51
2021-03-01,industry,construction,bop,564.84
2021-03-01,industry,construction,cant,334.63
2021-03-01,industry,construction,gis,630.3
2021-03-01,industry,construction,mrl,559.75
2021-03-01,industry,construction,mwt,367.81
2021-03-01,industry,construction,nld,544.59
2021-03-01,industry,construction,otg,672.04
2021-03-01,industry,construction,wai,478.06
2021-03-01,industry,construction,wlg,341.33
2021-03-01,industry,education,akl,116.73
2021-03-01,industry,education,bop,117.05
2021-03-01,industry,education,cant,96.96
2021-03-01,industry,education,gis,136.33
2021-03-01,industry,education,mrl,81.74
2021-03-01,industry,education,mwt,128.18
2021-03-01,industry,education,nld,105.02
2021-03-01,industry,education,otg,122.4
2021-03-01,industry,education,wai,116.34
2021-03-01,industry,education,wlg,122.95
2021-03-01,industry,health,akl,221.1
2021-03-01,industry,health,bop,503.95
2021-03-01,industry,health,cant,284.08
2021-03-01,industry,health,gis,445.13
2021-03-01,industry,health,mrl,489.43
2021-03-01,industry,health,mwt,404.39
2021-03-01,industry,health,nld,317.51
2021-03-01,industry,health,otg,505.74
2021-03-01,industry,health,wai,399.0
2021-03-01,industry,health,wlg,280.93
2021-03-01,industry,hospitality,akl,239.43
2021-03-01,industry,hospitality,bop,317.73
2021-03-01,industry,hospitality,cant,181.2
2021-03-01,industry,hospitality,gis,309.6
2021-03-01,industry,hospitality,mrl,254.19
2021-03-01,industry,hospitality,mwt,422.56
2021-03-01,industry,hospitality,nld,386.21
2021-03-01,industry,hospitality,otg,241.87
2021-03-01,industry,hospitality,wai,245.09
2021-03-01,industry,hospitality,wlg,254.48
2021-03-01,industry,it,akl,119.49
2021-03-01,industry,it,bop,351.81
2021-03-01,industry,it,cant,140.68
2021-03-01,industry,it,gis,344.44
2021-03-01,industry,it,mrl,380.77
2021-03-01,industry,it,mwt,189.41
2021-03-01,industry,it,nld,228.57
2021-03-01,industry,it,otg,198.92
2021-03-01,industry,it,wai,161.31
2021-03-01,industry,it,wlg,97.09
2021-03-01,industry,manufacturing,akl,326.05
2021-03-01,industry,manufacturing,bop,668.45
2021-03-01,industry,manufacturing,cant,394.67
2021-03-01,industry,manufacturing,gis,790.32
2021-03-01,industry,manufacturing,mrl,866.3
2021-03-01,industry,manufacturing,mwt,477.83
2021-03-01,industry,manufacturing,nld,548.21
2021-03-01,industry,manufacturing,otg,593.75
2021-03-01,industry,manufacturing,wai,537.3
2021-03-01,industry,manufacturing,wlg,392.37
2021-03-01,industry,other,akl,429.35
2021-03-01,industry,other,bop,665.38
2021-03-01,industry,other,cant,565.58
2021-03-01,industry,other,gis,702.63
2021-03-01,industry,other,mrl,622.37
2021-03-01,industry,other,mwt,494.04
2021-03-01,industry,other,nld,1144.12
2021-03-01,industry,other,otg,873.81
2021-03-01,industry,other,wai,534.92
2021-03-01,industry,other,wlg,376.55
2021-03-01,industry,primary,akl,351.02
2021-03-01,industry,primary,bop,865.91
2021-03-01,industry,primary,cant,317.28
2021-03-01,industry,primary,gis,550.79
2021-03-01,industry,primary,mrl,298.92
2021-03-01,industry,primary,mwt,418.57
2021-03-01,industry,primary,nld,364.1
2021-03-01,industry,primary,otg,374.31
2021-03-01,industry,primary,wai,374.74
2021-03-01,industry,primary,wlg,344.78
2021-03-01,industry,sales,akl,156.18
2021-03-01,industry,sales,bop,305.41
2021-03-01,industry,sales,cant,151.24
2021-03-01,industry,sales,gis,411.0
2021-03-01,industry,sales,mrl,227.68
2021-03-01,industry,sales,mwt,196.63
2021-03-01,industry,sales,nld,300.77
2021-03-01,industry,sales,otg,231.75
2021-03-01,industry,sales,wai,216.82
2021-03-01,industry,sales,wlg,155.26
2021-03-01,occupation,clerical_admin,akl,160.8
2021-03-01,occupation,clerical_admin,bop,466.1
2021-03-01,occupation,clerical_admin,cant,172.9
2021-03-01,occupation,clerical_admin,gis,606.2
2021-03-01,occupation,clerical_admin,mrl,417.1
2021-03-01,occupation,clerical_admin,mwt,328.9
2021-03-01,occupation,clerical_admin,nld,447.5
2021-03-01,occupation,clerical_admin,otg,424.4
2021-03-01,occupation,clerical_admin,wai,340.3
2021-03-01,occupation,clerical_admin,wlg,193.4
2021-03-01,occupation,community_services,akl,300.4
2021-03-01,occupation,community_services,bop,334.8
2021-03-01,occupation,community_services,cant,218.8
2021-03-01,occupation,community_services,gis,388.2
2021-03-01,occupation,community_services,mrl,385.3
2021-03-01,occupation,community_services,mwt,426.2
2021-03-01,occupation,community_services,nld,591.6
2021-03-01,occupation,community_services,otg,472.1
2021-03-01,occupation,community_services,wai,372.8
2021-03-01,occupation,community_services,wlg,299.9
2021-03-01,occupation,labourers,akl,616.6
2021-03-01,occupation,labourers,bop,858.2
2021-03-01,occupation,labourers,cant,477.6
2021-03-01,occupation,labourers,gis,832.9
2021-03-01,occupation,labourers,mrl,802.0
2021-03-01,occupation,labourers,mwt,957.1
2021-03-01,occupation,labourers,nld,638.1
2021-03-01,occupation,labourers,otg,851.5
2021-03-01,occupation,labourers,wai,684.6
2021-03-01,occupation,labourers,wlg,617.6
2021-03-01,occupation,machinery_drivers,akl,512.5
2021-03-01,occupation,machinery_drivers,bop,686.5
2021-03-01,occupation,machinery_drivers,cant,462.3
2021-03-01,occupation,machinery_drivers,gis,789.9
2021-03-01,occupation,machinery_drivers,mrl,485.6
2021-03-01,occupation,machinery_drivers,mwt,518.3
2021-03-01,occupation,machinery_drivers,nld,636.7
2021-03-01,occupation,machinery_drivers,otg,644.6
2021-03-01,occupation,machinery_drivers,wai,568.4
2021-03-01,occupation,machinery_drivers,wlg,538.9
2021-03-01,occupation,managers,akl,173.3
2021-03-01,occupation,managers,bop,404.7
2021-03-01,occupation,managers,cant,197.7
2021-03-01,occupation,managers,gis,479.6
2021-03-01,occupation,managers,mrl,292.6
2021-03-01,occupation,managers,mwt,270.6
2021-03-01,occupation,managers,nld,344.6
2021-03-01,occupation,managers,otg,303.4
2021-03-01,occupation,managers,wai,282.8
2021-03-01,occupation,managers,wlg,158.0
2021-03-01,occupation,professionals,akl,152.2
2021-03-01,occupation,professionals,bop,322.3
2021-03-01,occupation,professionals,cant,170.0
2021-03-01,occupation,professionals,gis,297.9
2021-03-01,occupation,professionals,mrl,223.4
2021-03-01,occupation,professionals,mwt,219.1
2021-03-01,occupation,professionals,nld,211.9
2021-03-01,occupation,professionals,otg,269.6
2021-03-01,occupation,professionals,wai,216.3
2021-03-01,occupation,professionals,wlg,167.6
2021-03-01,occupation,sales,akl,197.6
2021-03-01,occupation,sales,bop,387.4
2021-03-01,occupation,sales,cant,194.1
2021-03-01,occupation,sales,gis,440.5
2021-03-01,occupation,sales,mrl,297.4
2021-03-01,occupation,sales,mwt,256.0
2021-03-01,occupation,sales,nld,260.9
2021-03-01,occupation,sales,otg,293.2
2021-03-01,occupation,sales,wai,299.0
2021-03-01,occupation,sales,wlg,210.3
2021-03-01,occupation,trades_and_technical,akl,345.6
2021-03-01,occupation,trades_and_technical,bop,534.7
2021-03-01,occupation,trades_and_technical,cant,341.2
2021-03-01,occupation,trades_and_technical,gis,509.2
2021-03-01,occupation,trades_and_technical,mrl,457.0
2021-03-01,occupation,trades_and_technical,mwt,422.6
2021-03-01,occupation,trades_and_technical,nld,468.3
2021-03-01,occupation,trades_and_technical,otg,524.0
2021-03-01,occupation,trades_and_technical,wai,483.8
2021-03-01,occupation,trades_and_technical,wlg,297.2
2021-03-01,skill_level,highly_skilled,akl,165.9
2021-03-01,skill_level,highly_skilled,bop,431.15
2021-03-01,skill_level,highly_skilled,cant,199.78
2021-03-01,skill_level,highly_skilled,gis,452.23
2021-03-01,skill_level,highly_skilled,mrl,337.2
2021-03-01,skill_level,highly_skilled,mwt,301.98
2021-03-01,skill_level,highly_skilled,nld,334.86
2021-03-01,skill_level,highly_skilled,otg,356.35
2021-03-01,skill_level,highly_skilled,wai,280.32
2021-03-01,skill_level,highly_skilled,wlg,171.49
2021-03-01,skill_level,low_skilled,akl,228.94
2021-03-01,skill_level,low_skilled,bop,445.15
2021-03-01,skill_level,low_skilled,cant,253.06
2021-03-01,skill_level,low_skilled,gis,490.55
2021-03-01,skill_level,low_skilled,mrl,421.5
2021-03-01,skill_level,low_skilled,mwt,407.87
2021-03-01,skill_level,low_skilled,nld,432.07
2021-03-01,skill_level,low_skilled,otg,437.76
2021-03-01,skill_level,low_skilled,wai,394.28
2021-03-01,skill_level,low_skilled,wlg,249.1
2021-03-01,skill_level,semi_skilled,akl,408.01
2021-03-01,skill_level,semi_skilled,bop,653.54
2021-03-01,skill_level,semi_skilled,cant,415.46
2021-03-01,skill_level,semi_skilled,gis,636.49
2021-03-01,skill_level,semi_skilled,mrl,663.56
2021-03-01,skill_level,semi_skilled,mwt,505.48
2021-03-01,skill_level,semi_skilled,nld,479.35
2021-03-01,skill_level,semi_skilled,otg,708.33
2021-03-01,skill_level,semi_skilled,wai,586.47
2021-03-01,skill_level,semi_skilled,wlg,391.13
2021-03-01,skill_level,skilled,akl,184.98
2021-03-01,skill_level,skilled,bop,280.43
2021-03-01,skill_level,skilled,cant,163.28
2021-03-01,skill_level,skilled,gis,265.28
2021-03-01,skill_level,skilled,mrl,184.54
2021-03-01,skill_level,skilled,mwt,203.44
2021-03-01,skill_level,skilled,nld,208.55
2021-03-01,skill_level,skilled,otg,235.69
2021-03-01,skill_level,skilled,wai,228.48
2021-03-01,skill_level,skilled,wlg,184.01
2021-03-01,skill_level,unskilled,akl,344.5
2021-03-01,skill_level,unskilled,bop,561.23
2021-03-01,skill_level,unskilled,cant,280.58
2021-03-01,skill_level,unskilled,gis,703.2
2021-03-01,skill_level,unskilled,mrl,498.66
2021-03-01,skill_level,unskilled,mwt,463.21
2021-03-01,skill_level,unskilled,nld,500.0
2021-03-01,skill_level,unskilled,otg,504.19
2021-03-01,skill_level,unskilled,wai,403.62
2021-03-01,skill_level,unskilled,wlg,330.14
2021-06-01,industry,accounting,akl,189.91
2021-06-01,industry,accounting,bop,510.19
2021-06-01,industry,accounting,cant,189.78
2021-06-01,industry,accounting,gis,463.12
2021-06-01,industry,accounting,mrl,338.51
2021-06-01,industry,accounting,mwt,359.93
2021-06-01,industry,accounting,nld,313.85
2021-06-01,industry,accounting,otg,397.6
2021-06-01,industry,accounting,wai,332.89
2021-06-01,industry,accounting,wlg,222.45
2021-06-01,industry,construction,akl,406.21
2021-06-01,industry,construction,bop,596.8
2021-06-01,industry,construction,cant,349.37
2021-06-01,industry,construction,gis,550.38
2021-06-01,industry,construction,mrl,591.95
2021-06-01,industry,construction,mwt,414.67
2021-06-01,industry,construction,nld,614.19
2021-06-01,industry,construction,otg,708.56
2021-06-01,industry,construction,wai,521.24
2021-06-01,industry,construction,wlg,347.01
2021-06-01,industry,education,akl,138.03
2021-06-01,industry,education,bop,131.15
2021-06-01,industry,education,cant,102.28
2021-06-01,industry,education,gis,96.33
2021-06-01,industry,education,mrl,92.17
2021-06-01,industry,education,mwt,135.23
2021-06-01,industry,education,nld,100.46
2021-06-01,industry,education,otg,122.08
2021-06-01,industry,education,wai,123.66
2021-06-01,industry,education,wlg,143.27
2021-06-01,industry,health,akl,260.61
2021-06-01,industry,health,bop,623.44
2021-06-01,industry,health,cant,319.59
2021-06-01,industry,health,gis,407.87
2021-06-01,industry,health,mrl,562.08
2021-06-01,industry,health,mwt,439.77
2021-06-01,industry,health,nld,334.72
2021-06-01,industry,health,otg,564.42
2021-06-01,industry,health,wai,425.18
2021-06-01,industry,health,wlg,319.34
2021-06-01,industry,hospitality,akl,332.66
2021-06-01,industry,hospitality,bop,360.59
2021-06-01,industry,hospitality,cant,219.7
2021-06-01,industry,hospitality,gis,300.0
2021-06-01,industry,hospitality,mrl,294.84
2021-06-01,industry,hospitality,mwt,450.38
2021-06-01,industry,hospitality,nld,500.0
2021-06-01,industry,hospitality,otg,450.0
2021-06-01,industry,hospitality,wai,353.13
2021-06-01,industry,hospitality,wlg,322.29
2021-06-01,industry,it,akl,142.77
2021-06-01,industry,it,bop,338.55
2021-06-01,industry,it,cant,155.9
2021-06-01,industry,it,gis,296.3
2021-06-01,industry,it,mrl,250.0
2021-06-01,industry,it,mwt,210.59
2021-06-01,industry,it,nld,292.86
2021-06-01,industry,it,otg,248.39
2021-06-01,industry,it,wai,213.57
2021-06-01,industry,it,wlg,116.11
2021-06-01,industry,manufacturing,akl,389.79
2021-06-01,industry,manufacturing,bop,697.86
2021-06-01,industry,manufacturing,cant,460.92
2021-06-01,industry,manufacturing,gis,658.06
2021-06-01,industry,manufacturing,mrl,796.74
2021-06-01,industry,manufacturing,mwt,534.78
2021-06-01,industry,manufacturing,nld,685.71
2021-06-01,industry,manufacturing,otg,647.5
2021-06-01,industry,manufacturing,wai,600.64
2021-06-01,industry,manufacturing,wlg,432.97
2021-06-01,industry,other,akl,507.47
2021-06-01,industry,other,bop,749.04
2021-06-01,industry,other,cant,631.63
2021-06-01,industry,other,gis,521.05
2021-06-01,industry,other,mrl,600.0
2021-06-01,industry,other,mwt,547.02
2021-06-01,industry,other,nld,1000.0
2021-06-01,industry,other,otg,936.9
2021-06-01,industry,other,wai,584.13
2021-06-01,industry,other,wlg,383.53
2021-06-01,industry,primary,akl,378.91
2021-06-01,industry,primary,bop,902.27
2021-06-01,industry,primary,cant,374.07
2021-06-01,industry,primary,gis,444.44
2021-06-01,industry,primary,mrl,393.55
2021-06-01,industry,primary,mwt,452.86
2021-06-01,industry,primary,nld,366.67
2021-06-01,industry,primary,otg,389.91
2021-06-01,industry,primary,wai,528.42
2021-06-01,industry,primary,wlg,398.51
2021-06-01,industry,sales,akl,189.54
2021-06-01,industry,sales,bop,341.35
2021-06-01,industry,sales,cant,164.96
2021-06-01,industry,sales,gis,373.5
2021-06-01,industry,sales,mrl,241.96
2021-06-01,industry,sales,mwt,225.3
2021-06-01,industry,sales,nld,321.54
2021-06-01,industry,sales,otg,275.74
2021-06-01,industry,sales,wai,255.3
2021-06-01,industry,sales,wlg,177.25
2021-06-01,occupation,clerical_admin,akl,211.1
2021-06-01,occupation,clerical_admin,bop,518.7
2021-06-01,occupation,clerical_admin,cant,211.0
2021-06-01,occupation,clerical_admin,gis,568.1
2021-06-01,occupation,clerical_admin,mrl,414.9
2021-06-01,occupation,clerical_admin,mwt,385.8
2021-06-01,occupation,clerical_admin,nld,489.5
2021-06-01,occupation,clerical_admin,otg,516.4
2021-06-01,occupation,clerical_admin,wai,391.5
2021-06-01,occupation,clerical_admin,wlg,228.5
2021-06-01,occupation,community_services,akl,352.2
2021-06-01,occupation,community_services,bop,378.5
2021-06-01,occupation,community_services,cant,245.5
2021-06-01,occupation,community_services,gis,351.5
2021-06-01,occupation,community_services,mrl,412.0
2021-06-01,occupation,community_services,mwt,462.2
2021-06-01,occupation,community_services,nld,489.5
2021-06-01,occupation,community_services,otg,572.7
2021-06-01,occupation,community_services,wai,444.7
2021-06-01,occupation,community_services,wlg,353.9
2021-06-01,occupation,labourers,akl,744.8
2021-06-01,occupation,labourers,bop,899.0
2021-06-01,occupation,labourers,cant,547.9
2021-06-01,occupation,labourers,gis,700.3
2021-06-01,occupation,labourers,mrl,846.4
2021-06-01,occupation,labourers,mwt,1088.1
2021-06-01,occupation,labourers,nld,714.3
2021-06-01,occupation,labourers,otg,956.7
2021-06-01,occupation,labourers,wai,833.1
2021-06-01,occupation,labourers,wlg,655.0
2021-06-01,occupation,machinery_drivers,akl,645.9
2021-06-01,occupation,machinery_drivers,bop,803.1
2021-06-01,occupation,machinery_drivers,cant,553.7
2021-06-01,occupation,machinery_drivers,gis,759.4
2021-06-01,occupation,machinery_drivers,mrl,559.2
2021-06-01,occupation,machinery_drivers,mwt,680.8
2021-06-01,occupation,machinery_drivers,nld,793.3
2021-06-01,occupation,machinery_drivers,otg,761.4
2021-06-01,occupation,machinery_drivers,wai,643.3
2021-06-01,occupation,machinery_drivers,wlg,612.6
2021-06-01,occupation,managers,akl,187.3
2021-06-01,occupation,managers,bop,413.5
2021-06-01,occupation,managers,cant,196.5
2021-06-01,occupation,managers,gis,422.5
2021-06-01,occupation,managers,mrl,302.0
2021-06-01,occupation,managers,mwt,245.3
2021-06-01,occupation,managers,nld,408.9
2021-06-01,occupation,managers,otg,340.5
2021-06-01,occupation,managers,wai,312.2
2021-06-01,occupation,managers,wlg,164.4
2021-06-01,occupation,professionals,akl,187.2
2021-06-01,occupation,professionals,bop,382.4
2021-06-01,occupation,professionals,cant,187.9
2021-06-01,occupation,professionals,gis,246.8
2021-06-01,occupation,professionals,mrl,246.9
2021-06-01,occupation,professionals,mwt,238.7
2021-06-01,occupation,professionals,nld,220.7
2021-06-01,occupation,professionals,otg,294.0
2021-06-01,occupation,professionals,wai,246.4
2021-06-01,occupation,professionals,wlg,190.2
2021-06-01,occupation,sales,akl,265.6
2021-06-01,occupation,sales,bop,436.6
2021-06-01,occupation,sales,cant,220.8
2021-06-01,occupation,sales,gis,340.5
2021-06-01,occupation,sales,mrl,330.2
2021-06-01,occupation,sales,mwt,329.5
2021-06-01,occupation,sales,nld,319.6
2021-06-01,occupation,sales,otg,334.2
2021-06-01,occupation,sales,wai,335.7
2021-06-01,occupation,sales,wlg,263.1
2021-06-01,occupation,trades_and_technical,akl,401.1
2021-06-01,occupation,trades_and_technical,bop,549.1
2021-06-01,occupation,trades_and_technical,cant,353.7
2021-06-01,occupation,trades_and_technical,gis,454.5
2021-06-01,occupation,trades_and_technical,mrl,448.6
2021-06-01,occupation,trades_and_technical,mwt,440.0
2021-06-01,occupation,trades_and_technical,nld,521.4
2021-06-01,occupation,trades_and_technical,otg,570.2
2021-06-01,occupation,trades_and_technical,wai,536.6
2021-06-01,occupation,trades_and_technical,wlg,305.2
2021-06-01,skill_level,highly_skilled,akl,193.95
2021-06-01,skill_level,highly_skilled,bop,490.32
2021-06-01,skill_level,highly_skilled,cant,209.21
2021-06-01,skill_level,highly_skilled,gis,374.82
2021-06-01,skill_level,highly_skilled,mrl,356.95
2021-06-01,skill_level,highly_skilled,mwt,308.68
2021-06-01,skill_level,highly_skilled,nld,352.92
2021-06-01,skill_level,highly_skilled,otg,385.06
2021-06-01,skill_level,highly_skilled,wai,314.0
2021-06-01,skill_level,highly_skilled,wlg,188.39
2021-06-01,skill_level,low_skilled,akl,294.02
2021-06-01,skill_level,low_skilled,bop,497.48
2021-06-01,skill_level,low_skilled,cant,301.42
2021-06-01,skill_level,low_skilled,gis,460.79
2021-06-01,skill_level,low_skilled,mrl,476.01
2021-06-01,skill_level,low_skilled,mwt,508.42
2021-06-01,skill_level,low_skilled,nld,487.88
2021-06-01,skill_level,low_skilled,otg,532.91
2021-06-01,skill_level,low_skilled,wai,468.8
2021-06-01,skill_level,low_skilled,wlg,303.78
2021-06-01,skill_level,semi_skilled,akl,460.64
2021-06-01,skill_level,semi_skilled,bop,670.2
2021-06-01,skill_level,semi_skilled,cant,419.16
2021-06-01,skill_level,semi_skilled,gis,559.46
2021-06-01,skill_level,semi_skilled,mrl,597.46
2021-06-01,skill_level,semi_skilled,mwt,528.27
2021-06-01,skill_level,semi_skilled,nld,506.52
2021-06-01,skill_level,semi_skilled,otg,696.57
2021-06-01,skill_level,semi_skilled,wai,625.41
2021-06-01,skill_level,semi_skilled,wlg,395.94
2021-06-01,skill_level,skilled,akl,232.39
2021-06-01,skill_level,skilled,bop,312.76
2021-06-01,skill_level,skilled,cant,191.57
2021-06-01,skill_level,skilled,gis,251.59
2021-06-01,skill_level,skilled,mrl,199.51
2021-06-01,skill_level,skilled,mwt,210.76
2021-06-01,skill_level,skilled,nld,220.91
2021-06-01,skill_level,skilled,otg,300.37
2021-06-01,skill_level,skilled,wai,270.26
2021-06-01,skill_level,skilled,wlg,206.93
2021-06-01,skill_level,unskilled,akl,420.77
2021-06-01,skill_level,unskilled,bop,596.4
2021-06-01,skill_level,unskilled,cant,312.99
2021-06-01,skill_level,unskilled,gis,528.8
2021-06-01,skill_level,unskilled,mrl,527.69
2021-06-01,skill_level,unskilled,mwt,542.63
2021-06-01,skill_level,unskilled,nld,562.86
2021-06-01,skill_level,unskilled,otg,565.58
2021-06-01,skill_level,unskilled,wai,448.68
2021-06-01,skill_level,unskilled,wlg,356.59
2021-09-01,industry,accounting,akl,191.17
2021-09-01,industry,accounting,bop,562.64
2021-09-01,industry,accounting,cant,208.7
2021-09-01,industry,accounting,gis,617.73
2021-09-01,industry,accounting,mrl,356.9
2021-09-01,industry,accounting,mwt,386.52
2021-09-01,industry,accounting,nld,350.0
2021-09-01,industry,accounting,otg,408.22
2021-09-01,industry,accounting,wai,358.6
2021-09-01,industry,accounting,wlg,243.93
2021-09-01,industry,construction,akl,368.8
2021-09-01,industry,construction,bop,632.88
2021-09-01,industry,construction,cant,388.17
2021-09-01,industry,construction,gis,665.53
2021-09-01,industry,construction,mrl,667.37
2021-09-01,industry,construction,mwt,440.19
2021-09-01,industry,construction,nld,580.41
2021-09-01,industry,construction,otg,793.2
2021-09-01,industry,construction,wai,537.41
2021-09-01,industry,construction,wlg,350.79
2021-09-01,industry,education,akl,119.66
2021-09-01,industry,education,bop,131.48
2021-09-01,industry,education,cant,113.24
2021-09-01,industry,education,gis,109.39
2021-09-01,industry,education,mrl,89.13
2021-09-01,industry,education,mwt,139.3
2021-09-01,industry,education,nld,119.18
2021-09-01,industry,education,otg,129.97
2021-09-01,industry,education,wai,131.61
2021-09-01,industry,education,wlg,155.7
2021-09-01,industry,health,akl,274.24
2021-09-01,industry,health,bop,724.81
2021-09-01,industry,health,cant,422.43
2021-09-01,industry,health,gis,505.18
2021-09-01,industry,health,mrl,562.65
2021-09-01,industry,health,mwt,496.24
2021-09-01,industry,health,nld,393.23
2021-09-01,industry,health,otg,634.48
2021-09-01,industry,health,wai,451.61
2021-09-01,industry,health,wlg,359.64
2021-09-01,industry,hospitality,akl,221.75
2021-09-01,industry,hospitality,bop,306.4
2021-09-01,industry,hospitality,cant,202.86
2021-09-01,industry,hospitality,gis,300.8
2021-09-01,industry,hospitality,mrl,312.26
2021-09-01,industry,hospitality,mwt,361.65
2021-09-01,industry,hospitality,nld,403.45
2021-09-01,industry,hospitality,otg,341.87
2021-09-01,industry,hospitality,wai,318.75
2021-09-01,industry,hospitality,wlg,267.24
2021-09-01,industry,it,akl,157.88
2021-09-01,industry,it,bop,357.83
2021-09-01,industry,it,cant,200.0
2021-09-01,industry,it,gis,455.56
2021-09-01,industry,it,mrl,303.85
2021-09-01,industry,it,mwt,249.41
2021-09-01,industry,it,nld,385.71
2021-09-01,industry,it,otg,266.67
2021-09-01,industry,it,wai,219.6
2021-09-01,industry,it,wlg,129.3
2021-09-01,industry,manufacturing,akl,369.11
2021-09-01,industry,manufacturing,bop,740.11
2021-09-01,industry,manufacturing,cant,566.43
2021-09-01,industry,manufacturing,gis,816.94
2021-09-01,industry,manufacturing,mrl,933.7
2021-09-01,industry,manufacturing,mwt,660.0
2021-09-01,industry,manufacturing,nld,725.0
2021-09-01,industry,manufacturing,otg,746.25
2021-09-01,industry,manufacturing,wai,670.42
2021-09-01,industry,manufacturing,wlg,482.83
2021-09-01,industry,other,akl,480.71
2021-09-01,industry,other,bop,789.42
2021-09-01,industry,other,cant,687.44
2021-09-01,industry,other,gis,710.53
2021-09-01,industry,other,mrl,700.0
2021-09-01,industry,other,mwt,563.58
2021-09-01,industry,other,nld,1197.06
2021-09-01,industry,other,otg,1072.62
2021-09-01,industry,other,wai,688.36
2021-09-01,industry,other,wlg,461.0
2021-09-01,industry,primary,akl,328.57
2021-09-01,industry,primary,bop,843.18
2021-09-01,industry,primary,cant,445.68
2021-09-01,industry,primary,gis,647.62
2021-09-01,industry,primary,mrl,482.8
2021-09-01,industry,primary,mwt,480.0
2021-09-01,industry,primary,nld,394.87
2021-09-01,industry,primary,otg,429.36
2021-09-01,industry,primary,wai,555.79
2021-09-01,industry,primary,wlg,370.15
2021-09-01,industry,sales,akl,181.75
2021-09-01,industry,sales,bop,362.43
2021-09-01,industry,sales,cant,188.45
2021-09-01,industry,sales,gis,430.5
2021-09-01,industry,sales,mrl,239.29
2021-09-01,industry,sales,mwt,253.01
2021-09-01,industry,sales,nld,337.69
2021-09-01,industry,sales,otg,279.82
2021-09-01,industry,sales,wai,268.03
2021-09-01,industry,sales,wlg,187.64
2021-09-01,occupation,clerical_admin,akl,200.3
2021-09-01,occupation,clerical_admin,bop,549.9
2021-09-01,occupation,clerical_admin,cant,230.8
2021-09-01,occupation,clerical_admin,gis,736.3
2021-09-01,occupation,clerical_admin,mrl,466.2
2021-09-01,occupation,clerical_admin,mwt,448.9
2021-09-01,occupation,clerical_admin,nld,514.5
2021-09-01,occupation,clerical_admin,otg,532.4
2021-09-01,occupation,clerical_admin,wai,462.5
2021-09-01,occupation,clerical_admin,wlg,245.8
2021-09-01,occupation,community_services,akl,304.1
2021-09-01,occupation,community_services,bop,367.7
2021-09-01,occupation,community_services,cant,269.5
2021-09-01,occupation,community_services,gis,422.1
2021-09-01,occupation,community_services,mrl,447.8
2021-09-01,occupation,community_services,mwt,445.9
2021-09-01,occupation,community_services,nld,575.1
2021-09-01,occupation,community_services,otg,541.6
2021-09-01,occupation,community_services,wai,426.7
2021-09-01,occupation,community_services,wlg,341.5
2021-09-01,occupation,labourers,akl,670.6
2021-09-01,occupation,labourers,bop,969.4
2021-09-01,occupation,labourers,cant,630.0
2021-09-01,occupation,labourers,gis,904.2
2021-09-01,occupation,labourers,mrl,955.9
2021-09-01,occupation,labourers,mwt,1156.0
2021-09-01,occupation,labourers,nld,704.8
2021-09-01,occupation,labourers,otg,1015.5
2021-09-01,occupation,labourers,wai,886.0
2021-09-01,occupation,labourers,wlg,683.4
2021-09-01,occupation,machinery_drivers,akl,584.2
2021-09-01,occupation,machinery_drivers,bop,899.0
2021-09-01,occupation,machinery_drivers,cant,753.4
2021-09-01,occupation,machinery_drivers,gis,889.9
2021-09-01,occupation,machinery_drivers,mrl,632.8
2021-09-01,occupation,machinery_drivers,mwt,764.4
2021-09-01,occupation,machinery_drivers,nld,820.0
2021-09-01,occupation,machinery_drivers,otg,906.9
2021-09-01,occupation,machinery_drivers,wai,776.0
2021-09-01,occupation,machinery_drivers,wlg,629.5
2021-09-01,occupation,managers,akl,181.5
2021-09-01,occupation,managers,bop,394.4
2021-09-01,occupation,managers,cant,216.1
2021-09-01,occupation,managers,gis,510.3
2021-09-01,occupation,managers,mrl,312.4
2021-09-01,occupation,managers,mwt,279.7
2021-09-01,occupation,managers,nld,460.4
2021-09-01,occupation,managers,otg,336.2
2021-09-01,occupation,managers,wai,290.6
2021-09-01,occupation,managers,wlg,177.6
2021-09-01,occupation,professionals,akl,195.2
2021-09-01,occupation,professionals,bop,413.2
2021-09-01,occupation,professionals,cant,221.6
2021-09-01,occupation,professionals,gis,302.5
2021-09-01,occupation,professionals,mrl,261.2
2021-09-01,occupation,professionals,mwt,265.3
2021-09-01,occupation,professionals,nld,246.4
2021-09-01,occupation,professionals,otg,322.4
2021-09-01,occupation,professionals,wai,269.9
2021-09-01,occupation,professionals,wlg,214.1
2021-09-01,occupation,sales,akl,258.6
2021-09-01,occupation,sales,bop,531.7
2021-09-01,occupation,sales,cant,252.9
2021-09-01,occupation,sales,gis,473.8
2021-09-01,occupation,sales,mrl,311.2
2021-09-01,occupation,sales,mwt,341.9
2021-09-01,occupation,sales,nld,310.9
2021-09-01,occupation,sales,otg,361.3
2021-09-01,occupation,sales,wai,349.0
2021-09-01,occupation,sales,wlg,297.7
2021-09-01,occupation,trades_and_technical,akl,336.8
2021-09-01,occupation,trades_and_technical,bop,541.6
2021-09-01,occupation,trades_and_technical,cant,372.9
2021-09-01,occupation,trades_and_technical,gis,532.5
2021-09-01,occupation,trades_and_technical,mrl,479.4
2021-09-01,occupation,trades_and_technical,mwt,435.8
2021-09-01,occupation,trades_and_technical,nld,476.2
2021-09-01,occupation,trades_and_technical,otg,594.2
2021-09-01,occupation,trades_and_technical,wai,527.9
2021-09-01,occupation,trades_and_technical,wlg,291.8
2021-09-01,skill_level,highly_skilled,akl,200.84
2021-09-01,skill_level,highly_skilled,bop,516.08
2021-09-01,skill_level,highly_skilled,cant,246.14
2021-09-01,skill_level,highly_skilled,gis,467.92
2021-09-01,skill_level,highly_skilled,mrl,380.38
2021-09-01,skill_level,highly_skilled,mwt,352.77
2021-09-01,skill_level,highly_skilled,nld,387.33
2021-09-01,skill_level,highly_skilled,otg,413.13
2021-09-01,skill_level,highly_skilled,wai,328.55
2021-09-01,skill_level,highly_skilled,wlg,210.33
2021-09-01,skill_level,low_skilled,akl,268.86
2021-09-01,skill_level,low_skilled,bop,555.43
2021-09-01,skill_level,low_skilled,cant,343.05
2021-09-01,skill_level,low_skilled,gis,565.57
2021-09-01,skill_level,low_skilled,mrl,520.06
2021-09-01,skill_level,low_skilled,mwt,534.34
2021-09-01,skill_level,low_skilled,nld,469.81
2021-09-01,skill_level,low_skilled,otg,563.29
2021-09-01,skill_level,low_skilled,wai,527.58
2021-09-01,skill_level,low_skilled,wlg,307.9
2021-09-01,skill_level,semi_skilled,akl,390.78
2021-09-01,skill_level,semi_skilled,bop,654.55
2021-09-01,skill_level,semi_skilled,cant,444.88
2021-09-01,skill_level,semi_skilled,gis,679.73
2021-09-01,skill_level,semi_skilled,mrl,650.85
2021-09-01,skill_level,semi_skilled,mwt,543.46
2021-09-01,skill_level,semi_skilled,nld,500.0
2021-09-01,skill_level,semi_skilled,otg,764.71
2021-09-01,skill_level,semi_skilled,wai,617.82
2021-09-01,skill_level,semi_skilled,wlg,392.13
2021-09-01,skill_level,skilled,akl,203.94
2021-09-01,skill_level,skilled,bop,303.6
2021-09-01,skill_level,skilled,cant,207.34
2021-09-01,skill_level,skilled,gis,280.66
2021-09-01,skill_level,skilled,mrl,213.78
2021-09-01,skill_level,skilled,mwt,214.27
2021-09-01,skill_level,skilled,nld,249.65
2021-09-01,skill_level,skilled,otg,292.38
2021-09-01,skill_level,skilled,wai,269.62
2021-09-01,skill_level,skilled,wlg,214.5
2021-09-01,skill_level,unskilled,akl,394.0
2021-09-01,skill_level,unskilled,bop,658.92
2021-09-01,skill_level,unskilled,cant,379.56
2021-09-01,skill_level,unskilled,gis,736.8
2021-09-01,skill_level,unskilled,mrl,549.27
2021-09-01,skill_level,unskilled,mwt,590.07
2021-09-01,skill_level,unskilled,nld,594.29
2021-09-01,skill_level,unskilled,otg,602.33
2021-09-01,skill_level,unskilled,wai,488.16
2021-09-01,skill_level,unskilled,wlg,389.86
2021-12-01,industry,accounting,akl,152.13
2021-12-01,industry,accounting,bop,576.6
2021-12-01,industry,accounting,cant,198.96
2021-12-01,industry,accounting,gis,617.02
2021-12-01,industry,accounting,mrl,371.84
2021-12-01,industry,accounting,mwt,374.91
2021-12-01,industry,accounting,nld,352.31
2021-12-01,industry,accounting,otg,392.47
2021-12-01,industry,accounting,wai,294.71
2021-12-01,industry,accounting,wlg,199.07
2021-12-01,industry,construction,akl,325.64
2021-12-01,industry,construction,bop,587.67
2021-12-01,industry,construction,cant,339.26
2021-12-01,industry,construction,gis,586.36
2021-12-01,industry,construction,mrl,626.27
2021-12-01,industry,construction,mwt,394.29
2021-12-01,industry,construction,nld,577.7
2021-12-01,industry,construction,otg,676.32
2021-12-01,industry,construction,wai,476.79
2021-12-01,industry,construction,wlg,306.13
2021-12-01,industry,education,akl,132.96
2021-12-01,industry,education,bop,170.49
2021-12-01,industry,education,cant,139.12
2021-12-01,industry,education,gis,169.39
2021-12-01,industry,education,mrl,113.91
2021-12-01,industry,education,mwt,166.67
2021-12-01,industry,education,nld,156.62
2021-12-01,industry,education,otg,160.57
2021-12-01,industry,education,wai,164.3
2021-12-01,industry,education,wlg,175.0
2021-12-01,industry,health,akl,252.75
2021-12-01,industry,health,bop,768.49
2021-12-01,industry,health,cant,367.59
2021-12-01,industry,health,gis,486.96
2021-12-01,industry,health,mrl,632.49
2021-12-01,industry,health,mwt,556.93
2021-12-01,industry,health,nld,471.53
2021-12-01,industry,health,otg,629.66
2021-12-01,industry,health,wai,414.21
2021-12-01,industry,health,wlg,320.28
2021-12-01,industry,hospitality,akl,187.89
2021-12-01,industry,hospitality,bop,344.33
2021-12-01,industry,hospitality,cant,208.42
2021-12-01,industry,hospitality,gis,324.8
2021-12-01,industry,hospitality,mrl,362.58
2021-12-01,industry,hospitality,mwt,348.87
2021-12-01,industry,hospitality,nld,479.31
2021-12-01,industry,hospitality,otg,473.17
2021-12-01,industry,hospitality,wai,260.27
2021-12-01,industry,hospitality,wlg,231.62
2021-12-01,industry,it,akl,117.78
2021-12-01,industry,it,bop,337.35
2021-12-01,industry,it,cant,175.31
2021-12-01,industry,it,gis,440.74
2021-12-01,industry,it,mrl,357.69
2021-12-01,industry,it,mwt,240.0
2021-12-01,industry,it,nld,335.71
2021-12-01,industry,it,otg,227.96
2021-12-01,industry,it,wai,195.48
2021-12-01,industry,it,wlg,93.07
2021-12-01,industry,manufacturing,akl,325.68
2021-12-01,industry,manufacturing,bop,725.67
2021-12-01,industry,manufacturing,cant,505.15
2021-12-01,industry,manufacturing,gis,834.68
2021-12-01,industry,manufacturing,mrl,892.39
2021-12-01,industry,manufacturing,mwt,518.7
2021-12-01,industry,manufacturing,nld,685.71
2021-12-01,industry,manufacturing,otg,699.38
2021-12-01,industry,manufacturing,wai,533.44
2021-12-01,industry,manufacturing,wlg,400.54
2021-12-01,industry,other,akl,434.24
2021-12-01,industry,other,bop,771.15
2021-12-01,industry,other,cant,633.95
2021-12-01,industry,other,gis,714.47
2021-12-01,industry,other,mrl,627.63
2021-12-01,industry,other,mwt,462.25
2021-12-01,industry,other,nld,1076.47
2021-12-01,industry,other,otg,983.33
2021-12-01,industry,other,wai,544.44
2021-12-01,industry,other,wlg,367.72
2021-12-01,industry,primary,akl,298.64
2021-12-01,industry,primary,bop,640.91
2021-12-01,industry,primary,cant,330.86
2021-12-01,industry,primary,gis,544.44
2021-12-01,industry,primary,mrl,441.94
2021-12-01,industry,primary,mwt,362.86
2021-12-01,industry,primary,nld,297.44
2021-12-01,industry,primary,otg,312.84
2021-12-01,industry,primary,wai,403.16
2021-12-01,industry,primary,wlg,320.9
2021-12-01,industry,sales,akl,146.02
2021-12-01,industry,sales,bop,347.3
2021-12-01,industry,sales,cant,161.78
2021-12-01,industry,sales,gis,392.5
2021-12-01,industry,sales,mrl,283.93
2021-12-01,industry,sales,mwt,194.94
2021-12-01,industry,sales,nld,313.08
2021-12-01,industry,sales,otg,269.16
2021-12-01,industry,sales,wai,197.42
2021-12-01,industry,sales,wlg,153.73
2021-12-01,occupation,clerical_admin,akl,164.5
2021-12-01,occupation,clerical_admin,bop,593.5
2021-12-01,occupation,clerical_admin,cant,210.1
2021-12-01,occupation,clerical_admin,gis,708.8
2021-12-01,occupation,clerical_admin,mrl,495.5
2021-12-01,occupation,clerical_admin,mwt,380.1
2021-12-01,occupation,clerical_admin,nld,515.6
2021-12-01,occupation,clerical_admin,otg,517.4
2021-12-01,occupation,clerical_admin,wai,356.3
2021-12-01,occupation,clerical_admin,wlg,200.0
2021-12-01,occupation,community_services,akl,242.3
2021-12-01,occupation,community_services,bop,408.0
2021-12-01,occupation,community_services,cant,250.4
2021-12-01,occupation,community_services,gis,438.2
2021-12-01,occupation,community_services,mrl,476.7
2021-12-01,occupation,community_services,mwt,432.0
2021-12-01,occupation,community_services,nld,674.2
2021-12-01,occupation,community_services,otg,640.3
2021-12-01,occupation,community_services,wai,391.2
2021-12-01,occupation,community_services,wlg,323.1
2021-12-01,occupation,labourers,akl,576.8
2021-12-01,occupation,labourers,bop,919.4
2021-12-01,occupation,labourers,cant,580.9
2021-12-01,occupation,labourers,gis,861.7
2021-12-01,occupation,labourers,mrl,909.0
2021-12-01,occupation,labourers,mwt,922.6
2021-12-01,occupation,labourers,nld,676.2
2021-12-01,occupation,labourers,otg,969.1
2021-12-01,occupation,labourers,wai,756.6
2021-12-01,occupation,labourers,wlg,578.4
2021-12-01,occupation,machinery_drivers,akl,535.0
2021-12-01,occupation,machinery_drivers,bop,812.5
2021-12-01,occupation,machinery_drivers,cant,624.9
2021-12-01,occupation,machinery_drivers,gis,955.1
2021-12-01,occupation,machinery_drivers,mrl,619.3
2021-12-01,occupation,machinery_drivers,mwt,683.7
2021-12-01,occupation,machinery_drivers,nld,830.0
2021-12-01,occupation,machinery_drivers,otg,815.8
2021-12-01,occupation,machinery_drivers,wai,644.4
2021-12-01,occupation,machinery_drivers,wlg,531.1
2021-12-01,occupation,managers,akl,151.1
2021-12-01,occupation,managers,bop,368.9
2021-12-01,occupation,managers,cant,188.7
2021-12-01,occupation,managers,gis,437.5
2021-12-01,occupation,managers,mrl,291.5
2021-12-01,occupation,managers,mwt,254.9
2021-12-01,occupation,managers,nld,354.5
2021-12-01,occupation,managers,otg,303.7
2021-12-01,occupation,managers,wai,245.5
2021-12-01,occupation,managers,wlg,145.8
2021-12-01,occupation,professionals,akl,165.6
2021-12-01,occupation,professionals,bop,434.9
2021-12-01,occupation,professionals,cant,203.8
2021-12-01,occupation,professionals,gis,310.4
2021-12-01,occupation,professionals,mrl,266.5
2021-12-01,occupation,professionals,mwt,273.4
2021-12-01,occupation,professionals,nld,294.0
2021-12-01,occupation,professionals,otg,297.4
2021-12-01,occupation,professionals,wai,238.2
2021-12-01,occupation,professionals,wlg,172.8
2021-12-01,occupation,sales,akl,212.4
2021-12-01,occupation,sales,bop,457.4
2021-12-01,occupation,sales,cant,236.0
2021-12-01,occupation,sales,gis,451.6
2021-12-01,occupation,sales,mrl,368.1
2021-12-01,occupation,sales,mwt,276.8
2021-12-01,occupation,sales,nld,353.3
2021-12-01,occupation,sales,otg,386.5
2021-12-01,occupation,sales,wai,290.6
2021-12-01,occupation,sales,wlg,245.6
2021-12-01,occupation,trades_and_technical,akl,296.6
2021-12-01,occupation,trades_and_technical,bop,511.2
2021-12-01,occupation,trades_and_technical,cant,342.0
2021-12-01,occupation,trades_and_technical,gis,477.3
2021-12-01,occupation,trades_and_technical,mrl,508.4
2021-12-01,occupation,trades_and_technical,mwt,391.4
2021-12-01,occupation,trades_and_technical,nld,463.5
2021-12-01,occupation,trades_and_technical,otg,549.7
2021-12-01,occupation,trades_and_technical,wai,453.9
2021-12-01,occupation,trades_and_technical,wlg,253.7
2021-12-01,skill_level,highly_skilled,akl,165.48
2021-12-01,skill_level,highly_skilled,bop,518.29
2021-12-01,skill_level,highly_skilled,cant,219.82
2021-12-01,skill_level,highly_skilled,gis,440.02
2021-12-01,skill_level,highly_skilled,mrl,371.27
2021-12-01,skill_level,highly_skilled,mwt,342.05
2021-12-01,skill_level,highly_skilled,nld,411.12
2021-12-01,skill_level,highly_skilled,otg,365.48
2021-12-01,skill_level,highly_skilled,wai,274.36
2021-12-01,skill_level,highly_skilled,wlg,169.07
2021-12-01,skill_level,low_skilled,akl,228.14
2021-12-01,skill_level,low_skilled,bop,531.57
2021-12-01,skill_level,low_skilled,cant,309.6
2021-12-01,skill_level,low_skilled,gis,551.28
2021-12-01,skill_level,low_skilled,mrl,522.28
2021-12-01,skill_level,low_skilled,mwt,462.89
2021-12-01,skill_level,low_skilled,nld,528.8
2021-12-01,skill_level,low_skilled,otg,560.13
2021-12-01,skill_level,low_skilled,wai,438.94
2021-12-01,skill_level,low_skilled,wlg,269.52
2021-12-01,skill_level,semi_skilled,akl,352.06
2021-12-01,skill_level,semi_skilled,bop,584.85
2021-12-01,skill_level,semi_skilled,cant,393.26
2021-12-01,skill_level,semi_skilled,gis,579.73
2021-12-01,skill_level,semi_skilled,mrl,646.61
2021-12-01,skill_level,semi_skilled,mwt,468.5
2021-12-01,skill_level,semi_skilled,nld,473.91
2021-12-01,skill_level,semi_skilled,otg,663.24
2021-12-01,skill_level,semi_skilled,wai,533.0
2021-12-01,skill_level,semi_skilled,wlg,315.23
2021-12-01,skill_level,skilled,akl,180.49
2021-12-01,skill_level,skilled,bop,340.61
2021-12-01,skill_level,skilled,cant,196.68
2021-12-01,skill_level,skilled,gis,315.88
2021-12-01,skill_level,skilled,mrl,238.81
2021-12-01,skill_level,skilled,mwt,214.58
2021-12-01,skill_level,skilled,nld,254.33
2021-12-01,skill_level,skilled,otg,318.4
2021-12-01,skill_level,skilled,wai,246.58
2021-12-01,skill_level,skilled,wlg,193.0
2021-12-01,skill_level,unskilled,akl,332.16
2021-12-01,skill_level,unskilled,bop,634.01
2021-12-01,skill_level,unskilled,cant,348.32
2021-12-01,skill_level,unskilled,gis,720.8
2021-12-01,skill_level,unskilled,mrl,610.31
2021-12-01,skill_level,unskilled,mwt,488.26
2021-12-01,skill_level,unskilled,nld,605.71
2021-12-01,skill_level,unskilled,otg,619.53
2021-12-01,skill_level,unskilled,wai,411.18
2021-12-01,skill_level,unskilled,wlg,310.18
2022-03-01,industry,accounting,akl,200.21
2022-03-01,industry,accounting,bop,646.79
2022-03-01,industry,accounting,cant,245.33
2022-03-01,industry,accounting,gis,682.27
2022-03-01,industry,accounting,mrl,425.86
2022-03-01,industry,accounting,mwt,453.18
2022-03-01,industry,accounting,nld,434.62
2022-03-01,industry,accounting,otg,460.62
2022-03-01,industry,accounting,wai,383.74
2022-03-01,industry,accounting,wlg,237.32
2022-03-01,industry,construction,akl,400.8
2022-03-01,industry,construction,bop,697.03
2022-03-01,industry,construction,cant,418.64
2022-03-01,industry,construction,gis,628.41
2022-03-01,industry,construction,mrl,663.56
2022-03-01,industry,construction,mwt,452.57
2022-03-01,industry,construction,nld,745.95
2022-03-01,industry,construction,otg,759.7
2022-03-01,industry,construction,wai,609.0
2022-03-01,industry,construction,wlg,356.78
2022-03-01,industry,education,akl,124.79
2022-03-01,industry,education,bop,145.25
2022-03-01,industry,education,cant,114.92
2022-03-01,industry,education,gis,125.71
2022-03-01,industry,education,mrl,88.7
2022-03-01,industry,education,mwt,130.89
2022-03-01,industry,education,nld,126.03
2022-03-01,industry,education,otg,112.93
2022-03-01,industry,education,wai,141.94
2022-03-01,industry,education,wlg,170.76
2022-03-01,industry,health,akl,288.14
2022-03-01,industry,health,bop,775.91
2022-03-01,industry,health,cant,428.94
2022-03-01,industry,health,gis,479.5
2022-03-01,industry,health,mrl,698.38
2022-03-01,industry,health,mwt,582.25
2022-03-01,industry,health,nld,493.91
2022-03-01,industry,health,otg,632.29
2022-03-01,industry,health,wai,447.87
2022-03-01,industry,health,wlg,383.63
2022-03-01,industry,hospitality,akl,265.76
2022-03-01,industry,hospitality,bop,374.88
2022-03-01,industry,hospitality,cant,212.33
2022-03-01,industry,hospitality,gis,339.2
2022-03-01,industry,hospitality,mrl,306.45
2022-03-01,industry,hospitality,mwt,386.47
2022-03-01,industry,hospitality,nld,510.34
2022-03-01,industry,hospitality,otg,462.6
2022-03-01,industry,hospitality,wai,336.61
2022-03-01,industry,hospitality,wlg,267.24
2022-03-01,industry,it,akl,136.28
2022-03-01,industry,it,bop,434.94
2022-03-01,industry,it,cant,228.88
2022-03-01,industry,it,gis,500.0
2022-03-01,industry,it,mrl,323.08
2022-03-01,industry,it,mwt,261.18
2022-03-01,industry,it,nld,421.43
2022-03-01,industry,it,otg,306.45
2022-03-01,industry,it,wai,259.3
2022-03-01,industry,it,wlg,105.26
2022-03-01,industry,manufacturing,akl,432.53
2022-03-01,industry,manufacturing,bop,929.95
2022-03-01,industry,manufacturing,cant,622.74
2022-03-01,industry,manufacturing,gis,1103.23
2022-03-01,industry,manufacturing,mrl,1063.04
2022-03-01,industry,manufacturing,mwt,676.09
2022-03-01,industry,manufacturing,nld,978.57
2022-03-01,industry,manufacturing,otg,811.88
2022-03-01,industry,manufacturing,wai,669.77
2022-03-01,industry,manufacturing,wlg,499.18
2022-03-01,industry,other,akl,571.6
2022-03-01,industry,other,bop,861.54
2022-03-01,industry,other,cant,787.91
2022-03-01,industry,other,gis,771.05
2022-03-01,industry,other,mrl,709.21
2022-03-01,industry,other,mwt,621.19
2022-03-01,industry,other,nld,1341.18
2022-03-01,industry,other,otg,1171.43
2022-03-01,industry,other,wai,673.54
2022-03-01,industry,other,wlg,456.39
2022-03-01,industry,primary,akl,393.88
2022-03-01,industry,primary,bop,827.27
2022-03-01,industry,primary,cant,345.06
2022-03-01,industry,primary,gis,595.24
2022-03-01,industry,primary,mrl,424.73
2022-03-01,industry,primary,mwt,482.86
2022-03-01,industry,primary,nld,382.05
2022-03-01,industry,primary,otg,313.76
2022-03-01,industry,primary,wai,572.63
2022-03-01,industry,primary,wlg,388.06
2022-03-01,industry,sales,akl,200.9
2022-03-01,industry,sales,bop,420.27
2022-03-01,industry,sales,cant,202.87
2022-03-01,industry,sales,gis,464.0
2022-03-01,industry,sales,mrl,325.89
2022-03-01,industry,sales,mwt,261.69
2022-03-01,industry,sales,nld,445.38
2022-03-01,industry,sales,otg,322.45
2022-03-01,industry,sales,wai,267.58
2022-03-01,industry,sales,wlg,191.14
2022-03-01,occupation,clerical_admin,akl,223.2
2022-03-01,occupation,clerical_admin,bop,661.8
2022-03-01,occupation,clerical_admin,cant,253.8
2022-03-01,occupation,clerical_admin,gis,792.9
2022-03-01,occupation,clerical_admin,mrl,530.7
2022-03-01,occupation,clerical_admin,mwt,460.3
2022-03-01,occupation,clerical_admin,nld,684.9
2022-03-01,occupation,clerical_admin,otg,584.0
2022-03-01,occupation,clerical_admin,wai,450.9
2022-03-01,occupation,clerical_admin,wlg,237.0
2022-03-01,occupation,community_services,akl,354.7
2022-03-01,occupation,community_services,bop,480.8
2022-03-01,occupation,community_services,cant,313.0
2022-03-01,occupation,community_services,gis,502.9
2022-03-01,occupation,community_services,mrl,553.6
2022-03-01,occupation,community_services,mwt,518.6
2022-03-01,occupation,community_services,nld,734.2
2022-03-01,occupation,community_services,otg,687.7
2022-03-01,occupation,community_services,wai,482.9
2022-03-01,occupation,community_services,wlg,362.7
2022-03-01,occupation,labourers,akl,738.6
2022-03-01,occupation,labourers,bop,1018.4
2022-03-01,occupation,labourers,cant,671.2
2022-03-01,occupation,labourers,gis,905.4
2022-03-01,occupation,labourers,mrl,959.8
2022-03-01,occupation,labourers,mwt,1038.1
2022-03-01,occupation,labourers,nld,897.6
2022-03-01,occupation,labourers,otg,1000.0
2022-03-01,occupation,labourers,wai,934.6
2022-03-01,occupation,labourers,wlg,647.5
2022-03-01,occupation,machinery_drivers,akl,597.1
2022-03-01,occupation,machinery_drivers,bop,952.1
2022-03-01,occupation,machinery_drivers,cant,657.7
2022-03-01,occupation,machinery_drivers,gis,968.1
2022-03-01,occupation,machinery_drivers,mrl,657.3
2022-03-01,occupation,machinery_drivers,mwt,751.0
2022-03-01,occupation,machinery_drivers,nld,993.3
2022-03-01,occupation,machinery_drivers,otg,837.6
2022-03-01,occupation,machinery_drivers,wai,693.6
2022-03-01,occupation,machinery_drivers,wlg,607.9
2022-03-01,occupation,managers,akl,201.2
2022-03-01,occupation,managers,bop,475.5
2022-03-01,occupation,managers,cant,251.8
2022-03-01,occupation,managers,gis,498.0
2022-03-01,occupation,managers,mrl,329.0
2022-03-01,occupation,managers,mwt,316.5
2022-03-01,occupation,managers,nld,502.0
2022-03-01,occupation,managers,otg,380.2
2022-03-01,occupation,managers,wai,338.2
2022-03-01,occupation,managers,wlg,180.2
2022-03-01,occupation,professionals,akl,194.5
2022-03-01,occupation,professionals,bop,452.1
2022-03-01,occupation,professionals,cant,242.5
2022-03-01,occupation,professionals,gis,306.5
2022-03-01,occupation,professionals,mrl,279.6
2022-03-01,occupation,professionals,mwt,295.5
2022-03-01,occupation,professionals,nld,292.9
2022-03-01,occupation,professionals,otg,316.7
2022-03-01,occupation,professionals,wai,271.0
2022-03-01,occupation,professionals,wlg,202.6
2022-03-01,occupation,sales,akl,258.7
2022-03-01,occupation,sales,bop,519.7
2022-03-01,occupation,sales,cant,261.1
2022-03-01,occupation,sales,gis,493.7
2022-03-01,occupation,sales,mrl,426.7
2022-03-01,occupation,sales,mwt,352.2
2022-03-01,occupation,sales,nld,466.3
2022-03-01,occupation,sales,otg,413.5
2022-03-01,occupation,sales,wai,362.7
2022-03-01,occupation,sales,wlg,266.0
2022-03-01,occupation,trades_and_technical,akl,393.5
2022-03-01,occupation,trades_and_technical,bop,654.6
2022-03-01,occupation,trades_and_technical,cant,413.0
2022-03-01,occupation,trades_and_technical,gis,557.5
2022-03-01,occupation,trades_and_technical,mrl,515.4
2022-03-01,occupation,trades_and_technical,mwt,500.5
2022-03-01,occupation,trades_and_technical,nld,613.5
2022-03-01,occupation,trades_and_technical,otg,612.7
2022-03-01,occupation,trades_and_technical,wai,607.6
2022-03-01,occupation,trades_and_technical,wlg,316.1
2022-03-01,skill_level,highly_skilled,akl,208.57
2022-03-01,skill_level,highly_skilled,bop,588.21
2022-03-01,skill_level,highly_skilled,cant,280.1
2022-03-01,skill_level,highly_skilled,gis,479.48
2022-03-01,skill_level,highly_skilled,mrl,405.99
2022-03-01,skill_level,highly_skilled,mwt,407.83
2022-03-01,skill_level,highly_skilled,nld,469.32
2022-03-01,skill_level,highly_skilled,otg,436.88
2022-03-01,skill_level,highly_skilled,wai,356.04
2022-03-01,skill_level,highly_skilled,wlg,203.99
2022-03-01,skill_level,low_skilled,akl,288.08
2022-03-01,skill_level,low_skilled,bop,614.78
2022-03-01,skill_level,low_skilled,cant,355.35
2022-03-01,skill_level,low_skilled,gis,597.71
2022-03-01,skill_level,low_skilled,mrl,567.28
2022-03-01,skill_level,low_skilled,mwt,537.93
2022-03-01,skill_level,low_skilled,nld,630.31
2022-03-01,skill_level,low_skilled,otg,593.67
2022-03-01,skill_level,low_skilled,wai,515.93
2022-03-01,skill_level,low_skilled,wlg,308.08
2022-03-01,skill_level,semi_skilled,akl,476.31
2022-03-01,skill_level,semi_skilled,bop,792.93
2022-03-01,skill_level,semi_skilled,cant,511.97
2022-03-01,skill_level,semi_skilled,gis,710.14
2022-03-01,skill_level,semi_skilled,mrl,685.59
2022-03-01,skill_level,semi_skilled,mwt,614.88
2022-03-01,skill_level,semi_skilled,nld,625.0
2022-03-01,skill_level,semi_skilled,otg,759.8
2022-03-01,skill_level,semi_skilled,wai,705.94
2022-03-01,skill_level,semi_skilled,wlg,412.21
2022-03-01,skill_level,skilled,akl,209.12
2022-03-01,skill_level,skilled,bop,348.01
2022-03-01,skill_level,skilled,cant,207.26
2022-03-01,skill_level,skilled,gis,288.77
2022-03-01,skill_level,skilled,mrl,246.06
2022-03-01,skill_level,skilled,mwt,220.07
2022-03-01,skill_level,skilled,nld,279.73
2022-03-01,skill_level,skilled,otg,316.36
2022-03-01,skill_level,skilled,wai,267.09
2022-03-01,skill_level,skilled,wlg,209.49
2022-03-01,skill_level,unskilled,akl,445.72
2022-03-01,skill_level,unskilled,bop,729.25
2022-03-01,skill_level,unskilled,cant,395.18
2022-03-01,skill_level,unskilled,gis,801.6
2022-03-01,skill_level,unskilled,mrl,655.71
2022-03-01,skill_level,unskilled,mwt,597.53
2022-03-01,skill_level,unskilled,nld,832.86
2022-03-01,skill_level,unskilled,otg,642.33
2022-03-01,skill_level,unskilled,wai,537.83
2022-03-01,skill_level,unskilled,wlg,361.03
2022-06-01,industry,accounting,akl,199.18
2022-06-01,industry,accounting,bop,595.47
2022-06-01,industry,accounting,cant,241.26
2022-06-01,industry,accounting,gis,638.3
2022-06-01,industry,accounting,mrl,428.16
2022-06-01,industry,accounting,mwt,422.47
2022-06-01,industry,accounting,nld,403.08
2022-06-01,industry,accounting,otg,421.58
2022-06-01,industry,accounting,wai,373.91
2022-06-01,industry,accounting,wlg,229.42
2022-06-01,industry,construction,akl,390.1
2022-06-01,industry,construction,bop,650.0
2022-06-01,industry,construction,cant,376.07
2022-06-01,industry,construction,gis,628.79
2022-06-01,industry,construction,mrl,626.27
2022-06-01,industry,construction,mwt,444.19
2022-06-01,industry,construction,nld,633.78
2022-06-01,industry,construction,otg,723.43
2022-06-01,industry,construction,wai,550.07
2022-06-01,industry,construction,wlg,344.66
2022-06-01,industry,education,akl,145.52
2022-06-01,industry,education,bop,143.28
2022-06-01,industry,education,cant,108.83
2022-06-01,industry,education,gis,115.92
2022-06-01,industry,education,mrl,87.83
2022-06-01,industry,education,mwt,131.44
2022-06-01,industry,education,nld,100.91
2022-06-01,industry,education,otg,103.15
2022-06-01,industry,education,wai,125.81
2022-06-01,industry,education,wlg,163.45
2022-06-01,industry,health,akl,284.94
2022-06-01,industry,health,bop,742.53
2022-06-01,industry,health,cant,379.01
2022-06-01,industry,health,gis,477.43
2022-06-01,industry,health,mrl,595.31
2022-06-01,industry,health,mwt,565.05
2022-06-01,industry,health,nld,448.3
2022-06-01,industry,health,otg,617.84
2022-06-01,industry,health,wai,445.88
2022-06-01,industry,health,wlg,368.85
2022-06-01,industry,hospitality,akl,397.14
2022-06-01,industry,hospitality,bop,450.74
2022-06-01,industry,hospitality,cant,297.59
2022-06-01,industry,hospitality,gis,340.0
2022-06-01,industry,hospitality,mrl,320.0
2022-06-01,industry,hospitality,mwt,515.79
2022-06-01,industry,hospitality,nld,512.07
2022-06-01,industry,hospitality,otg,653.25
2022-06-01,industry,hospitality,wai,410.27
2022-06-01,industry,hospitality,wlg,366.48
2022-06-01,industry,it,akl,131.62
2022-06-01,industry,it,bop,367.47
2022-06-01,industry,it,cant,216.93
2022-06-01,industry,it,gis,540.74
2022-06-01,industry,it,mrl,253.85
2022-06-01,industry,it,mwt,251.76
2022-06-01,industry,it,nld,407.14
2022-06-01,industry,it,otg,273.12
2022-06-01,industry,it,wai,252.76
2022-06-01,industry,it,wlg,102.51
2022-06-01,industry,manufacturing,akl,396.51
2022-06-01,industry,manufacturing,bop,845.99
2022-06-01,industry,manufacturing,cant,567.5
2022-06-01,industry,manufacturing,gis,892.74
2022-06-01,industry,manufacturing,mrl,871.74
2022-06-01,industry,manufacturing,mwt,616.96
2022-06-01,industry,manufacturing,nld,857.14
2022-06-01,industry,manufacturing,otg,735.63
2022-06-01,industry,manufacturing,wai,636.66
2022-06-01,industry,manufacturing,wlg,441.14
2022-06-01,industry,other,akl,556.52
2022-06-01,industry,other,bop,830.77
2022-06-01,industry,other,cant,743.26
2022-06-01,industry,other,gis,821.05
2022-06-01,industry,other,mrl,611.84
2022-06-01,industry,other,mwt,566.89
2022-06-01,industry,other,nld,1376.47
2022-06-01,industry,other,otg,1053.57
2022-06-01,industry,other,wai,678.84
2022-06-01,industry,other,wlg,393.41
2022-06-01,industry,primary,akl,339.46
2022-06-01,industry,primary,bop,650.0
2022-06-01,industry,primary,cant,379.01
2022-06-01,industry,primary,gis,576.19
2022-06-01,industry,primary,mrl,378.49
2022-06-01,industry,primary,mwt,425.71
2022-06-01,industry,primary,nld,358.97
2022-06-01,industry,primary,otg,373.39
2022-06-01,industry,primary,wai,571.58
2022-06-01,industry,primary,wlg,335.82
2022-06-01,industry,sales,akl,200.42
2022-06-01,industry,sales,bop,356.49
2022-06-01,industry,sales,cant,191.55
2022-06-01,industry,sales,gis,402.5
2022-06-01,industry,sales,mrl,266.52
2022-06-01,industry,sales,mwt,244.34
2022-06-01,industry,sales,nld,406.15
2022-06-01,industry,sales,otg,310.66
2022-06-01,industry,sales,wai,254.85
2022-06-01,industry,sales,wlg,190.38
2022-06-01,occupation,clerical_admin,akl,227.2
2022-06-01,occupation,clerical_admin,bop,599.4
2022-06-01,occupation,clerical_admin,cant,250.5
2022-06-01,occupation,clerical_admin,gis,705.3
2022-06-01,occupation,clerical_admin,mrl,472.8
2022-06-01,occupation,clerical_admin,mwt,452.5
2022-06-01,occupation,clerical_admin,nld,619.0
2022-06-01,occupation,clerical_admin,otg,587.8
2022-06-01,occupation,clerical_admin,wai,439.3
2022-06-01,occupation,clerical_admin,wlg,234.9
2022-06-01,occupation,community_services,akl,426.0
2022-06-01,occupation,community_services,bop,483.6
2022-06-01,occupation,community_services,cant,324.2
2022-06-01,occupation,community_services,gis,491.2
2022-06-01,occupation,community_services,mrl,472.9
2022-06-01,occupation,community_services,mwt,533.1
2022-06-01,occupation,community_services,nld,656.2
2022-06-01,occupation,community_services,otg,724.7
2022-06-01,occupation,community_services,wai,488.5
2022-06-01,occupation,community_services,wlg,417.5
2022-06-01,occupation,labourers,akl,776.0
2022-06-01,occupation,labourers,bop,1017.3
2022-06-01,occupation,labourers,cant,656.5
2022-06-01,occupation,labourers,gis,874.2
2022-06-01,occupation,labourers,mrl,839.9
2022-06-01,occupation,labourers,mwt,1040.5
2022-06-01,occupation,labourers,nld,835.7
2022-06-01,occupation,labourers,otg,1072.2
2022-06-01,occupation,labourers,wai,936.0
2022-06-01,occupation,labourers,wlg,700.7
2022-06-01,occupation,machinery_drivers,akl,597.1
2022-06-01,occupation,machinery_drivers,bop,871.9
2022-06-01,occupation,machinery_drivers,cant,637.7
2022-06-01,occupation,machinery_drivers,gis,868.1
2022-06-01,occupation,machinery_drivers,mrl,586.2
2022-06-01,occupation,machinery_drivers,mwt,702.9
2022-06-01,occupation,machinery_drivers,nld,893.3
2022-06-01,occupation,machinery_drivers,otg,800.0
2022-06-01,occupation,machinery_drivers,wai,681.9
2022-06-01,occupation,machinery_drivers,wlg,542.6
2022-06-01,occupation,managers,akl,184.8
2022-06-01,occupation,managers,bop,416.3
2022-06-01,occupation,managers,cant,222.8
2022-06-01,occupation,managers,gis,466.0
2022-06-01,occupation,managers,mrl,338.9
2022-06-01,occupation,managers,mwt,273.6
2022-06-01,occupation,managers,nld,391.1
2022-06-01,occupation,managers,otg,346.6
2022-06-01,occupation,managers,wai,290.6
2022-06-01,occupation,managers,wlg,165.5
2022-06-01,occupation,professionals,akl,188.4
2022-06-01,occupation,professionals,bop,431.2
2022-06-01,occupation,professionals,cant,226.9
2022-06-01,occupation,professionals,gis,303.2
2022-06-01,occupation,professionals,mrl,249.0
2022-06-01,occupation,professionals,mwt,289.3
2022-06-01,occupation,professionals,nld,272.8
2022-06-01,occupation,professionals,otg,306.3
2022-06-01,occupation,professionals,wai,274.1
2022-06-01,occupation,professionals,wlg,192.2
2022-06-01,occupation,sales,akl,280.9
2022-06-01,occupation,sales,bop,489.6
2022-06-01,occupation,sales,cant,281.0
2022-06-01,occupation,sales,gis,410.3
2022-06-01,occupation,sales,mrl,362.9
2022-06-01,occupation,sales,mwt,348.8
2022-06-01,occupation,sales,nld,412.0
2022-06-01,occupation,sales,otg,410.4
2022-06-01,occupation,sales,wai,378.6
2022-06-01,occupation,sales,wlg,266.8
2022-06-01,occupation,trades_and_technical,akl,399.5
2022-06-01,occupation,trades_and_technical,bop,590.1
2022-06-01,occupation,trades_and_technical,cant,384.5
2022-06-01,occupation,trades_and_technical,gis,554.9
2022-06-01,occupation,trades_and_technical,mrl,485.0
2022-06-01,occupation,trades_and_technical,mwt,476.0
2022-06-01,occupation,trades_and_technical,nld,546.8
2022-06-01,occupation,trades_and_technical,otg,608.7
2022-06-01,occupation,trades_and_technical,wai,562.2
2022-06-01,occupation,trades_and_technical,wlg,310.2
2022-06-01,skill_level,highly_skilled,akl,195.46
2022-06-01,skill_level,highly_skilled,bop,544.05
2022-06-01,skill_level,highly_skilled,cant,253.34
2022-06-01,skill_level,highly_skilled,gis,466.62
2022-06-01,skill_level,highly_skilled,mrl,372.79
2022-06-01,skill_level,highly_skilled,mwt,374.94
2022-06-01,skill_level,highly_skilled,nld,421.73
2022-06-01,skill_level,highly_skilled,otg,403.21
2022-06-01,skill_level,highly_skilled,wai,339.17
2022-06-01,skill_level,highly_skilled,wlg,191.09
2022-06-01,skill_level,low_skilled,akl,313.58
2022-06-01,skill_level,low_skilled,bop,579.49
2022-06-01,skill_level,low_skilled,cant,362.02
2022-06-01,skill_level,low_skilled,gis,536.99
2022-06-01,skill_level,low_skilled,mrl,490.9
2022-06-01,skill_level,low_skilled,mwt,533.08
2022-06-01,skill_level,low_skilled,nld,589.91
2022-06-01,skill_level,low_skilled,otg,626.37
2022-06-01,skill_level,low_skilled,wai,532.78
2022-06-01,skill_level,low_skilled,wlg,309.99
2022-06-01,skill_level,semi_skilled,akl,450.71
2022-06-01,skill_level,semi_skilled,bop,682.32
2022-06-01,skill_level,semi_skilled,cant,447.74
2022-06-01,skill_level,semi_skilled,gis,646.62
2022-06-01,skill_level,semi_skilled,mrl,661.86
2022-06-01,skill_level,semi_skilled,mwt,548.02
2022-06-01,skill_level,semi_skilled,nld,503.26
2022-06-01,skill_level,semi_skilled,otg,694.12
2022-06-01,skill_level,semi_skilled,wai,617.49
2022-06-01,skill_level,semi_skilled,wlg,396.55
2022-06-01,skill_level,skilled,akl,229.62
2022-06-01,skill_level,skilled,bop,334.18
2022-06-01,skill_level,skilled,cant,216.77
2022-06-01,skill_level,skilled,gis,306.66
2022-06-01,skill_level,skilled,mrl,228.75
2022-06-01,skill_level,skilled,mwt,236.25
2022-06-01,skill_level,skilled,nld,257.67
2022-06-01,skill_level,skilled,otg,328.81
2022-06-01,skill_level,skilled,wai,261.52
2022-06-01,skill_level,skilled,wlg,215.64
2022-06-01,skill_level,unskilled,akl,456.78
2022-06-01,skill_level,unskilled,bop,719.0
2022-06-01,skill_level,unskilled,cant,390.07
2022-06-01,skill_level,unskilled,gis,728.0
2022-06-01,skill_level,unskilled,mrl,564.16
2022-06-01,skill_level,unskilled,mwt,593.27
2022-06-01,skill_level,unskilled,nld,712.86
2022-06-01,skill_level,unskilled,otg,668.84
2022-06-01,skill_level,unskilled,wai,534.87
2022-06-01,skill_level,unskilled,wlg,380.65
2022-09-01,industry,accounting,akl,199.49
2022-09-01,industry,accounting,bop,598.11
2022-09-01,industry,accounting,cant,245.65
2022-09-01,industry,accounting,gis,638.3
2022-09-01,industry,accounting,mrl,379.31
2022-09-01,industry,accounting,mwt,464.79
2022-09-01,industry,accounting,nld,386.15
2022-09-01,industry,accounting,otg,458.22
2022-09-01,industry,accounting,wai,360.11
2022-09-01,industry,accounting,wlg,238.29
2022-09-01,industry,construction,akl,395.37
2022-09-01,industry,construction,bop,662.33
2022-09-01,industry,construction,cant,399.8
2022-09-01,industry,construction,gis,602.27
2022-09-01,industry,construction,mrl,635.59
2022-09-01,industry,construction,mwt,465.33
2022-09-01,industry,construction,nld,687.16
2022-09-01,industry,construction,otg,816.88
2022-09-01,industry,construction,wai,537.55
2022-09-01,industry,construction,wlg,339.59
2022-09-01,industry,education,akl,180.56
2022-09-01,industry,education,bop,180.0
2022-09-01,industry,education,cant,180.21
2022-09-01,industry,education,gis,143.27
2022-09-01,industry,education,mrl,131.74
2022-09-01,industry,education,mwt,193.5
2022-09-01,industry,education,nld,133.33
2022-09-01,industry,education,otg,149.21
2022-09-01,industry,education,wai,175.05
2022-09-01,industry,education,wlg,191.37
2022-09-01,industry,health,akl,259.5
2022-09-01,industry,health,bop,822.47
2022-09-01,industry,health,cant,400.99
2022-09-01,industry,health,gis,490.27
2022-09-01,industry,health,mrl,594.19
2022-09-01,industry,health,mwt,600.42
2022-09-01,industry,health,nld,505.09
2022-09-01,industry,health,otg,613.46
2022-09-01,industry,health,wai,385.03
2022-09-01,industry,health,wlg,361.65
2022-09-01,industry,hospitality,akl,432.73
2022-09-01,industry,hospitality,bop,496.55
2022-09-01,industry,hospitality,cant,336.84
2022-09-01,industry,hospitality,gis,452.0
2022-09-01,industry,hospitality,mrl,397.42
2022-09-01,industry,hospitality,mwt,491.73
2022-09-01,industry,hospitality,nld,674.14
2022-09-01,industry,hospitality,otg,834.15
2022-09-01,industry,hospitality,wai,461.16
2022-09-01,industry,hospitality,wlg,386.1
2022-09-01,industry,it,akl,124.42
2022-09-01,industry,it,bop,349.4
2022-09-01,industry,it,cant,214.29
2022-09-01,industry,it,gis,466.67
2022-09-01,industry,it,mrl,307.69
2022-09-01,industry,it,mwt,301.18
2022-09-01,industry,it,nld,314.29
2022-09-01,industry,it,otg,241.94
2022-09-01,industry,it,wai,248.24
2022-09-01,industry,it,wlg,100.03
2022-09-01,industry,manufacturing,akl,425.16
2022-09-01,industry,manufacturing,bop,772.73
2022-09-01,industry,manufacturing,cant,660.04
2022-09-01,industry,manufacturing,gis,889.52
2022-09-01,industry,manufacturing,mrl,914.13
2022-09-01,industry,manufacturing,mwt,643.48
2022-09-01,industry,manufacturing,nld,780.36
2022-09-01,industry,manufacturing,otg,901.25
2022-09-01,industry,manufacturing,wai,669.77
2022-09-01,industry,manufacturing,wlg,427.79
2022-09-01,industry,other,akl,584.65
2022-09-01,industry,other,bop,889.42
2022-09-01,industry,other,cant,844.19
2022-09-01,industry,other,gis,889.47
2022-09-01,industry,other,mrl,680.26
2022-09-01,industry,other,mwt,667.55
2022-09-01,industry,other,nld,1441.18
2022-09-01,industry,other,otg,1333.33
2022-09-01,industry,other,wai,716.4
2022-09-01,industry,other,wlg,462.98
2022-09-01,industry,primary,akl,359.86
2022-09-01,industry,primary,bop,704.55
2022-09-01,industry,primary,cant,436.42
2022-09-01,industry,primary,gis,638.1
2022-09-01,industry,primary,mrl,429.03
2022-09-01,industry,primary,mwt,518.57
2022-09-01,industry,primary,nld,358.97
2022-09-01,industry,primary,otg,411.93
2022-09-01,industry,primary,wai,555.79
2022-09-01,industry,primary,wlg,347.76
2022-09-01,industry,sales,akl,202.76
2022-09-01,industry,sales,bop,366.22
2022-09-01,industry,sales,cant,216.12
2022-09-01,industry,sales,gis,402.0
2022-09-01,industry,sales,mrl,277.68
2022-09-01,industry,sales,mwt,279.04
2022-09-01,industry,sales,nld,421.54
2022-09-01,industry,sales,otg,374.38
2022-09-01,industry,sales,wai,267.73
2022-09-01,industry,sales,wlg,195.41
2022-09-01,occupation,clerical_admin,akl,230.5
2022-09-01,occupation,clerical_admin,bop,606.7
2022-09-01,occupation,clerical_admin,cant,263.1
2022-09-01,occupation,clerical_admin,gis,761.1
2022-09-01,occupation,clerical_admin,mrl,448.6
2022-09-01,occupation,clerical_admin,mwt,479.2
2022-09-01,occupation,clerical_admin,nld,601.9
2022-09-01,occupation,clerical_admin,otg,641.8
2022-09-01,occupation,clerical_admin,wai,452.7
2022-09-01,occupation,clerical_admin,wlg,250.7
2022-09-01,occupation,community_services,akl,416.0
2022-09-01,occupation,community_services,bop,502.9
2022-09-01,occupation,community_services,cant,342.4
2022-09-01,occupation,community_services,gis,519.9
2022-09-01,occupation,community_services,mrl,555.1
2022-09-01,occupation,community_services,mwt,614.0
2022-09-01,occupation,community_services,nld,717.7
2022-09-01,occupation,community_services,otg,890.3
2022-09-01,occupation,community_services,wai,513.4
2022-09-01,occupation,community_services,wlg,421.4
2022-09-01,occupation,labourers,akl,787.0
2022-09-01,occupation,labourers,bop,990.8
2022-09-01,occupation,labourers,cant,716.8
2022-09-01,occupation,labourers,gis,921.7
2022-09-01,occupation,labourers,mrl,914.2
2022-09-01,occupation,labourers,mwt,1095.2
2022-09-01,occupation,labourers,nld,750.0
2022-09-01,occupation,labourers,otg,1232.0
2022-09-01,occupation,labourers,wai,957.4
2022-09-01,occupation,labourers,wlg,711.0
2022-09-01,occupation,machinery_drivers,akl,667.5
2022-09-01,occupation,machinery_drivers,bop,884.4
2022-09-01,occupation,machinery_drivers,cant,737.4
2022-09-01,occupation,machinery_drivers,gis,892.8
2022-09-01,occupation,machinery_drivers,mrl,605.8
2022-09-01,occupation,machinery_drivers,mwt,772.1
2022-09-01,occupation,machinery_drivers,nld,966.7
2022-09-01,occupation,machinery_drivers,otg,1025.7
2022-09-01,occupation,machinery_drivers,wai,697.1
2022-09-01,occupation,machinery_drivers,wlg,529.5
2022-09-01,occupation,managers,akl,182.9
2022-09-01,occupation,managers,bop,417.8
2022-09-01,occupation,managers,cant,236.3
2022-09-01,occupation,managers,gis,491.9
2022-09-01,occupation,managers,mrl,308.0
2022-09-01,occupation,managers,mwt,309.9
2022-09-01,occupation,managers,nld,472.3
2022-09-01,occupation,managers,otg,372.9
2022-09-01,occupation,managers,wai,303.5
2022-09-01,occupation,managers,wlg,163.9
2022-09-01,occupation,professionals,akl,191.0
2022-09-01,occupation,professionals,bop,466.8
2022-09-01,occupation,professionals,cant,251.5
2022-09-01,occupation,professionals,gis,320.6
2022-09-01,occupation,professionals,mrl,262.7
2022-09-01,occupation,professionals,mwt,324.5
2022-09-01,occupation,professionals,nld,309.7
2022-09-01,occupation,professionals,otg,334.6
2022-09-01,occupation,professionals,wai,260.7
2022-09-01,occupation,professionals,wlg,198.9
2022-09-01,occupation,sales,akl,301.8
2022-09-01,occupation,sales,bop,519.7
2022-09-01,occupation,sales,cant,336.0
2022-09-01,occupation,sales,gis,430.2
2022-09-01,occupation,sales,mrl,430.2
2022-09-01,occupation,sales,mwt,416.9
2022-09-01,occupation,sales,nld,395.7
2022-09-01,occupation,sales,otg,531.5
2022-09-01,occupation,sales,wai,401.3
2022-09-01,occupation,sales,wlg,304.4
2022-09-01,occupation,trades_and_technical,akl,413.5
2022-09-01,occupation,trades_and_technical,bop,614.2
2022-09-01,occupation,trades_and_technical,cant,427.2
2022-09-01,occupation,trades_and_technical,gis,559.2
2022-09-01,occupation,trades_and_technical,mrl,504.2
2022-09-01,occupation,trades_and_technical,mwt,502.6
2022-09-01,occupation,trades_and_technical,nld,631.0
2022-09-01,occupation,trades_and_technical,otg,704.6
2022-09-01,occupation,trades_and_technical,wai,570.4
2022-09-01,occupation,trades_and_technical,wlg,308.0
2022-09-01,skill_level,highly_skilled,akl,189.63
2022-09-01,skill_level,highly_skilled,bop,567.16
2022-09-01,skill_level,highly_skilled,cant,263.88
2022-09-01,skill_level,highly_skilled,gis,475.12
2022-09-01,skill_level,highly_skilled,mrl,357.17
2022-09-01,skill_level,highly_skilled,mwt,404.79
2022-09-01,skill_level,highly_skilled,nld,467.03
2022-09-01,skill_level,highly_skilled,otg,416.52
2022-09-01,skill_level,highly_skilled,wai,311.89
2022-09-01,skill_level,highly_skilled,wlg,190.84
2022-09-01,skill_level,low_skilled,akl,331.64
2022-09-01,skill_level,low_skilled,bop,605.16
2022-09-01,skill_level,low_skilled,cant,408.5
2022-09-01,skill_level,low_skilled,gis,589.97
2022-09-01,skill_level,low_skilled,mrl,527.35
2022-09-01,skill_level,low_skilled,mwt,579.45
2022-09-01,skill_level,low_skilled,nld,597.36
2022-09-01,skill_level,low_skilled,otg,767.93
2022-09-01,skill_level,low_skilled,wai,556.07
2022-09-01,skill_level,low_skilled,wlg,317.03
2022-09-01,skill_level,semi_skilled,akl,445.96
2022-09-01,skill_level,semi_skilled,bop,695.96
2022-09-01,skill_level,semi_skilled,cant,481.87
2022-09-01,skill_level,semi_skilled,gis,644.59
2022-09-01,skill_level,semi_skilled,mrl,653.39
2022-09-01,skill_level,semi_skilled,mwt,583.98
2022-09-01,skill_level,semi_skilled,nld,571.74
2022-09-01,skill_level,semi_skilled,otg,803.92
2022-09-01,skill_level,semi_skilled,wai,619.8
2022-09-01,skill_level,semi_skilled,wlg,380.48
2022-09-01,skill_level,skilled,akl,254.17
2022-09-01,skill_level,skilled,bop,367.09
2022-09-01,skill_level,skilled,cant,254.64
2022-09-01,skill_level,skilled,gis,332.65
2022-09-01,skill_level,skilled,mrl,262.2
2022-09-01,skill_level,skilled,mwt,285.7
2022-09-01,skill_level,skilled,nld,300.45
2022-09-01,skill_level,skilled,otg,395.54
2022-09-01,skill_level,skilled,wai,298.74
2022-09-01,skill_level,skilled,wlg,242.77
2022-09-01,skill_level,unskilled,akl,478.56
2022-09-01,skill_level,unskilled,bop,689.2
2022-09-01,skill_level,unskilled,cant,443.07
2022-09-01,skill_level,unskilled,gis,742.4
2022-09-01,skill_level,unskilled,mrl,644.54
2022-09-01,skill_level,unskilled,mwt,655.1
2022-09-01,skill_level,unskilled,nld,700.0
2022-09-01,skill_level,unskilled,otg,807.44
2022-09-01,skill_level,unskilled,wai,557.24
2022-09-01,skill_level,unskilled,wlg,414.6
2022-12-01,industry,accounting,akl,146.57
2022-12-01,industry,accounting,bop,425.28
2022-12-01,industry,accounting,cant,190.82
2022-12-01,industry,accounting,gis,499.29
2022-12-01,industry,accounting,mrl,314.37
2022-12-01,industry,accounting,mwt,376.03
2022-12-01,industry,accounting,nld,330.77
2022-12-01,industry,accounting,otg,388.01
2022-12-01,industry,accounting,wai,259.55
2022-12-01,industry,accounting,wlg,177.81
2022-12-01,industry,construction,akl,291.46
2022-12-01,industry,construction,bop,526.71
2022-12-01,industry,construction,cant,304.69
2022-12-01,industry,construction,gis,494.7
2022-12-01,industry,construction,mrl,506.36
2022-12-01,industry,construction,mwt,405.71
2022-12-01,industry,construction,nld,547.3
2022-12-01,industry,construction,otg,647.86
2022-12-01,industry,construction,wai,410.97
2022-12-01,industry,construction,wlg,264.5
2022-12-01,industry,education,akl,177.35
2022-12-01,industry,education,bop,182.95
2022-12-01,industry,education,cant,167.73
2022-12-01,industry,education,gis,189.8
2022-12-01,industry,education,mrl,150.43
2022-12-01,industry,education,mwt,186.18
2022-12-01,industry,education,nld,171.23
2022-12-01,industry,education,otg,184.54
2022-12-01,industry,education,wai,204.95
2022-12-01,industry,education,wlg,188.74
2022-12-01,industry,health,akl,213.82
2022-12-01,industry,health,bop,634.57
2022-12-01,industry,health,cant,350.53
2022-12-01,industry,health,gis,433.13
2022-12-01,industry,health,mrl,540.12
2022-12-01,industry,health,mwt,519.93
2022-12-01,industry,health,nld,443.14
2022-12-01,industry,health,otg,548.65
2022-12-01,industry,health,wai,330.17
2022-12-01,industry,health,wlg,312.24
2022-12-01,industry,hospitality,akl,333.86
2022-12-01,industry,hospitality,bop,406.4
2022-12-01,industry,hospitality,cant,250.08
2022-12-01,industry,hospitality,gis,375.2
2022-12-01,industry,hospitality,mrl,348.39
2022-12-01,industry,hospitality,mwt,422.56
2022-12-01,industry,hospitality,nld,486.21
2022-12-01,industry,hospitality,otg,622.36
2022-12-01,industry,hospitality,wai,374.11
2022-12-01,industry,hospitality,wlg,305.14
2022-12-01,industry,it,akl,90.83
2022-12-01,industry,it,bop,301.2
2022-12-01,industry,it,cant,176.09
2022-12-01,industry,it,gis,344.44
2022-12-01,industry,it,mrl,211.54
2022-12-01,industry,it,mwt,236.47
2022-12-01,industry,it,nld,335.71
2022-12-01,industry,it,otg,232.26
2022-12-01,industry,it,wai,181.91
2022-12-01,industry,it,wlg,72.36
2022-12-01,industry,manufacturing,akl,345.15
2022-12-01,industry,manufacturing,bop,657.75
2022-12-01,industry,manufacturing,cant,509.95
2022-12-01,industry,manufacturing,gis,717.74
2022-12-01,industry,manufacturing,mrl,798.91
2022-12-01,industry,manufacturing,mwt,483.48
2022-12-01,industry,manufacturing,nld,644.64
2022-12-01,industry,manufacturing,otg,813.75
2022-12-01,industry,manufacturing,wai,531.83
2022-12-01,industry,manufacturing,wlg,335.15
2022-12-01,industry,other,akl,388.99
2022-12-01,industry,other,bop,730.77
2022-12-01,industry,other,cant,626.51
2022-12-01,industry,other,gis,680.26
2022-12-01,industry,other,mrl,560.53
2022-12-01,industry,other,mwt,560.26
2022-12-01,industry,other,nld,994.12
2022-12-01,industry,other,otg,953.57
2022-12-01,industry,other,wai,524.87
2022-12-01,industry,other,wlg,326.75
2022-12-01,industry,primary,akl,272.79
2022-12-01,industry,primary,bop,634.09
2022-12-01,industry,primary,cant,302.47
2022-12-01,industry,primary,gis,569.84
2022-12-01,industry,primary,mrl,386.02
2022-12-01,industry,primary,mwt,385.71
2022-12-01,industry,primary,nld,315.38
2022-12-01,industry,primary,otg,296.33
2022-12-01,industry,primary,wai,393.68
2022-12-01,industry,primary,wlg,334.33
2022-12-01,industry,sales,akl,150.58
2022-12-01,industry,sales,bop,273.24
2022-12-01,industry,sales,cant,171.63
2022-12-01,industry,sales,gis,331.0
2022-12-01,industry,sales,mrl,246.88
2022-12-01,industry,sales,mwt,215.18
2022-12-01,industry,sales,nld,343.08
2022-12-01,industry,sales,otg,313.38
2022-12-01,industry,sales,wai,223.18
2022-12-01,industry,sales,wlg,136.52
2022-12-01,occupation,clerical_admin,akl,165.0
2022-12-01,occupation,clerical_admin,bop,445.6
2022-12-01,occupation,clerical_admin,cant,196.9
2022-12-01,occupation,clerical_admin,gis,590.3
2022-12-01,occupation,clerical_admin,mrl,407.6
2022-12-01,occupation,clerical_admin,mwt,398.5
2022-12-01,occupation,clerical_admin,nld,477.0
2022-12-01,occupation,clerical_admin,otg,529.1
2022-12-01,occupation,clerical_admin,wai,319.0
2022-12-01,occupation,clerical_admin,wlg,175.6
2022-12-01,occupation,community_services,akl,326.8
2022-12-01,occupation,community_services,bop,413.2
2022-12-01,occupation,community_services,cant,289.6
2022-12-01,occupation,community_services,gis,411.0
2022-12-01,occupation,community_services,mrl,461.5
2022-12-01,occupation,community_services,mwt,514.5
2022-12-01,occupation,community_services,nld,617.1
2022-12-01,occupation,community_services,otg,689.0
2022-12-01,occupation,community_services,wai,437.3
2022-12-01,occupation,community_services,wlg,345.0
2022-12-01,occupation,labourers,akl,568.5
2022-12-01,occupation,labourers,bop,766.3
2022-12-01,occupation,labourers,cant,522.6
2022-12-01,occupation,labourers,gis,720.3
2022-12-01,occupation,labourers,mrl,812.5
2022-12-01,occupation,labourers,mwt,854.8
2022-12-01,occupation,labourers,nld,576.2
2022-12-01,occupation,labourers,otg,1012.4
2022-12-01,occupation,labourers,wai,676.5
2022-12-01,occupation,labourers,wlg,492.5
2022-12-01,occupation,machinery_drivers,akl,519.9
2022-12-01,occupation,machinery_drivers,bop,684.4
2022-12-01,occupation,machinery_drivers,cant,579.0
2022-12-01,occupation,machinery_drivers,gis,743.5
2022-12-01,occupation,machinery_drivers,mrl,493.0
2022-12-01,occupation,machinery_drivers,mwt,554.8
2022-12-01,occupation,machinery_drivers,nld,746.7
2022-12-01,occupation,machinery_drivers,otg,783.2
2022-12-01,occupation,machinery_drivers,wai,526.9
2022-12-01,occupation,machinery_drivers,wlg,437.4
2022-12-01,occupation,managers,akl,147.0
2022-12-01,occupation,managers,bop,364.3
2022-12-01,occupation,managers,cant,198.1
2022-12-01,occupation,managers,gis,439.5
2022-12-01,occupation,managers,mrl,253.9
2022-12-01,occupation,managers,mwt,242.8
2022-12-01,occupation,managers,nld,353.5
2022-12-01,occupation,managers,otg,355.7
2022-12-01,occupation,managers,wai,250.9
2022-12-01,occupation,managers,wlg,130.8
2022-12-01,occupation,professionals,akl,148.2
2022-12-01,occupation,professionals,bop,386.3
2022-12-01,occupation,professionals,cant,210.3
2022-12-01,occupation,professionals,gis,312.6
2022-12-01,occupation,professionals,mrl,246.1
2022-12-01,occupation,professionals,mwt,300.9
2022-12-01,occupation,professionals,nld,297.1
2022-12-01,occupation,professionals,otg,306.1
2022-12-01,occupation,professionals,wai,234.3
2022-12-01,occupation,professionals,wlg,157.3
2022-12-01,occupation,sales,akl,221.8
2022-12-01,occupation,sales,bop,378.1
2022-12-01,occupation,sales,cant,244.3
2022-12-01,occupation,sales,gis,359.5
2022-12-01,occupation,sales,mrl,321.6
2022-12-01,occupation,sales,mwt,295.0
2022-12-01,occupation,sales,nld,331.5
2022-12-01,occupation,sales,otg,440.5
2022-12-01,occupation,sales,wai,333.1
2022-12-01,occupation,sales,wlg,213.8
2022-12-01,occupation,trades_and_technical,akl,309.3
2022-12-01,occupation,trades_and_technical,bop,497.1
2022-12-01,occupation,trades_and_technical,cant,321.2
2022-12-01,occupation,trades_and_technical,gis,431.2
2022-12-01,occupation,trades_and_technical,mrl,409.3
2022-12-01,occupation,trades_and_technical,mwt,434.6
2022-12-01,occupation,trades_and_technical,nld,524.6
2022-12-01,occupation,trades_and_technical,otg,524.3
2022-12-01,occupation,trades_and_technical,wai,432.8
2022-12-01,occupation,trades_and_technical,wlg,247.9
2022-12-01,skill_level,highly_skilled,akl,147.2
2022-12-01,skill_level,highly_skilled,bop,463.24
2022-12-01,skill_level,highly_skilled,cant,219.79
2022-12-01,skill_level,highly_skilled,gis,431.95
2022-12-01,skill_level,highly_skilled,mrl,317.89
2022-12-01,skill_level,highly_skilled,mwt,352.53
2022-12-01,skill_level,highly_skilled,nld,400.8
2022-12-01,skill_level,highly_skilled,otg,380.89
2022-12-01,skill_level,highly_skilled,wai,262.72
2022-12-01,skill_level,highly_skilled,wlg,148.03
2022-12-01,skill_level,low_skilled,akl,244.9
2022-12-01,skill_level,low_skilled,bop,451.36
2022-12-01,skill_level,low_skilled,cant,299.42
2022-12-01,skill_level,low_skilled,gis,475.37
2022-12-01,skill_level,low_skilled,mrl,446.85
2022-12-01,skill_level,low_skilled,mwt,460.36
2022-12-01,skill_level,low_skilled,nld,499.04
2022-12-01,skill_level,low_skilled,otg,605.91
2022-12-01,skill_level,low_skilled,wai,405.51
2022-12-01,skill_level,low_skilled,wlg,240.45
2022-12-01,skill_level,semi_skilled,akl,329.01
2022-12-01,skill_level,semi_skilled,bop,575.25
2022-12-01,skill_level,semi_skilled,cant,360.98
2022-12-01,skill_level,semi_skilled,gis,478.38
2022-12-01,skill_level,semi_skilled,mrl,478.81
2022-12-01,skill_level,semi_skilled,mwt,504.46
2022-12-01,skill_level,semi_skilled,nld,485.87
2022-12-01,skill_level,semi_skilled,otg,598.53
2022-12-01,skill_level,semi_skilled,wai,472.61
2022-12-01,skill_level,semi_skilled,wlg,288.53
2022-12-01,skill_level,skilled,akl,199.9
2022-12-01,skill_level,skilled,bop,311.2
2022-12-01,skill_level,skilled,cant,214.97
2022-12-01,skill_level,skilled,gis,287.65
2022-12-01,skill_level,skilled,mrl,241.85
2022-12-01,skill_level,skilled,mwt,240.52
2022-12-01,skill_level,skilled,nld,269.37
2022-12-01,skill_level,skilled,otg,328.81
2022-12-01,skill_level,skilled,wai,258.99
2022-12-01,skill_level,skilled,wlg,199.37
2022-12-01,skill_level,unskilled,akl,358.26
2022-12-01,skill_level,unskilled,bop,539.25
2022-12-01,skill_level,unskilled,cant,341.31
2022-12-01,skill_level,unskilled,gis,644.8
2022-12-01,skill_level,unskilled,mrl,543.32
2022-12-01,skill_level,unskilled,mwt,521.31
2022-12-01,skill_level,unskilled,nld,558.57
2022-12-01,skill_level,unskilled,otg,674.42
2022-12-01,skill_level,unskilled,wai,459.21
2022-12-01,skill_level,unskilled,wlg,297.39
2023-03-01,industry,accounting,akl,169.31
2023-03-01,industry,accounting,bop,492.83
2023-03-01,industry,accounting,cant,238.55
2023-03-01,industry,accounting,gis,525.53
2023-03-01,industry,accounting,mrl,366.09
2023-03-01,industry,accounting,mwt,416.85
2023-03-01,industry,accounting,nld,326.15
2023-03-01,industry,accounting,otg,424.66
2023-03-01,industry,accounting,wai,307.18
2023-03-01,industry,accounting,wlg,217.42
2023-03-01,industry,construction,akl,318.95
2023-03-01,industry,construction,bop,548.17
2023-03-01,industry,construction,cant,342.83
2023-03-01,industry,construction,gis,516.29
2023-03-01,industry,construction,mrl,533.47
2023-03-01,industry,construction,mwt,381.9
2023-03-01,industry,construction,nld,574.32
2023-03-01,industry,construction,otg,673.3
2023-03-01,industry,construction,wai,431.65
2023-03-01,industry,construction,wlg,296.9
2023-03-01,industry,education,akl,164.0
2023-03-01,industry,education,bop,144.59
2023-03-01,industry,education,cant,139.27
2023-03-01,industry,education,gis,131.84
2023-03-01,industry,education,mrl,128.7
2023-03-01,industry,education,mwt,134.96
2023-03-01,industry,education,nld,135.62
2023-03-01,industry,education,otg,151.1
2023-03-01,industry,education,wai,166.02
2023-03-01,industry,education,wlg,167.54
2023-03-01,industry,health,akl,238.95
2023-03-01,industry,health,bop,641.99
2023-03-01,industry,health,cant,417.34
2023-03-01,industry,health,gis,425.26
2023-03-01,industry,health,mrl,607.14
2023-03-01,industry,health,mwt,501.43
2023-03-01,industry,health,nld,436.69
2023-03-01,industry,health,otg,586.31
2023-03-01,industry,health,wai,379.8
2023-03-01,industry,health,wlg,329.74
2023-03-01,industry,hospitality,akl,337.62
2023-03-01,industry,hospitality,bop,449.75
2023-03-01,industry,hospitality,cant,278.95
2023-03-01,industry,hospitality,gis,383.2
2023-03-01,industry,hospitality,mrl,303.23
2023-03-01,industry,hospitality,mwt,449.62
2023-03-01,industry,hospitality,nld,510.34
2023-03-01,industry,hospitality,otg,608.13
2023-03-01,industry,hospitality,wai,376.34
2023-03-01,industry,hospitality,wlg,340.95
2023-03-01,industry,it,akl,86.18
2023-03-01,industry,it,bop,232.53
2023-03-01,industry,it,cant,176.09
2023-03-01,industry,it,gis,270.37
2023-03-01,industry,it,mrl,215.38
2023-03-01,industry,it,mwt,180.0
2023-03-01,industry,it,nld,385.71
2023-03-01,industry,it,otg,265.59
2023-03-01,industry,it,wai,170.35
2023-03-01,industry,it,wlg,83.01
2023-03-01,industry,manufacturing,akl,347.06
2023-03-01,industry,manufacturing,bop,708.56
2023-03-01,industry,manufacturing,cant,560.04
2023-03-01,industry,manufacturing,gis,716.94
2023-03-01,industry,manufacturing,mrl,893.48
2023-03-01,industry,manufacturing,mwt,542.61
2023-03-01,industry,manufacturing,nld,676.79
2023-03-01,industry,manufacturing,otg,764.38
2023-03-01,industry,manufacturing,wai,570.42
2023-03-01,industry,manufacturing,wlg,388.28
2023-03-01,industry,other,akl,446.88
2023-03-01,industry,other,bop,776.92
2023-03-01,industry,other,cant,670.23
2023-03-01,industry,other,gis,689.47
2023-03-01,industry,other,mrl,636.84
2023-03-01,industry,other,mwt,531.13
2023-03-01,industry,other,nld,1117.65
2023-03-01,industry,other,otg,1002.38
2023-03-01,industry,other,wai,550.26
2023-03-01,industry,other,wlg,379.18
2023-03-01,industry,primary,akl,324.49
2023-03-01,industry,primary,bop,804.55
2023-03-01,industry,primary,cant,351.85
2023-03-01,industry,primary,gis,526.98
2023-03-01,industry,primary,mrl,354.84
2023-03-01,industry,primary,mwt,472.86
2023-03-01,industry,primary,nld,305.13
2023-03-01,industry,primary,otg,341.28
2023-03-01,industry,primary,wai,493.68
2023-03-01,industry,primary,wlg,382.09
2023-03-01,industry,sales,akl,162.2
2023-03-01,industry,sales,bop,317.03
2023-03-01,industry,sales,cant,195.5
2023-03-01,industry,sales,gis,372.5
2023-03-01,industry,sales,mrl,270.54
2023-03-01,industry,sales,mwt,227.47
2023-03-01,industry,sales,nld,309.23
2023-03-01,industry,sales,otg,329.25
2023-03-01,industry,sales,wai,235.15
2023-03-01,industry,sales,wlg,163.86
2023-03-01,occupation,clerical_admin,akl,185.9
2023-03-01,occupation,clerical_admin,bop,510.1
2023-03-01,occupation,clerical_admin,cant,242.4
2023-03-01,occupation,clerical_admin,gis,583.2
2023-03-01,occupation,clerical_admin,mrl,476.5
2023-03-01,occupation,clerical_admin,mwt,388.2
2023-03-01,occupation,clerical_admin,nld,480.4
2023-03-01,occupation,clerical_admin,otg,569.5
2023-03-01,occupation,clerical_admin,wai,375.2
2023-03-01,occupation,clerical_admin,wlg,216.0
2023-03-01,occupation,community_services,akl,361.9
2023-03-01,occupation,community_services,bop,439.0
2023-03-01,occupation,community_services,cant,339.9
2023-03-01,occupation,community_services,gis,455.1
2023-03-01,occupation,community_services,mrl,520.9
2023-03-01,occupation,community_services,mwt,522.1
2023-03-01,occupation,community_services,nld,599.1
2023-03-01,occupation,community_services,otg,742.2
2023-03-01,occupation,community_services,wai,515.2
2023-03-01,occupation,community_services,wlg,396.7
2023-03-01,occupation,labourers,akl,626.4
2023-03-01,occupation,labourers,bop,821.4
2023-03-01,occupation,labourers,cant,604.4
2023-03-01,occupation,labourers,gis,717.8
2023-03-01,occupation,labourers,mrl,764.2
2023-03-01,occupation,labourers,mwt,942.9
2023-03-01,occupation,labourers,nld,726.2
2023-03-01,occupation,labourers,otg,1114.4
2023-03-01,occupation,labourers,wai,783.8
2023-03-01,occupation,labourers,wlg,603.2
2023-03-01,occupation,machinery_drivers,akl,569.2
2023-03-01,occupation,machinery_drivers,bop,832.3
2023-03-01,occupation,machinery_drivers,cant,663.0
2023-03-01,occupation,machinery_drivers,gis,821.7
2023-03-01,occupation,machinery_drivers,mrl,555.5
2023-03-01,occupation,machinery_drivers,mwt,731.7
2023-03-01,occupation,machinery_drivers,nld,810.0
2023-03-01,occupation,machinery_drivers,otg,809.9
2023-03-01,occupation,machinery_drivers,wai,561.4
2023-03-01,occupation,machinery_drivers,wlg,505.3
2023-03-01,occupation,managers,akl,149.1
2023-03-01,occupation,managers,bop,353.0
2023-03-01,occupation,managers,cant,204.5
2023-03-01,occupation,managers,gis,449.7
2023-03-01,occupation,managers,mrl,267.7
2023-03-01,occupation,managers,mwt,244.0
2023-03-01,occupation,managers,nld,394.1
2023-03-01,occupation,managers,otg,353.6
2023-03-01,occupation,managers,wai,266.7
2023-03-01,occupation,managers,wlg,146.6
2023-03-01,occupation,professionals,akl,155.4
2023-03-01,occupation,professionals,bop,376.8
2023-03-01,occupation,professionals,cant,220.0
2023-03-01,occupation,professionals,gis,265.3
2023-03-01,occupation,professionals,mrl,251.0
2023-03-01,occupation,professionals,mwt,258.9
2023-03-01,occupation,professionals,nld,279.2
2023-03-01,occupation,professionals,otg,299.8
2023-03-01,occupation,professionals,wai,230.5
2023-03-01,occupation,professionals,wlg,170.8
2023-03-01,occupation,sales,akl,242.5
2023-03-01,occupation,sales,bop,445.4
2023-03-01,occupation,sales,cant,300.3
2023-03-01,occupation,sales,gis,417.5
2023-03-01,occupation,sales,mrl,391.4
2023-03-01,occupation,sales,mwt,337.4
2023-03-01,occupation,sales,nld,302.2
2023-03-01,occupation,sales,otg,441.9
2023-03-01,occupation,sales,wai,331.5
2023-03-01,occupation,sales,wlg,250.5
2023-03-01,occupation,trades_and_technical,akl,326.2
2023-03-01,occupation,trades_and_technical,bop,533.4
2023-03-01,occupation,trades_and_technical,cant,353.8
2023-03-01,occupation,trades_and_technical,gis,428.6
2023-03-01,occupation,trades_and_technical,mrl,406.5
2023-03-01,occupation,trades_and_technical,mwt,412.7
2023-03-01,occupation,trades_and_technical,nld,479.4
2023-03-01,occupation,trades_and_technical,otg,563.9
2023-03-01,occupation,trades_and_technical,wai,443.2
2023-03-01,occupation,trades_and_technical,wlg,269.2
2023-03-01,skill_level,highly_skilled,akl,156.3
2023-03-01,skill_level,highly_skilled,bop,459.7
2023-03-01,skill_level,highly_skilled,cant,237.9
2023-03-01,skill_level,highly_skilled,gis,404.69
2023-03-01,skill_level,highly_skilled,mrl,346.75
2023-03-01,skill_level,highly_skilled,mwt,335.47
2023-03-01,skill_level,highly_skilled,nld,413.99
2023-03-01,skill_level,highly_skilled,otg,390.68
2023-03-01,skill_level,highly_skilled,wai,276.18
2023-03-01,skill_level,highly_skilled,wlg,167.82
2023-03-01,skill_level,low_skilled,akl,270.02
2023-03-01,skill_level,low_skilled,bop,527.56
2023-03-01,skill_level,low_skilled,cant,360.99
2023-03-01,skill_level,low_skilled,gis,497.7
2023-03-01,skill_level,low_skilled,mrl,505.16
2023-03-01,skill_level,low_skilled,mwt,516.64
2023-03-01,skill_level,low_skilled,nld,502.22
2023-03-01,skill_level,low_skilled,otg,637.97
2023-03-01,skill_level,low_skilled,wai,455.1
2023-03-01,skill_level,low_skilled,wlg,282.89
2023-03-01,skill_level,semi_skilled,akl,379.08
2023-03-01,skill_level,semi_skilled,bop,643.94
2023-03-01,skill_level,semi_skilled,cant,421.17
2023-03-01,skill_level,semi_skilled,gis,486.49
2023-03-01,skill_level,semi_skilled,mrl,553.39
2023-03-01,skill_level,semi_skilled,mwt,484.71
2023-03-01,skill_level,semi_skilled,nld,459.78
2023-03-01,skill_level,semi_skilled,otg,642.16
2023-03-01,skill_level,semi_skilled,wai,504.62
2023-03-01,skill_level,semi_skilled,wlg,338.92
2023-03-01,skill_level,skilled,akl,197.78
2023-03-01,skill_level,skilled,bop,306.92
2023-03-01,skill_level,skilled,cant,215.33
2023-03-01,skill_level,skilled,gis,268.64
2023-03-01,skill_level,skilled,mrl,233.66
2023-03-01,skill_level,skilled,mwt,204.5
2023-03-01,skill_level,skilled,nld,240.63
2023-03-01,skill_level,skilled,otg,336.25
2023-03-01,skill_level,skilled,wai,260.51
2023-03-01,skill_level,skilled,wlg,204.2
2023-03-01,skill_level,unskilled,akl,380.51
2023-03-01,skill_level,unskilled,bop,575.88
2023-03-01,skill_level,unskilled,cant,386.57
2023-03-01,skill_level,unskilled,gis,672.0
2023-03-01,skill_level,unskilled,mrl,500.15
2023-03-01,skill_level,unskilled,mwt,545.29
2023-03-01,skill_level,unskilled,nld,567.14
2023-03-01,skill_level,unskilled,otg,685.12
2023-03-01,skill_level,unskilled,wai,462.83
2023-03-01,skill_level,unskilled,wlg,353.01
2023-06-01,industry,accounting,akl,162.17
2023-06-01,industry,accounting,bop,467.55
2023-06-01,industry,accounting,cant,221.95
2023-06-01,industry,accounting,gis,553.9
2023-06-01,industry,accounting,mrl,354.6
2023-06-01,industry,accounting,mwt,356.93
2023-06-01,industry,accounting,nld,358.46
2023-06-01,industry,accounting,otg,381.16
2023-06-01,industry,accounting,wai,272.78
2023-06-01,industry,accounting,wlg,205.07
2023-06-01,industry,construction,akl,284.53
2023-06-01,industry,construction,bop,471.0
2023-06-01,industry,construction,cant,293.32
2023-06-01,industry,construction,gis,562.5
2023-06-01,industry,construction,mrl,461.44
2023-06-01,industry,construction,mwt,334.29
2023-06-01,industry,construction,nld,545.27
2023-06-01,industry,construction,otg,576.32
2023-06-01,industry,construction,wai,377.22
2023-06-01,industry,construction,wlg,263.97
2023-06-01,industry,education,akl,160.23
2023-06-01,industry,education,bop,142.3
2023-06-01,industry,education,cant,138.51
2023-06-01,industry,education,gis,126.94
2023-06-01,industry,education,mrl,122.61
2023-06-01,industry,education,mwt,136.86
2023-06-01,industry,education,nld,142.47
2023-06-01,industry,education,otg,146.06
2023-06-01,industry,education,wai,158.92
2023-06-01,industry,education,wlg,142.11
2023-06-01,industry,health,akl,237.62
2023-06-01,industry,health,bop,655.17
2023-06-01,industry,health,cant,356.69
2023-06-01,industry,health,gis,472.46
2023-06-01,industry,health,mrl,566.03
2023-06-01,industry,health,mwt,493.32
2023-06-01,industry,health,nld,427.22
2023-06-01,industry,health,otg,594.63
2023-06-01,industry,health,wai,380.29
2023-06-01,industry,health,wlg,310.83
2023-06-01,industry,hospitality,akl,230.17
2023-06-01,industry,hospitality,bop,280.3
2023-06-01,industry,hospitality,cant,183.31
2023-06-01,industry,hospitality,gis,294.4
2023-06-01,industry,hospitality,mrl,232.9
2023-06-01,industry,hospitality,mwt,353.38
2023-06-01,industry,hospitality,nld,317.24
2023-06-01,industry,hospitality,otg,380.49
2023-06-01,industry,hospitality,wai,290.63
2023-06-01,industry,hospitality,wlg,240.19
2023-06-01,industry,it,akl,80.22
2023-06-01,industry,it,bop,181.93
2023-06-01,industry,it,cant,154.04
2023-06-01,industry,it,gis,188.89
2023-06-01,industry,it,mrl,253.85
2023-06-01,industry,it,mwt,161.18
2023-06-01,industry,it,nld,300.0
2023-06-01,industry,it,otg,258.06
2023-06-01,industry,it,wai,176.38
2023-06-01,industry,it,wlg,74.15
2023-06-01,industry,manufacturing,akl,282.01
2023-06-01,industry,manufacturing,bop,535.29
2023-06-01,industry,manufacturing,cant,417.05
2023-06-01,industry,manufacturing,gis,647.58
2023-06-01,industry,manufacturing,mrl,671.74
2023-06-01,industry,manufacturing,mwt,446.52
2023-06-01,industry,manufacturing,nld,587.5
2023-06-01,industry,manufacturing,otg,582.5
2023-06-01,industry,manufacturing,wai,445.66
2023-06-01,industry,manufacturing,wlg,343.6
2023-06-01,industry,other,akl,392.66
2023-06-01,industry,other,bop,725.0
2023-06-01,industry,other,cant,559.07
2023-06-01,industry,other,gis,706.58
2023-06-01,industry,other,mrl,572.37
2023-06-01,industry,other,mwt,461.59
2023-06-01,industry,other,nld,1038.24
2023-06-01,industry,other,otg,844.05
2023-06-01,industry,other,wai,504.76
2023-06-01,industry,other,wlg,356.79
2023-06-01,industry,primary,akl,289.12
2023-06-01,industry,primary,bop,693.18
2023-06-01,industry,primary,cant,305.56
2023-06-01,industry,primary,gis,479.37
2023-06-01,industry,primary,mrl,324.73
2023-06-01,industry,primary,mwt,420.0
2023-06-01,industry,primary,nld,297.44
2023-06-01,industry,primary,otg,303.67
2023-06-01,industry,primary,wai,475.79
2023-06-01,industry,primary,wlg,316.42
2023-06-01,industry,sales,akl,151.14
2023-06-01,industry,sales,bop,273.24
2023-06-01,industry,sales,cant,161.71
2023-06-01,industry,sales,gis,356.5
2023-06-01,industry,sales,mrl,208.48
2023-06-01,industry,sales,mwt,201.45
2023-06-01,industry,sales,nld,297.69
2023-06-01,industry,sales,otg,258.96
2023-06-01,industry,sales,wai,206.97
2023-06-01,industry,sales,wlg,141.75
2023-06-01,occupation,clerical_admin,akl,169.3
2023-06-01,occupation,clerical_admin,bop,444.8
2023-06-01,occupation,clerical_admin,cant,212.9
2023-06-01,occupation,clerical_admin,gis,614.2
2023-06-01,occupation,clerical_admin,mrl,432.5
2023-06-01,occupation,clerical_admin,mwt,371.5
2023-06-01,occupation,clerical_admin,nld,488.4
2023-06-01,occupation,clerical_admin,otg,469.0
2023-06-01,occupation,clerical_admin,wai,314.8
2023-06-01,occupation,clerical_admin,wlg,198.8
2023-06-01,occupation,community_services,akl,286.6
2023-06-01,occupation,community_services,bop,332.9
2023-06-01,occupation,community_services,cant,257.4
2023-06-01,occupation,community_services,gis,416.2
2023-06-01,occupation,community_services,mrl,413.5
2023-06-01,occupation,community_services,mwt,449.4
2023-06-01,occupation,community_services,nld,570.6
2023-06-01,occupation,community_services,otg,613.6
2023-06-01,occupation,community_services,wai,414.3
2023-06-01,occupation,community_services,wlg,320.0
2023-06-01,occupation,labourers,akl,501.6
2023-06-01,occupation,labourers,bop,612.2
2023-06-01,occupation,labourers,cant,460.0
2023-06-01,occupation,labourers,gis,714.1
2023-06-01,occupation,labourers,mrl,636.4
2023-06-01,occupation,labourers,mwt,759.5
2023-06-01,occupation,labourers,nld,559.5
2023-06-01,occupation,labourers,otg,801.0
2023-06-01,occupation,labourers,wai,669.1
2023-06-01,occupation,labourers,wlg,476.2
2023-06-01,occupation,machinery_drivers,akl,478.9
2023-06-01,occupation,machinery_drivers,bop,685.4
2023-06-01,occupation,machinery_drivers,cant,503.2
2023-06-01,occupation,machinery_drivers,gis,792.8
2023-06-01,occupation,machinery_drivers,mrl,392.4
2023-06-01,occupation,machinery_drivers,mwt,567.3
2023-06-01,occupation,machinery_drivers,nld,800.0
2023-06-01,occupation,machinery_drivers,otg,644.6
2023-06-01,occupation,machinery_drivers,wai,473.7
2023-06-01,occupation,machinery_drivers,wlg,462.6
2023-06-01,occupation,managers,akl,138.5
2023-06-01,occupation,managers,bop,316.5
2023-06-01,occupation,managers,cant,179.4
2023-06-01,occupation,managers,gis,423.8
2023-06-01,occupation,managers,mrl,255.0
2023-06-01,occupation,managers,mwt,205.7
2023-06-01,occupation,managers,nld,357.4
2023-06-01,occupation,managers,otg,288.8
2023-06-01,occupation,managers,wai,234.6
2023-06-01,occupation,managers,wlg,131.6
2023-06-01,occupation,professionals,akl,150.7
2023-06-01,occupation,professionals,bop,374.3
2023-06-01,occupation,professionals,cant,205.5
2023-06-01,occupation,professionals,gis,287.7
2023-06-01,occupation,professionals,mrl,241.8
2023-06-01,occupation,professionals,mwt,248.5
2023-06-01,occupation,professionals,nld,276.8
2023-06-01,occupation,professionals,otg,283.8
2023-06-01,occupation,professionals,wai,232.0
2023-06-01,occupation,professionals,wlg,164.6
2023-06-01,occupation,sales,akl,225.7
2023-06-01,occupation,sales,bop,384.2
2023-06-01,occupation,sales,cant,235.8
2023-06-01,occupation,sales,gis,408.7
2023-06-01,occupation,sales,mrl,307.8
2023-06-01,occupation,sales,mwt,287.6
2023-06-01,occupation,sales,nld,290.2
2023-06-01,occupation,sales,otg,353.6
2023-06-01,occupation,sales,wai,286.7
2023-06-01,occupation,sales,wlg,205.1
2023-06-01,occupation,trades_and_technical,akl,276.0
2023-06-01,occupation,trades_and_technical,bop,434.4
2023-06-01,occupation,trades_and_technical,cant,289.6
2023-06-01,occupation,trades_and_technical,gis,437.6
2023-06-01,occupation,trades_and_technical,mrl,361.2
2023-06-01,occupation,trades_and_technical,mwt,375.3
2023-06-01,occupation,trades_and_technical,nld,438.9
2023-06-01,occupation,trades_and_technical,otg,458.1
2023-06-01,occupation,trades_and_technical,wai,380.4
2023-06-01,occupation,trades_and_technical,wlg,224.0
2023-06-01,skill_level,highly_skilled,akl,147.43
2023-06-01,skill_level,highly_skilled,bop,444.4
2023-06-01,skill_level,highly_skilled,cant,216.26
2023-06-01,skill_level,highly_skilled,gis,427.59
2023-06-01,skill_level,highly_skilled,mrl,327.0
2023-06-01,skill_level,highly_skilled,mwt,305.75
2023-06-01,skill_level,highly_skilled,nld,395.93
2023-06-01,skill_level,highly_skilled,otg,357.78
2023-06-01,skill_level,highly_skilled,wai,266.87
2023-06-01,skill_level,highly_skilled,wlg,158.06
2023-06-01,skill_level,low_skilled,akl,230.92
2023-06-01,skill_level,low_skilled,bop,424.49
2023-06-01,skill_level,low_skilled,cant,281.48
2023-06-01,skill_level,low_skilled,gis,471.5
2023-06-01,skill_level,low_skilled,mrl,393.29
2023-06-01,skill_level,low_skilled,mwt,438.23
2023-06-01,skill_level,low_skilled,nld,491.06
2023-06-01,skill_level,low_skilled,otg,501.05
2023-06-01,skill_level,low_skilled,wai,374.55
2023-06-01,skill_level,low_skilled,wlg,249.4
2023-06-01,skill_level,semi_skilled,akl,329.01
2023-06-01,skill_level,semi_skilled,bop,543.94
2023-06-01,skill_level,semi_skilled,cant,351.06
2023-06-01,skill_level,semi_skilled,gis,537.16
2023-06-01,skill_level,semi_skilled,mrl,494.07
2023-06-01,skill_level,semi_skilled,mwt,432.04
2023-06-01,skill_level,semi_skilled,nld,444.57
2023-06-01,skill_level,semi_skilled,otg,557.84
2023-06-01,skill_level,semi_skilled,wai,445.21
2023-06-01,skill_level,semi_skilled,wlg,294.95
2023-06-01,skill_level,skilled,akl,183.82
2023-06-01,skill_level,skilled,bop,266.99
2023-06-01,skill_level,skilled,cant,188.55
2023-06-01,skill_level,skilled,gis,268.36
2023-06-01,skill_level,skilled,mrl,209.1
2023-06-01,skill_level,skilled,mwt,196.87
2023-06-01,skill_level,skilled,nld,222.25
2023-06-01,skill_level,skilled,otg,266.17
2023-06-01,skill_level,skilled,wai,235.07
2023-06-01,skill_level,skilled,wlg,179.86
2023-06-01,skill_level,unskilled,akl,326.43
2023-06-01,skill_level,unskilled,bop,452.79
2023-06-01,skill_level,unskilled,cant,298.98
2023-06-01,skill_level,unskilled,gis,641.6
2023-06-01,skill_level,unskilled,mrl,441.35
2023-06-01,skill_level,unskilled,mwt,457.34
2023-06-01,skill_level,unskilled,nld,507.14
2023-06-01,skill_level,unskilled,otg,532.56
2023-06-01,skill_level,unskilled,wai,382.24
2023-06-01,skill_level,unskilled,wlg,269.06
2023-09-01,industry,accounting,akl,148.74
2023-09-01,industry,accounting,bop,435.47
2023-09-01,industry,accounting,cant,200.88
2023-09-01,industry,accounting,gis,587.23
2023-09-01,industry,accounting,mrl,318.39
2023-09-01,industry,accounting,mwt,379.78
2023-09-01,industry,accounting,nld,342.31
2023-09-01,industry,accounting,otg,403.42
2023-09-01,industry,accounting,wai,282.61
2023-09-01,industry,accounting,wlg,182.44
2023-09-01,industry,construction,akl,264.86
2023-09-01,industry,construction,bop,454.79
2023-09-01,industry,construction,cant,276.07
2023-09-01,industry,construction,gis,598.11
2023-09-01,industry,construction,mrl,497.03
2023-09-01,industry,construction,mwt,340.57
2023-09-01,industry,construction,nld,492.57
2023-09-01,industry,construction,otg,652.39
2023-09-01,industry,construction,wai,369.9
2023-09-01,industry,construction,wlg,245.12
2023-09-01,industry,education,akl,148.23
2023-09-01,industry,education,bop,156.72
2023-09-01,industry,education,cant,160.43
2023-09-01,industry,education,gis,146.53
2023-09-01,industry,education,mrl,143.48
2023-09-01,industry,education,mwt,146.88
2023-09-01,industry,education,nld,144.29
2023-09-01,industry,education,otg,167.82
2023-09-01,industry,education,wai,158.49
2023-09-01,industry,education,wlg,153.36
2023-09-01,industry,health,akl,225.05
2023-09-01,industry,health,bop,567.82
2023-09-01,industry,health,cant,344.21
2023-09-01,industry,health,gis,482.82
2023-09-01,industry,health,mrl,504.07
2023-09-01,industry,health,mwt,519.93
2023-09-01,industry,health,nld,426.36
2023-09-01,industry,health,otg,576.68
2023-09-01,industry,health,wai,336.4
2023-09-01,industry,health,wlg,300.78
2023-09-01,industry,hospitality,akl,211.66
2023-09-01,industry,hospitality,bop,272.91
2023-09-01,industry,hospitality,cant,197.59
2023-09-01,industry,hospitality,gis,295.2
2023-09-01,industry,hospitality,mrl,271.61
2023-09-01,industry,hospitality,mwt,321.8
2023-09-01,industry,hospitality,nld,356.9
2023-09-01,industry,hospitality,otg,435.37
2023-09-01,industry,hospitality,wai,282.14
2023-09-01,industry,hospitality,wlg,217.9
2023-09-01,industry,it,akl,75.19
2023-09-01,industry,it,bop,143.37
2023-09-01,industry,it,cant,132.14
2023-09-01,industry,it,gis,240.74
2023-09-01,industry,it,mrl,203.85
2023-09-01,industry,it,mwt,185.88
2023-09-01,industry,it,nld,264.29
2023-09-01,industry,it,otg,196.77
2023-09-01,industry,it,wai,159.8
2023-09-01,industry,it,wlg,70.82
2023-09-01,industry,manufacturing,akl,245.81
2023-09-01,industry,manufacturing,bop,403.21
2023-09-01,industry,manufacturing,cant,375.49
2023-09-01,industry,manufacturing,gis,590.32
2023-09-01,industry,manufacturing,mrl,627.17
2023-09-01,industry,manufacturing,mwt,426.52
2023-09-01,industry,manufacturing,nld,500.0
2023-09-01,industry,manufacturing,otg,583.13
2023-09-01,industry,manufacturing,wai,436.98
2023-09-01,industry,manufacturing,wlg,306.81
2023-09-01,industry,other,akl,407.61
2023-09-01,industry,other,bop,706.73
2023-09-01,industry,other,cant,584.19
2023-09-01,industry,other,gis,726.32
2023-09-01,industry,other,mrl,590.79
2023-09-01,industry,other,mwt,498.01
2023-09-01,industry,other,nld,1120.59
2023-09-01,industry,other,otg,886.9
2023-09-01,industry,other,wai,549.21
2023-09-01,industry,other,wlg,356.92
2023-09-01,industry,primary,akl,297.28
2023-09-01,industry,primary,bop,534.09
2023-09-01,industry,primary,cant,311.73
2023-09-01,industry,primary,gis,515.87
2023-09-01,industry,primary,mrl,322.58
2023-09-01,industry,primary,mwt,337.14
2023-09-01,industry,primary,nld,338.46
2023-09-01,industry,primary,otg,352.29
2023-09-01,industry,primary,wai,463.16
2023-09-01,industry,primary,wlg,283.58
2023-09-01,industry,sales,akl,135.93
2023-09-01,industry,sales,bop,266.76
2023-09-01,industry,sales,cant,157.75
2023-09-01,industry,sales,gis,333.0
2023-09-01,industry,sales,mrl,226.34
2023-09-01,industry,sales,mwt,192.53
2023-09-01,industry,sales,nld,285.38
2023-09-01,industry,sales,otg,253.97
2023-09-01,industry,sales,wai,186.52
2023-09-01,industry,sales,wlg,128.04
2023-09-01,occupation,clerical_admin,akl,154.3
2023-09-01,occupation,clerical_admin,bop,405.9
2023-09-01,occupation,clerical_admin,cant,198.0
2023-09-01,occupation,clerical_admin,gis,634.5
2023-09-01,occupation,clerical_admin,mrl,397.3
2023-09-01,occupation,clerical_admin,mwt,363.3
2023-09-01,occupation,clerical_admin,nld,499.7
2023-09-01,occupation,clerical_admin,otg,488.3
2023-09-01,occupation,clerical_admin,wai,316.4
2023-09-01,occupation,clerical_admin,wlg,179.9
2023-09-01,occupation,community_services,akl,259.9
2023-09-01,occupation,community_services,bop,335.3
2023-09-01,occupation,community_services,cant,255.3
2023-09-01,occupation,community_services,gis,416.9
2023-09-01,occupation,community_services,mrl,406.6
2023-09-01,occupation,community_services,mwt,472.1
2023-09-01,occupation,community_services,nld,596.1
2023-09-01,occupation,community_services,otg,618.8
2023-09-01,occupation,community_services,wai,393.1
2023-09-01,occupation,community_services,wlg,317.9
2023-09-01,occupation,labourers,akl,411.8
2023-09-01,occupation,labourers,bop,543.9
2023-09-01,occupation,labourers,cant,395.0
2023-09-01,occupation,labourers,gis,705.3
2023-09-01,occupation,labourers,mrl,589.5
2023-09-01,occupation,labourers,mwt,735.7
2023-09-01,occupation,labourers,nld,481.0
2023-09-01,occupation,labourers,otg,790.7
2023-09-01,occupation,labourers,wai,623.5
2023-09-01,occupation,labourers,wlg,391.2
2023-09-01,occupation,machinery_drivers,akl,403.8
2023-09-01,occupation,machinery_drivers,bop,540.6
2023-09-01,occupation,machinery_drivers,cant,462.3
2023-09-01,occupation,machinery_drivers,gis,743.5
2023-09-01,occupation,machinery_drivers,mrl,431.7
2023-09-01,occupation,machinery_drivers,mwt,561.5
2023-09-01,occupation,machinery_drivers,nld,676.7
2023-09-01,occupation,machinery_drivers,otg,728.7
2023-09-01,occupation,machinery_drivers,wai,482.5
2023-09-01,occupation,machinery_drivers,wlg,377.9
2023-09-01,occupation,managers,akl,130.9
2023-09-01,occupation,managers,bop,297.7
2023-09-01,occupation,managers,cant,175.6
2023-09-01,occupation,managers,gis,426.6
2023-09-01,occupation,managers,mrl,258.3
2023-09-01,occupation,managers,mwt,221.4
2023-09-01,occupation,managers,nld,322.8
2023-09-01,occupation,managers,otg,323.9
2023-09-01,occupation,managers,wai,223.0
2023-09-01,occupation,managers,wlg,128.0
2023-09-01,occupation,professionals,akl,144.9
2023-09-01,occupation,professionals,bop,351.1
2023-09-01,occupation,professionals,cant,200.0
2023-09-01,occupation,professionals,gis,319.7
2023-09-01,occupation,professionals,mrl,240.9
2023-09-01,occupation,professionals,mwt,267.6
2023-09-01,occupation,professionals,nld,277.9
2023-09-01,occupation,professionals,otg,288.7
2023-09-01,occupation,professionals,wai,221.6
2023-09-01,occupation,professionals,wlg,154.4
2023-09-01,occupation,sales,akl,199.6
2023-09-01,occupation,sales,bop,362.3
2023-09-01,occupation,sales,cant,232.7
2023-09-01,occupation,sales,gis,398.4
2023-09-01,occupation,sales,mrl,320.7
2023-09-01,occupation,sales,mwt,281.7
2023-09-01,occupation,sales,nld,298.9
2023-09-01,occupation,sales,otg,365.3
2023-09-01,occupation,sales,wai,277.3
2023-09-01,occupation,sales,wlg,185.8
2023-09-01,occupation,trades_and_technical,akl,258.4
2023-09-01,occupation,trades_and_technical,bop,388.1
2023-09-01,occupation,trades_and_technical,cant,288.2
2023-09-01,occupation,trades_and_technical,gis,435.1
2023-09-01,occupation,trades_and_technical,mrl,383.6
2023-09-01,occupation,trades_and_technical,mwt,358.8
2023-09-01,occupation,trades_and_technical,nld,394.4
2023-09-01,occupation,trades_and_technical,otg,516.5
2023-09-01,occupation,trades_and_technical,wai,378.5
2023-09-01,occupation,trades_and_technical,wlg,214.2
2023-09-01,skill_level,highly_skilled,akl,141.35
2023-09-01,skill_level,highly_skilled,bop,409.95
2023-09-01,skill_level,highly_skilled,cant,205.23
2023-09-01,skill_level,highly_skilled,gis,458.55
2023-09-01,skill_level,highly_skilled,mrl,323.97
2023-09-01,skill_level,highly_skilled,mwt,323.05
2023-09-01,skill_level,highly_skilled,nld,400.52
2023-09-01,skill_level,highly_skilled,otg,361.18
2023-09-01,skill_level,highly_skilled,wai,255.01
2023-09-01,skill_level,highly_skilled,wlg,148.51
2023-09-01,skill_level,low_skilled,akl,204.01
2023-09-01,skill_level,low_skilled,bop,377.77
2023-09-01,skill_level,low_skilled,cant,270.64
2023-09-01,skill_level,low_skilled,gis,455.43
2023-09-01,skill_level,low_skilled,mrl,399.31
2023-09-01,skill_level,low_skilled,mwt,424.74
2023-09-01,skill_level,low_skilled,nld,453.33
2023-09-01,skill_level,low_skilled,otg,510.97
2023-09-01,skill_level,low_skilled,wai,376.06
2023-09-01,skill_level,low_skilled,wlg,223.13
2023-09-01,skill_level,semi_skilled,akl,299.36
2023-09-01,skill_level,semi_skilled,bop,474.24
2023-09-01,skill_level,semi_skilled,cant,337.11
2023-09-01,skill_level,semi_skilled,gis,557.43
2023-09-01,skill_level,semi_skilled,mrl,473.73
2023-09-01,skill_level,semi_skilled,mwt,405.19
2023-09-01,skill_level,semi_skilled,nld,381.52
2023-09-01,skill_level,semi_skilled,otg,621.57
2023-09-01,skill_level,semi_skilled,wai,437.95
2023-09-01,skill_level,semi_skilled,wlg,272.46
2023-09-01,skill_level,skilled,akl,176.61
2023-09-01,skill_level,skilled,bop,269.52
2023-09-01,skill_level,skilled,cant,195.6
2023-09-01,skill_level,skilled,gis,273.11
2023-09-01,skill_level,skilled,mrl,210.04
2023-09-01,skill_level,skilled,mwt,218.85
2023-09-01,skill_level,skilled,nld,224.59
2023-09-01,skill_level,skilled,otg,310.97
2023-09-01,skill_level,skilled,wai,226.33
2023-09-01,skill_level,skilled,wlg,176.44
2023-09-01,skill_level,unskilled,akl,269.79
2023-09-01,skill_level,unskilled,bop,405.41
2023-09-01,skill_level,unskilled,cant,265.55
2023-09-01,skill_level,unskilled,gis,648.0
2023-09-01,skill_level,unskilled,mrl,454.75
2023-09-01,skill_level,unskilled,mwt,444.55
2023-09-01,skill_level,unskilled,nld,485.71
2023-09-01,skill_level,unskilled,otg,560.47
2023-09-01,skill_level,unskilled,wai,356.25
2023-09-01,skill_level,unskilled,wlg,240.57
2023-12-01,industry,accounting,akl,105.1
2023-12-01,industry,accounting,bop,360.75
2023-12-01,industry,accounting,cant,149.8
2023-12-01,industry,accounting,gis,458.16
2023-12-01,industry,accounting,mrl,239.08
2023-12-01,industry,accounting,mwt,234.83
2023-12-01,industry,accounting,nld,233.08
2023-12-01,industry,accounting,otg,294.18
2023-12-01,industry,accounting,wai,195.46
2023-12-01,industry,accounting,wlg,118.88
2023-12-01,industry,construction,akl,200.64
2023-12-01,industry,construction,bop,343.15
2023-12-01,industry,construction,cant,216.52
2023-12-01,industry,construction,gis,462.88
2023-12-01,industry,construction,mrl,360.17
2023-12-01,industry,construction,mwt,256.95
2023-12-01,industry,construction,nld,420.95
2023-12-01,industry,construction,otg,528.46
2023-12-01,industry,construction,wai,303.09
2023-12-01,industry,construction,wlg,183.42
2023-12-01,industry,education,akl,179.27
2023-12-01,industry,education,bop,187.54
2023-12-01,industry,education,cant,158.45
2023-12-01,industry,education,gis,204.08
2023-12-01,industry,education,mrl,170.43
2023-12-01,industry,education,mwt,192.68
2023-12-01,industry,education,nld,185.39
2023-12-01,industry,education,otg,187.7
2023-12-01,industry,education,wai,183.01
2023-12-01,industry,education,wlg,169.88
2023-12-01,industry,health,akl,198.63
2023-12-01,industry,health,bop,468.1
2023-12-01,industry,health,cant,315.55
2023-12-01,industry,health,gis,486.54
2023-12-01,industry,health,mrl,497.31
2023-12-01,industry,health,mwt,448.53
2023-12-01,industry,health,nld,377.31
2023-12-01,industry,health,otg,501.36
2023-12-01,industry,health,wai,327.68
2023-12-01,industry,health,wlg,273.01
2023-12-01,industry,hospitality,akl,183.37
2023-12-01,industry,hospitality,bop,253.2
2023-12-01,industry,hospitality,cant,167.22
2023-12-01,industry,hospitality,gis,266.4
2023-12-01,industry,hospitality,mrl,229.03
2023-12-01,industry,hospitality,mwt,284.96
2023-12-01,industry,hospitality,nld,356.9
2023-12-01,industry,hospitality,otg,458.94
2023-12-01,industry,hospitality,wai,219.64
2023-12-01,industry,hospitality,wlg,172.57
2023-12-01,industry,it,akl,52.67
2023-12-01,industry,it,bop,161.45
2023-12-01,industry,it,cant,106.37
2023-12-01,industry,it,gis,251.85
2023-12-01,industry,it,mrl,226.92
2023-12-01,industry,it,mwt,116.47
2023-12-01,industry,it,nld,228.57
2023-12-01,industry,it,otg,166.67
2023-12-01,industry,it,wai,115.08
2023-12-01,industry,it,wlg,47.54
2023-12-01,industry,manufacturing,akl,183.36
2023-12-01,industry,manufacturing,bop,393.58
2023-12-01,industry,manufacturing,cant,321.31
2023-12-01,industry,manufacturing,gis,479.03
2023-12-01,industry,manufacturing,mrl,492.39
2023-12-01,industry,manufacturing,mwt,334.78
2023-12-01,industry,manufacturing,nld,403.57
2023-12-01,industry,manufacturing,otg,501.25
2023-12-01,industry,manufacturing,wai,350.8
2023-12-01,industry,manufacturing,wlg,233.79
2023-12-01,industry,other,akl,291.85
2023-12-01,industry,other,bop,475.0
2023-12-01,industry,other,cant,450.7
2023-12-01,industry,other,gis,575.0
2023-12-01,industry,other,mrl,459.21
2023-12-01,industry,other,mwt,347.02
2023-12-01,industry,other,nld,926.47
2023-12-01,industry,other,otg,729.76
2023-12-01,industry,other,wai,391.01
2023-12-01,industry,other,wlg,220.82
2023-12-01,industry,primary,akl,218.37
2023-12-01,industry,primary,bop,443.18
2023-12-01,industry,primary,cant,227.16
2023-12-01,industry,primary,gis,469.84
2023-12-01,industry,primary,mrl,238.71
2023-12-01,industry,primary,mwt,238.57
2023-12-01,industry,primary,nld,217.95
2023-12-01,industry,primary,otg,205.5
2023-12-01,industry,primary,wai,261.05
2023-12-01,industry,primary,wlg,208.96
2023-12-01,industry,sales,akl,95.34
2023-12-01,industry,sales,bop,170.54
2023-12-01,industry,sales,cant,117.29
2023-12-01,industry,sales,gis,266.0
2023-12-01,industry,sales,mrl,154.91
2023-12-01,industry,sales,mwt,146.99
2023-12-01,industry,sales,nld,204.62
2023-12-01,industry,sales,otg,218.82
2023-12-01,industry,sales,wai,135.91
2023-12-01,industry,sales,wlg,89.36
2023-12-01,occupation,clerical_admin,akl,113.7
2023-12-01,occupation,clerical_admin,bop,344.4
2023-12-01,occupation,clerical_admin,cant,151.8
2023-12-01,occupation,clerical_admin,gis,522.1
2023-12-01,occupation,clerical_admin,mrl,321.1
2023-12-01,occupation,clerical_admin,mwt,244.5
2023-12-01,occupation,clerical_admin,nld,363.4
2023-12-01,occupation,clerical_admin,otg,408.5
2023-12-01,occupation,clerical_admin,wai,232.0
2023-12-01,occupation,clerical_admin,wlg,119.7
2023-12-01,occupation,community_services,akl,220.0
2023-12-01,occupation,community_services,bop,277.0
2023-12-01,occupation,community_services,cant,205.8
2023-12-01,occupation,community_services,gis,350.0
2023-12-01,occupation,community_services,mrl,378.5
2023-12-01,occupation,community_services,mwt,358.7
2023-12-01,occupation,community_services,nld,527.0
2023-12-01,occupation,community_services,otg,601.3
2023-12-01,occupation,community_services,wai,307.8
2023-12-01,occupation,community_services,wlg,248.3
2023-12-01,occupation,labourers,akl,298.5
2023-12-01,occupation,labourers,bop,513.3
2023-12-01,occupation,labourers,cant,318.8
2023-12-01,occupation,labourers,gis,584.0
2023-12-01,occupation,labourers,mrl,490.3
2023-12-01,occupation,labourers,mwt,564.3
2023-12-01,occupation,labourers,nld,450.0
2023-12-01,occupation,labourers,otg,692.8
2023-12-01,occupation,labourers,wai,476.5
2023-12-01,occupation,labourers,wlg,335.2
2023-12-01,occupation,machinery_drivers,akl,294.7
2023-12-01,occupation,machinery_drivers,bop,486.5
2023-12-01,occupation,machinery_drivers,cant,397.5
2023-12-01,occupation,machinery_drivers,gis,595.7
2023-12-01,occupation,machinery_drivers,mrl,312.7
2023-12-01,occupation,machinery_drivers,mwt,411.5
2023-12-01,occupation,machinery_drivers,nld,570.0
2023-12-01,occupation,machinery_drivers,otg,572.3
2023-12-01,occupation,machinery_drivers,wai,398.8
2023-12-01,occupation,machinery_drivers,wlg,293.2
2023-12-01,occupation,managers,akl,97.7
2023-12-01,occupation,managers,bop,228.4
2023-12-01,occupation,managers,cant,139.5
2023-12-01,occupation,managers,gis,364.0
2023-12-01,occupation,managers,mrl,193.2
2023-12-01,occupation,managers,mwt,182.7
2023-12-01,occupation,managers,nld,269.3
2023-12-01,occupation,managers,otg,246.2
2023-12-01,occupation,managers,wai,172.5
2023-12-01,occupation,managers,wlg,89.6
2023-12-01,occupation,professionals,akl,119.3
2023-12-01,occupation,professionals,bop,298.5
2023-12-01,occupation,professionals,cant,172.0
2023-12-01,occupation,professionals,gis,325.0
2023-12-01,occupation,professionals,mrl,230.3
2023-12-01,occupation,professionals,mwt,242.2
2023-12-01,occupation,professionals,nld,266.9
2023-12-01,occupation,professionals,otg,253.1
2023-12-01,occupation,professionals,wai,198.0
2023-12-01,occupation,professionals,wlg,116.7
2023-12-01,occupation,sales,akl,134.0
2023-12-01,occupation,sales,bop,239.9
2023-12-01,occupation,sales,cant,167.1
2023-12-01,occupation,sales,gis,302.4
2023-12-01,occupation,sales,mrl,188.8
2023-12-01,occupation,sales,mwt,200.8
2023-12-01,occupation,sales,nld,182.6
2023-12-01,occupation,sales,otg,318.5
2023-12-01,occupation,sales,wai,192.2
2023-12-01,occupation,sales,wlg,138.5
2023-12-01,occupation,trades_and_technical,akl,203.4
2023-12-01,occupation,trades_and_technical,bop,296.6
2023-12-01,occupation,trades_and_technical,cant,229.3
2023-12-01,occupation,trades_and_technical,gis,350.1
2023-12-01,occupation,trades_and_technical,mrl,303.3
2023-12-01,occupation,trades_and_technical,mwt,273.3
2023-12-01,occupation,trades_and_technical,nld,346.8
2023-12-01,occupation,trades_and_technical,otg,443.4
2023-12-01,occupation,trades_and_technical,wai,305.7
2023-12-01,occupation,trades_and_technical,wlg,160.8
2023-12-01,skill_level,highly_skilled,akl,107.14
2023-12-01,skill_level,highly_skilled,bop,320.31
2023-12-01,skill_level,highly_skilled,cant,167.08
2023-12-01,skill_level,highly_skilled,gis,410.58
2023-12-01,skill_level,highly_skilled,mrl,270.59
2023-12-01,skill_level,highly_skilled,mwt,261.41
2023-12-01,skill_level,highly_skilled,nld,331.14
2023-12-01,skill_level,highly_skilled,otg,285.86
2023-12-01,skill_level,highly_skilled,wai,205.84
2023-12-01,skill_level,highly_skilled,wlg,105.13
2023-12-01,skill_level,low_skilled,akl,152.89
2023-12-01,skill_level,low_skilled,bop,319.62
2023-12-01,skill_level,low_skilled,cant,215.01
2023-12-01,skill_level,low_skilled,gis,375.36
2023-12-01,skill_level,low_skilled,mrl,313.11
2023-12-01,skill_level,low_skilled,mwt,319.76
2023-12-01,skill_level,low_skilled,nld,357.67
2023-12-01,skill_level,low_skilled,otg,436.71
2023-12-01,skill_level,low_skilled,wai,286.46
2023-12-01,skill_level,low_skilled,wlg,169.59
2023-12-01,skill_level,semi_skilled,akl,236.17
2023-12-01,skill_level,semi_skilled,bop,366.16
2023-12-01,skill_level,semi_skilled,cant,262.96
2023-12-01,skill_level,semi_skilled,gis,416.22
2023-12-01,skill_level,semi_skilled,mrl,393.22
2023-12-01,skill_level,semi_skilled,mwt,308.96
2023-12-01,skill_level,semi_skilled,nld,328.26
2023-12-01,skill_level,semi_skilled,otg,520.1
2023-12-01,skill_level,semi_skilled,wai,343.89
2023-12-01,skill_level,semi_skilled,wlg,199.38
2023-12-01,skill_level,skilled,akl,157.15
2023-12-01,skill_level,skilled,bop,241.68
2023-12-01,skill_level,skilled,cant,170.91
2023-12-01,skill_level,skilled,gis,285.13
2023-12-01,skill_level,skilled,mrl,205.13
2023-12-01,skill_level,skilled,mwt,192.14
2023-12-01,skill_level,skilled,nld,239.63
2023-12-01,skill_level,skilled,otg,292.01
2023-12-01,skill_level,skilled,wai,208.36
2023-12-01,skill_level,skilled,wlg,142.2
2023-12-01,skill_level,unskilled,akl,186.72
2023-12-01,skill_level,unskilled,bop,327.26
2023-12-01,skill_level,unskilled,cant,205.55
2023-12-01,skill_level,unskilled,gis,533.6
2023-12-01,skill_level,unskilled,mrl,321.53
2023-12-01,skill_level,unskilled,mwt,329.95
2023-12-01,skill_level,unskilled,nld,405.71
2023-12-01,skill_level,unskilled,otg,517.67
2023-12-01,skill_level,unskilled,wai,265.79
2023-12-01,skill_level,unskilled,wlg,185.12
2024-03-01,industry,accounting,akl,127.44
2024-03-01,industry,accounting,bop,383.02
2024-03-01,industry,accounting,cant,179.33
2024-03-01,industry,accounting,gis,334.75
2024-03-01,industry,accounting,mrl,268.39
2024-03-01,industry,accounting,mwt,277.15
2024-03-01,industry,accounting,nld,280.0
2024-03-01,industry,accounting,otg,344.52
2024-03-01,industry,accounting,wai,246.88
2024-03-01,industry,accounting,wlg,133.92
2024-03-01,industry,construction,akl,225.07
2024-03-01,industry,construction,bop,392.01
2024-03-01,industry,construction,cant,237.81
2024-03-01,industry,construction,gis,359.85
2024-03-01,industry,construction,mrl,369.92
2024-03-01,industry,construction,mwt,278.29
2024-03-01,industry,construction,nld,458.78
2024-03-01,industry,construction,otg,554.66
2024-03-01,industry,construction,wai,326.02
2024-03-01,industry,construction,wlg,203.33
2024-03-01,industry,education,akl,136.11
2024-03-01,industry,education,bop,137.7
2024-03-01,industry,education,cant,116.59
2024-03-01,industry,education,gis,64.9
2024-03-01,industry,education,mrl,102.61
2024-03-01,industry,education,mwt,110.03
2024-03-01,industry,education,nld,118.26
2024-03-01,industry,education,otg,120.19
2024-03-01,industry,education,wai,126.67
2024-03-01,industry,education,wlg,109.06
2024-03-01,industry,health,akl,201.79
2024-03-01,industry,health,bop,496.12
2024-03-01,industry,health,cant,324.52
2024-03-01,industry,health,gis,399.17
2024-03-01,industry,health,mrl,504.64
2024-03-01,industry,health,mwt,471.25
2024-03-01,industry,health,nld,414.74
2024-03-01,industry,health,otg,527.64
2024-03-01,industry,health,wai,314.96
2024-03-01,industry,health,wlg,271.12
2024-03-01,industry,hospitality,akl,205.57
2024-03-01,industry,hospitality,bop,307.88
2024-03-01,industry,hospitality,cant,195.49
2024-03-01,industry,hospitality,gis,262.4
2024-03-01,industry,hospitality,mrl,251.61
2024-03-01,industry,hospitality,mwt,340.6
2024-03-01,industry,hospitality,nld,367.24
2024-03-01,industry,hospitality,otg,471.95
2024-03-01,industry,hospitality,wai,237.05
2024-03-01,industry,hospitality,wlg,210.67
2024-03-01,industry,it,akl,55.21
2024-03-01,industry,it,bop,131.33
2024-03-01,industry,it,cant,97.36
2024-03-01,industry,it,gis,133.33
2024-03-01,industry,it,mrl,161.54
2024-03-01,industry,it,mwt,107.06
2024-03-01,industry,it,nld,235.71
2024-03-01,industry,it,otg,137.63
2024-03-01,industry,it,wai,108.54
2024-03-01,industry,it,wlg,38.64
2024-03-01,industry,manufacturing,akl,200.7
2024-03-01,industry,manufacturing,bop,468.98
2024-03-01,industry,manufacturing,cant,339.79
2024-03-01,industry,manufacturing,gis,441.94
2024-03-01,industry,manufacturing,mrl,547.83
2024-03-01,industry,manufacturing,mwt,358.26
2024-03-01,industry,manufacturing,nld,400.0
2024-03-01,industry,manufacturing,otg,472.5
2024-03-01,industry,manufacturing,wai,396.78
2024-03-01,industry,manufacturing,wlg,246.05
2024-03-01,industry,other,akl,338.32
2024-03-01,industry,other,bop,576.92
2024-03-01,industry,other,cant,486.98
2024-03-01,industry,other,gis,421.05
2024-03-01,industry,other,mrl,521.05
2024-03-01,industry,other,mwt,425.83
2024-03-01,industry,other,nld,855.88
2024-03-01,industry,other,otg,823.81
2024-03-01,industry,other,wai,449.74
2024-03-01,industry,other,wlg,209.35
2024-03-01,industry,primary,akl,267.35
2024-03-01,industry,primary,bop,597.73
2024-03-01,industry,primary,cant,227.78
2024-03-01,industry,primary,gis,373.02
2024-03-01,industry,primary,mrl,241.94
2024-03-01,industry,primary,mwt,292.86
2024-03-01,industry,primary,nld,253.85
2024-03-01,industry,primary,otg,247.71
2024-03-01,industry,primary,wai,375.79
2024-03-01,industry,primary,wlg,276.12
2024-03-01,industry,sales,akl,119.37
2024-03-01,industry,sales,bop,214.86
2024-03-01,industry,sales,cant,140.08
2024-03-01,industry,sales,gis,215.0
2024-03-01,industry,sales,mrl,197.32
2024-03-01,industry,sales,mwt,160.96
2024-03-01,industry,sales,nld,222.31
2024-03-01,industry,sales,otg,244.22
2024-03-01,industry,sales,wai,171.67
2024-03-01,industry,sales,wlg,108.03
2024-03-01,occupation,clerical_admin,akl,132.4
2024-03-01,occupation,clerical_admin,bop,366.6
2024-03-01,occupation,clerical_admin,cant,177.5
2024-03-01,occupation,clerical_admin,gis,415.0
2024-03-01,occupation,clerical_admin,mrl,341.6
2024-03-01,occupation,clerical_admin,mwt,275.6
2024-03-01,occupation,clerical_admin,nld,415.7
2024-03-01,occupation,clerical_admin,otg,447.4
2024-03-01,occupation,clerical_admin,wai,291.1
2024-03-01,occupation,clerical_admin,wlg,129.6
2024-03-01,occupation,community_services,akl,256.4
2024-03-01,occupation,community_services,bop,319.3
2024-03-01,occupation,community_services,cant,236.0
2024-03-01,occupation,community_services,gis,314.7
2024-03-01,occupation,community_services,mrl,365.5
2024-03-01,occupation,community_services,mwt,412.2
2024-03-01,occupation,community_services,nld,572.1
2024-03-01,occupation,community_services,otg,641.6
2024-03-01,occupation,community_services,wai,365.4
2024-03-01,occupation,community_services,wlg,279.5
2024-03-01,occupation,labourers,akl,344.2
2024-03-01,occupation,labourers,bop,578.6
2024-03-01,occupation,labourers,cant,379.7
2024-03-01,occupation,labourers,gis,499.0
2024-03-01,occupation,labourers,mrl,478.6
2024-03-01,occupation,labourers,mwt,684.5
2024-03-01,occupation,labourers,nld,442.9
2024-03-01,occupation,labourers,otg,718.6
2024-03-01,occupation,labourers,wai,509.6
2024-03-01,occupation,labourers,wlg,363.2
2024-03-01,occupation,machinery_drivers,akl,316.6
2024-03-01,occupation,machinery_drivers,bop,620.8
2024-03-01,occupation,machinery_drivers,cant,394.7
2024-03-01,occupation,machinery_drivers,gis,587.0
2024-03-01,occupation,machinery_drivers,mrl,386.3
2024-03-01,occupation,machinery_drivers,mwt,476.9
2024-03-01,occupation,machinery_drivers,nld,596.7
2024-03-01,occupation,machinery_drivers,otg,513.9
2024-03-01,occupation,machinery_drivers,wai,438.6
2024-03-01,occupation,machinery_drivers,wlg,315.3
2024-03-01,occupation,managers,akl,110.1
2024-03-01,occupation,managers,bop,232.2
2024-03-01,occupation,managers,cant,146.9
2024-03-01,occupation,managers,gis,210.2
2024-03-01,occupation,managers,mrl,232.4
2024-03-01,occupation,managers,mwt,185.5
2024-03-01,occupation,managers,nld,274.3
2024-03-01,occupation,managers,otg,255.1
2024-03-01,occupation,managers,wai,180.5
2024-03-01,occupation,managers,wlg,90.0
2024-03-01,occupation,professionals,akl,121.3
2024-03-01,occupation,professionals,bop,292.5
2024-03-01,occupation,professionals,cant,162.8
2024-03-01,occupation,professionals,gis,208.9
2024-03-01,occupation,professionals,mrl,210.6
2024-03-01,occupation,professionals,mwt,208.6
2024-03-01,occupation,professionals,nld,248.2
2024-03-01,occupation,professionals,otg,244.8
2024-03-01,occupation,professionals,wai,184.4
2024-03-01,occupation,professionals,wlg,106.2
2024-03-01,occupation,sales,akl,160.4
2024-03-01,occupation,sales,bop,321.3
2024-03-01,occupation,sales,cant,201.7
2024-03-01,occupation,sales,gis,257.1
2024-03-01,occupation,sales,mrl,253.4
2024-03-01,occupation,sales,mwt,239.3
2024-03-01,occupation,sales,nld,214.1
2024-03-01,occupation,sales,otg,345.0
2024-03-01,occupation,sales,wai,236.0
2024-03-01,occupation,sales,wlg,162.2
2024-03-01,occupation,trades_and_technical,akl,233.5
2024-03-01,occupation,trades_and_technical,bop,368.7
2024-03-01,occupation,trades_and_technical,cant,259.7
2024-03-01,occupation,trades_and_technical,gis,289.8
2024-03-01,occupation,trades_and_technical,mrl,301.9
2024-03-01,occupation,trades_and_technical,mwt,304.8
2024-03-01,occupation,trades_and_technical,nld,359.5
2024-03-01,occupation,trades_and_technical,otg,478.6
2024-03-01,occupation,trades_and_technical,wai,344.8
2024-03-01,occupation,trades_and_technical,wlg,183.7
2024-03-01,skill_level,highly_skilled,akl,118.23
2024-03-01,skill_level,highly_skilled,bop,336.06
2024-03-01,skill_level,highly_skilled,cant,171.75
2024-03-01,skill_level,highly_skilled,gis,291.53
2024-03-01,skill_level,highly_skilled,mrl,286.64
2024-03-01,skill_level,highly_skilled,mwt,257.27
2024-03-01,skill_level,highly_skilled,nld,357.51
2024-03-01,skill_level,highly_skilled,otg,302.83
2024-03-01,skill_level,highly_skilled,wai,214.21
2024-03-01,skill_level,highly_skilled,wlg,101.85
2024-03-01,skill_level,low_skilled,akl,174.41
2024-03-01,skill_level,low_skilled,bop,383.59
2024-03-01,skill_level,low_skilled,cant,243.18
2024-03-01,skill_level,low_skilled,gis,332.49
2024-03-01,skill_level,low_skilled,mrl,342.27
2024-03-01,skill_level,low_skilled,mwt,360.23
2024-03-01,skill_level,low_skilled,nld,391.68
2024-03-01,skill_level,low_skilled,otg,461.39
2024-03-01,skill_level,low_skilled,wai,333.18
2024-03-01,skill_level,low_skilled,wlg,186.66
2024-03-01,skill_level,semi_skilled,akl,267.87
2024-03-01,skill_level,semi_skilled,bop,459.09
2024-03-01,skill_level,semi_skilled,cant,301.46
2024-03-01,skill_level,semi_skilled,gis,335.81
2024-03-01,skill_level,semi_skilled,mrl,405.08
2024-03-01,skill_level,semi_skilled,mwt,371.76
2024-03-01,skill_level,semi_skilled,nld,360.87
2024-03-01,skill_level,semi_skilled,otg,567.16
2024-03-01,skill_level,semi_skilled,wai,394.06
2024-03-01,skill_level,semi_skilled,wlg,241.14
2024-03-01,skill_level,skilled,akl,155.57
2024-03-01,skill_level,skilled,bop,226.29
2024-03-01,skill_level,skilled,cant,167.38
2024-03-01,skill_level,skilled,gis,171.08
2024-03-01,skill_level,skilled,mrl,182.44
2024-03-01,skill_level,skilled,mwt,169.71
2024-03-01,skill_level,skilled,nld,189.83
2024-03-01,skill_level,skilled,otg,279.93
2024-03-01,skill_level,skilled,wai,197.47
2024-03-01,skill_level,skilled,wlg,132.08
2024-03-01,skill_level,unskilled,akl,224.34
2024-03-01,skill_level,unskilled,bop,402.48
2024-03-01,skill_level,unskilled,cant,237.81
2024-03-01,skill_level,unskilled,gis,467.2
2024-03-01,skill_level,unskilled,mrl,334.18
2024-03-01,skill_level,unskilled,mwt,383.78
2024-03-01,skill_level,unskilled,nld,417.14
2024-03-01,skill_level,unskilled,otg,508.37
2024-03-01,skill_level,unskilled,wai,307.24
2024-03-01,skill_level,unskilled,wlg,214.98
2024-06-01,industry,accounting,akl,111.3
2024-06-01,industry,accounting,bop,333.58
2024-06-01,industry,accounting,cant,162.25
2024-06-01,industry,accounting,gis,143.97
2024-06-01,industry,accounting,mrl,209.2
2024-06-01,industry,accounting,mwt,255.81
2024-06-01,industry,accounting,nld,228.46
2024-06-01,industry,accounting,otg,321.23
2024-06-01,industry,accounting,wai,211.91
2024-06-01,industry,accounting,wlg,112.4
2024-06-01,industry,construction,akl,182.87
2024-06-01,industry,construction,bop,345.89
2024-06-01,industry,construction,cant,204.89
2024-06-01,industry,construction,gis,199.62
2024-06-01,industry,construction,mrl,267.8
2024-06-01,industry,construction,mwt,232.38
2024-06-01,industry,construction,nld,339.19
2024-06-01,industry,construction,otg,459.7
2024-06-01,industry,construction,wai,259.63
2024-06-01,industry,construction,wlg,167.9
2024-06-01,industry,education,akl,127.1
2024-06-01,industry,education,bop,116.07
2024-06-01,industry,education,cant,104.26
2024-06-01,industry,education,gis,46.12
2024-06-01,industry,education,mrl,81.3
2024-06-01,industry,education,mwt,111.11
2024-06-01,industry,education,nld,110.5
2024-06-01,industry,education,otg,98.74
2024-06-01,industry,education,wai,126.45
2024-06-01,industry,education,wlg,99.27
2024-06-01,industry,health,akl,149.93
2024-06-01,industry,health,bop,337.89
2024-06-01,industry,health,cant,253.32
2024-06-01,industry,health,gis,234.78
2024-06-01,industry,health,mrl,345.25
2024-06-01,industry,health,mwt,371.61
2024-06-01,industry,health,nld,259.86
2024-06-01,industry,health,otg,460.64
2024-06-01,industry,health,wai,231.42
2024-06-01,industry,health,wlg,174.32
2024-06-01,industry,hospitality,akl,143.57
2024-06-01,industry,hospitality,bop,189.66
2024-06-01,industry,hospitality,cant,113.68
2024-06-01,industry,hospitality,gis,110.4
2024-06-01,industry,hospitality,mrl,156.13
2024-06-01,industry,hospitality,mwt,269.17
2024-06-01,industry,hospitality,nld,236.21
2024-06-01,industry,hospitality,otg,289.02
2024-06-01,industry,hospitality,wai,166.07
2024-06-01,industry,hospitality,wlg,138.86
2024-06-01,industry,it,akl,51.25
2024-06-01,industry,it,bop,163.86
2024-06-01,industry,it,cant,90.99
2024-06-01,industry,it,gis,100.0
2024-06-01,industry,it,mrl,142.31
2024-06-01,industry,it,mwt,111.76
2024-06-01,industry,it,nld,171.43
2024-06-01,industry,it,otg,151.61
2024-06-01,industry,it,wai,107.54
2024-06-01,industry,it,wlg,36.98
2024-06-01,industry,manufacturing,akl,163.09
2024-06-01,industry,manufacturing,bop,342.25
2024-06-01,industry,manufacturing,cant,269.45
2024-06-01,industry,manufacturing,gis,204.84
2024-06-01,industry,manufacturing,mrl,396.74
2024-06-01,industry,manufacturing,mwt,290.87
2024-06-01,industry,manufacturing,nld,328.57
2024-06-01,industry,manufacturing,otg,375.0
2024-06-01,industry,manufacturing,wai,338.59
2024-06-01,industry,manufacturing,wlg,201.09
2024-06-01,industry,other,akl,265.08
2024-06-01,industry,other,bop,449.04
2024-06-01,industry,other,cant,421.86
2024-06-01,industry,other,gis,217.11
2024-06-01,industry,other,mrl,397.37
2024-06-01,industry,other,mwt,337.75
2024-06-01,industry,other,nld,885.29
2024-06-01,industry,other,otg,702.38
2024-06-01,industry,other,wai,348.68
2024-06-01,industry,other,wlg,162.06
2024-06-01,industry,primary,akl,210.88
2024-06-01,industry,primary,bop,386.36
2024-06-01,industry,primary,cant,240.74
2024-06-01,industry,primary,gis,257.14
2024-06-01,industry,primary,mrl,197.85
2024-06-01,industry,primary,mwt,281.43
2024-06-01,industry,primary,nld,174.36
2024-06-01,industry,primary,otg,277.98
2024-06-01,industry,primary,wai,334.74
2024-06-01,industry,primary,wlg,222.39
2024-06-01,industry,sales,akl,99.06
2024-06-01,industry,sales,bop,165.95
2024-06-01,industry,sales,cant,115.35
2024-06-01,industry,sales,gis,143.0
2024-06-01,industry,sales,mrl,156.7
2024-06-01,industry,sales,mwt,144.1
2024-06-01,industry,sales,nld,182.31
2024-06-01,industry,sales,otg,199.32
2024-06-01,industry,sales,wai,141.52
2024-06-01,industry,sales,wlg,87.64
2024-06-01,occupation,clerical_admin,akl,107.9
2024-06-01,occupation,clerical_admin,bop,306.3
2024-06-01,occupation,clerical_admin,cant,143.4
2024-06-01,occupation,clerical_admin,gis,172.6
2024-06-01,occupation,clerical_admin,mrl,239.0
2024-06-01,occupation,clerical_admin,mwt,250.2
2024-06-01,occupation,clerical_admin,nld,303.2
2024-06-01,occupation,clerical_admin,otg,377.0
2024-06-01,occupation,clerical_admin,wai,224.9
2024-06-01,occupation,clerical_admin,wlg,104.3
2024-06-01,occupation,community_services,akl,191.6
2024-06-01,occupation,community_services,bop,256.4
2024-06-01,occupation,community_services,cant,181.5
2024-06-01,occupation,community_services,gis,195.6
2024-06-01,occupation,community_services,mrl,256.6
2024-06-01,occupation,community_services,mwt,329.1
2024-06-01,occupation,community_services,nld,453.5
2024-06-01,occupation,community_services,otg,467.5
2024-06-01,occupation,community_services,wai,277.0
2024-06-01,occupation,community_services,wlg,197.9
2024-06-01,occupation,labourers,akl,239.1
2024-06-01,occupation,labourers,bop,375.5
2024-06-01,occupation,labourers,cant,285.9
2024-06-01,occupation,labourers,gis,331.4
2024-06-01,occupation,labourers,mrl,358.6
2024-06-01,occupation,labourers,mwt,534.5
2024-06-01,occupation,labourers,nld,314.3
2024-06-01,occupation,labourers,otg,543.3
2024-06-01,occupation,labourers,wai,391.2
2024-06-01,occupation,labourers,wlg,261.0
2024-06-01,occupation,machinery_drivers,akl,245.6
2024-06-01,occupation,machinery_drivers,bop,384.4
2024-06-01,occupation,machinery_drivers,cant,333.1
2024-06-01,occupation,machinery_drivers,gis,247.8
2024-06-01,occupation,machinery_drivers,mrl,247.7
2024-06-01,occupation,machinery_drivers,mwt,330.8
2024-06-01,occupation,machinery_drivers,nld,350.0
2024-06-01,occupation,machinery_drivers,otg,418.8
2024-06-01,occupation,machinery_drivers,wai,369.0
2024-06-01,occupation,machinery_drivers,wlg,247.4
2024-06-01,occupation,managers,akl,97.3
2024-06-01,occupation,managers,bop,217.0
2024-06-01,occupation,managers,cant,134.5
2024-06-01,occupation,managers,gis,106.1
2024-06-01,occupation,managers,mrl,162.8
2024-06-01,occupation,managers,mwt,158.3
2024-06-01,occupation,managers,nld,224.8
2024-06-01,occupation,managers,otg,234.6
2024-06-01,occupation,managers,wai,156.2
2024-06-01,occupation,managers,wlg,75.7
2024-06-01,occupation,professionals,akl,107.9
2024-06-01,occupation,professionals,bop,234.5
2024-06-01,occupation,professionals,cant,142.8
2024-06-01,occupation,professionals,gis,115.5
2024-06-01,occupation,professionals,mrl,156.4
2024-06-01,occupation,professionals,mwt,189.9
2024-06-01,occupation,professionals,nld,186.2
2024-06-01,occupation,professionals,otg,220.0
2024-06-01,occupation,professionals,wai,163.2
2024-06-01,occupation,professionals,wlg,86.9
2024-06-01,occupation,sales,akl,126.3
2024-06-01,occupation,sales,bop,226.8
2024-06-01,occupation,sales,cant,156.7
2024-06-01,occupation,sales,gis,167.5
2024-06-01,occupation,sales,mrl,226.7
2024-06-01,occupation,sales,mwt,214.1
2024-06-01,occupation,sales,nld,187.0
2024-06-01,occupation,sales,otg,250.0
2024-06-01,occupation,sales,wai,195.1
2024-06-01,occupation,sales,wlg,126.6
2024-06-01,occupation,trades_and_technical,akl,181.6
2024-06-01,occupation,trades_and_technical,bop,300.7
2024-06-01,occupation,trades_and_technical,cant,213.0
2024-06-01,occupation,trades_and_technical,gis,168.6
2024-06-01,occupation,trades_and_technical,mrl,228.0
2024-06-01,occupation,trades_and_technical,mwt,261.4
2024-06-01,occupation,trades_and_technical,nld,278.6
2024-06-01,occupation,trades_and_technical,otg,400.3
2024-06-01,occupation,trades_and_technical,wai,262.2
2024-06-01,occupation,trades_and_technical,wlg,147.5
2024-06-01,skill_level,highly_skilled,akl,103.5
2024-06-01,skill_level,highly_skilled,bop,284.54
2024-06-01,skill_level,highly_skilled,cant,151.78
2024-06-01,skill_level,highly_skilled,gis,159.61
2024-06-01,skill_level,highly_skilled,mrl,208.96
2024-06-01,skill_level,highly_skilled,mwt,231.08
2024-06-01,skill_level,highly_skilled,nld,258.31
2024-06-01,skill_level,highly_skilled,otg,279.73
2024-06-01,skill_level,highly_skilled,wai,185.69
2024-06-01,skill_level,highly_skilled,wlg,83.76
2024-06-01,skill_level,low_skilled,akl,137.82
2024-06-01,skill_level,low_skilled,bop,281.93
2024-06-01,skill_level,low_skilled,cant,189.25
2024-06-01,skill_level,low_skilled,gis,169.97
2024-06-01,skill_level,low_skilled,mrl,240.54
2024-06-01,skill_level,low_skilled,mwt,297.84
2024-06-01,skill_level,low_skilled,nld,268.92
2024-06-01,skill_level,low_skilled,otg,351.48
2024-06-01,skill_level,low_skilled,wai,268.24
2024-06-01,skill_level,low_skilled,wlg,142.61
2024-06-01,skill_level,semi_skilled,akl,210.28
2024-06-01,skill_level,semi_skilled,bop,377.27
2024-06-01,skill_level,semi_skilled,cant,257.08
2024-06-01,skill_level,semi_skilled,gis,195.27
2024-06-01,skill_level,semi_skilled,mrl,306.78
2024-06-01,skill_level,semi_skilled,mwt,294.78
2024-06-01,skill_level,semi_skilled,nld,293.48
2024-06-01,skill_level,semi_skilled,otg,503.92
2024-06-01,skill_level,semi_skilled,wai,292.41
2024-06-01,skill_level,semi_skilled,wlg,201.79
2024-06-01,skill_level,skilled,akl,132.81
2024-06-01,skill_level,skilled,bop,182.47
2024-06-01,skill_level,skilled,cant,139.88
2024-06-01,skill_level,skilled,gis,92.25
2024-06-01,skill_level,skilled,mrl,131.92
2024-06-01,skill_level,skilled,mwt,147.73
2024-06-01,skill_level,skilled,nld,167.77
2024-06-01,skill_level,skilled,otg,228.07
2024-06-01,skill_level,skilled,wai,162.15
2024-06-01,skill_level,skilled,wlg,104.66
2024-06-01,skill_level,unskilled,akl,157.79
2024-06-01,skill_level,unskilled,bop,265.23
2024-06-01,skill_level,unskilled,cant,185.69
2024-06-01,skill_level,unskilled,gis,291.2
2024-06-01,skill_level,unskilled,mrl,274.64
2024-06-01,skill_level,unskilled,mwt,317.15
2024-06-01,skill_level,unskilled,nld,328.57
2024-06-01,skill_level,unskilled,otg,362.33
2024-06-01,skill_level,unskilled,wai,243.75
2024-06-01,skill_level,unskilled,wlg,156.97
2024-09-01,industry,accounting,akl,100.64
2024-09-01,industry,accounting,bop,304.91
2024-09-01,industry,accounting,cant,150.28
2024-09-01,industry,accounting,gis,109.22
2024-09-01,industry,accounting,mrl,200.0
2024-09-01,industry,accounting,mwt,240.07
2024-09-01,industry,accounting,nld,228.46
2024-09-01,industry,accounting,otg,286.64
2024-09-01,industry,accounting,wai,192.06
2024-09-01,industry,accounting,wlg,103.48
2024-09-01,industry,construction,akl,165.35
2024-09-01,industry,construction,bop,340.18
2024-09-01,industry,construction,cant,201.72
2024-09-01,industry,construction,gis,168.56
2024-09-01,industry,construction,mrl,262.29
2024-09-01,industry,construction,mwt,231.62
2024-09-01,industry,construction,nld,377.03
2024-09-01,industry,construction,otg,475.06
2024-09-01,industry,construction,wai,268.78
2024-09-01,industry,construction,wlg,152.38
2024-09-01,industry,education,akl,147.55
2024-09-01,industry,education,bop,130.16
2024-09-01,industry,education,cant,158.14
2024-09-01,industry,education,gis,57.14
2024-09-01,industry,education,mrl,118.7
2024-09-01,industry,education,mwt,139.57
2024-09-01,industry,education,nld,146.58
2024-09-01,industry,education,otg,155.21
2024-09-01,industry,education,wai,167.31
2024-09-01,industry,education,wlg,130.85
2024-09-01,industry,health,akl,161.43
2024-09-01,industry,health,bop,400.11
2024-09-01,industry,health,cant,256.66
2024-09-01,industry,health,gis,175.16
2024-09-01,industry,health,mrl,401.57
2024-09-01,industry,health,mwt,355.06
2024-09-01,industry,health,nld,242.65
2024-09-01,industry,health,otg,417.73
2024-09-01,industry,health,wai,212.22
2024-09-01,industry,health,wlg,183.54
2024-09-01,industry,hospitality,akl,150.41
2024-09-01,industry,hospitality,bop,228.08
2024-09-01,industry,hospitality,cant,142.11
2024-09-01,industry,hospitality,gis,113.6
2024-09-01,industry,hospitality,mrl,221.29
2024-09-01,industry,hospitality,mwt,272.18
2024-09-01,industry,hospitality,nld,344.83
2024-09-01,industry,hospitality,otg,412.6
2024-09-01,industry,hospitality,wai,207.59
2024-09-01,industry,hospitality,wlg,138.48
2024-09-01,industry,it,akl,49.11
2024-09-01,industry,it,bop,127.71
2024-09-01,industry,it,cant,83.85
2024-09-01,industry,it,gis,33.33
2024-09-01,industry,it,mrl,80.77
2024-09-01,industry,it,mwt,127.06
2024-09-01,industry,it,nld,157.14
2024-09-01,industry,it,otg,127.96
2024-09-01,industry,it,wai,115.58
2024-09-01,industry,it,wlg,38.01
2024-09-01,industry,manufacturing,akl,149.21
2024-09-01,industry,manufacturing,bop,302.14
2024-09-01,industry,manufacturing,cant,286.5
2024-09-01,industry,manufacturing,gis,209.68
2024-09-01,industry,manufacturing,mrl,369.57
2024-09-01,industry,manufacturing,mwt,268.7
2024-09-01,industry,manufacturing,nld,344.64
2024-09-01,industry,manufacturing,otg,388.75
2024-09-01,industry,manufacturing,wai,283.6
2024-09-01,industry,manufacturing,wlg,182.02
2024-09-01,industry,other,akl,251.9
2024-09-01,industry,other,bop,467.31
2024-09-01,industry,other,cant,392.56
2024-09-01,industry,other,gis,223.68
2024-09-01,industry,other,mrl,396.05
2024-09-01,industry,other,mwt,340.4
2024-09-01,industry,other,nld,817.65
2024-09-01,industry,other,otg,647.62
2024-09-01,industry,other,wai,358.2
2024-09-01,industry,other,wlg,183.4
2024-09-01,industry,primary,akl,237.41
2024-09-01,industry,primary,bop,456.82
2024-09-01,industry,primary,cant,284.57
2024-09-01,industry,primary,gis,234.92
2024-09-01,industry,primary,mrl,275.27
2024-09-01,industry,primary,mwt,272.86
2024-09-01,industry,primary,nld,238.46
2024-09-01,industry,primary,otg,283.49
2024-09-01,industry,primary,wai,336.84
2024-09-01,industry,primary,wlg,244.78
2024-09-01,industry,sales,akl,94.94
2024-09-01,industry,sales,bop,177.03
2024-09-01,industry,sales,cant,116.74
2024-09-01,industry,sales,gis,111.5
2024-09-01,industry,sales,mrl,150.0
2024-09-01,industry,sales,mwt,128.19
2024-09-01,industry,sales,nld,213.85
2024-09-01,industry,sales,otg,210.66
2024-09-01,industry,sales,wai,133.79
2024-09-01,industry,sales,wlg,77.18
2024-09-01,occupation,clerical_admin,akl,95.5
2024-09-01,occupation,clerical_admin,bop,251.7
2024-09-01,occupation,clerical_admin,cant,141.5
2024-09-01,occupation,clerical_admin,gis,144.2
2024-09-01,occupation,clerical_admin,mrl,252.9
2024-09-01,occupation,clerical_admin,mwt,237.1
2024-09-01,occupation,clerical_admin,nld,282.8
2024-09-01,occupation,clerical_admin,otg,356.3
2024-09-01,occupation,clerical_admin,wai,203.9
2024-09-01,occupation,clerical_admin,wlg,90.8
2024-09-01,occupation,community_services,akl,187.6
2024-09-01,occupation,community_services,bop,231.0
2024-09-01,occupation,community_services,cant,187.1
2024-09-01,occupation,community_services,gis,152.9
2024-09-01,occupation,community_services,mrl,308.4
2024-09-01,occupation,community_services,mwt,323.8
2024-09-01,occupation,community_services,nld,441.4
2024-09-01,occupation,community_services,otg,515.6
2024-09-01,occupation,community_services,wai,276.0
2024-09-01,occupation,community_services,wlg,189.6
2024-09-01,occupation,labourers,akl,224.8
2024-09-01,occupation,labourers,bop,451.0
2024-09-01,occupation,labourers,cant,275.6
2024-09-01,occupation,labourers,gis,276.4
2024-09-01,occupation,labourers,mrl,357.3
2024-09-01,occupation,labourers,mwt,522.6
2024-09-01,occupation,labourers,nld,373.8
2024-09-01,occupation,labourers,otg,522.7
2024-09-01,occupation,labourers,wai,389.7
2024-09-01,occupation,labourers,wlg,232.0
2024-09-01,occupation,machinery_drivers,akl,216.4
2024-09-01,occupation,machinery_drivers,bop,414.6
2024-09-01,occupation,machinery_drivers,cant,351.2
2024-09-01,occupation,machinery_drivers,gis,253.6
2024-09-01,occupation,machinery_drivers,mrl,248.9
2024-09-01,occupation,machinery_drivers,mwt,319.2
2024-09-01,occupation,machinery_drivers,nld,476.7
2024-09-01,occupation,machinery_drivers,otg,492.1
2024-09-01,occupation,machinery_drivers,wai,351.5
2024-09-01,occupation,machinery_drivers,wlg,213.7
2024-09-01,occupation,managers,akl,90.2
2024-09-01,occupation,managers,bop,223.0
2024-09-01,occupation,managers,cant,131.1
2024-09-01,occupation,managers,gis,90.5
2024-09-01,occupation,managers,mrl,176.6
2024-09-01,occupation,managers,mwt,161.6
2024-09-01,occupation,managers,nld,286.1
2024-09-01,occupation,managers,otg,244.1
2024-09-01,occupation,managers,wai,160.1
2024-09-01,occupation,managers,wlg,75.8
2024-09-01,occupation,professionals,akl,109.6
2024-09-01,occupation,professionals,bop,257.2
2024-09-01,occupation,professionals,cant,156.3
2024-09-01,occupation,professionals,gis,99.1
2024-09-01,occupation,professionals,mrl,173.5
2024-09-01,occupation,professionals,mwt,199.3
2024-09-01,occupation,professionals,nld,190.3
2024-09-01,occupation,professionals,otg,229.9
2024-09-01,occupation,professionals,wai,169.6
2024-09-01,occupation,professionals,wlg,94.5
2024-09-01,occupation,sales,akl,126.5
2024-09-01,occupation,sales,bop,249.7
2024-09-01,occupation,sales,cant,154.0
2024-09-01,occupation,sales,gis,139.7
2024-09-01,occupation,sales,mrl,197.4
2024-09-01,occupation,sales,mwt,199.3
2024-09-01,occupation,sales,nld,203.3
2024-09-01,occupation,sales,otg,273.0
2024-09-01,occupation,sales,wai,187.0
2024-09-01,occupation,sales,wlg,114.7
2024-09-01,occupation,trades_and_technical,akl,170.3
2024-09-01,occupation,trades_and_technical,bop,323.2
2024-09-01,occupation,trades_and_technical,cant,223.9
2024-09-01,occupation,trades_and_technical,gis,155.2
2024-09-01,occupation,trades_and_technical,mrl,260.3
2024-09-01,occupation,trades_and_technical,mwt,241.6
2024-09-01,occupation,trades_and_technical,nld,337.3
2024-09-01,occupation,trades_and_technical,otg,413.6
2024-09-01,occupation,trades_and_technical,wai,269.4
2024-09-01,occupation,trades_and_technical,wlg,142.6
2024-09-01,skill_level,highly_skilled,akl,98.93
2024-09-01,skill_level,highly_skilled,bop,297.93
2024-09-01,skill_level,highly_skilled,cant,146.21
2024-09-01,skill_level,highly_skilled,gis,124.72
2024-09-01,skill_level,highly_skilled,mrl,211.78
2024-09-01,skill_level,highly_skilled,mwt,229.98
2024-09-01,skill_level,highly_skilled,nld,252.58
2024-09-01,skill_level,highly_skilled,otg,265.63
2024-09-01,skill_level,highly_skilled,wai,176.38
2024-09-01,skill_level,highly_skilled,wlg,86.15
2024-09-01,skill_level,low_skilled,akl,125.27
2024-09-01,skill_level,low_skilled,bop,271.9
2024-09-01,skill_level,low_skilled,cant,188.95
2024-09-01,skill_level,low_skilled,gis,155.08
2024-09-01,skill_level,low_skilled,mrl,243.39
2024-09-01,skill_level,low_skilled,mwt,273.18
2024-09-01,skill_level,low_skilled,nld,308.78
2024-09-01,skill_level,low_skilled,otg,371.31
2024-09-01,skill_level,low_skilled,wai,251.25
2024-09-01,skill_level,low_skilled,wlg,127.56
2024-09-01,skill_level,semi_skilled,akl,191.91
2024-09-01,skill_level,semi_skilled,bop,392.42
2024-09-01,skill_level,semi_skilled,cant,259.26
2024-09-01,skill_level,semi_skilled,gis,183.78
2024-09-01,skill_level,semi_skilled,mrl,317.8
2024-09-01,skill_level,semi_skilled,mwt,284.65
2024-09-01,skill_level,semi_skilled,nld,321.74
2024-09-01,skill_level,semi_skilled,otg,502.94
2024-09-01,skill_level,semi_skilled,wai,304.29
2024-09-01,skill_level,semi_skilled,wlg,196.57
2024-09-01,skill_level,skilled,akl,138.8
2024-09-01,skill_level,skilled,bop,197.08
2024-09-01,skill_level,skilled,cant,177.03
2024-09-01,skill_level,skilled,gis,85.82
2024-09-01,skill_level,skilled,mrl,173.55
2024-09-01,skill_level,skilled,mwt,161.62
2024-09-01,skill_level,skilled,nld,216.9
2024-09-01,skill_level,skilled,otg,271.0
2024-09-01,skill_level,skilled,wai,189.5
2024-09-01,skill_level,skilled,wlg,109.21
2024-09-01,skill_level,unskilled,akl,159.95
2024-09-01,skill_level,unskilled,bop,294.05
2024-09-01,skill_level,unskilled,cant,187.74
2024-09-01,skill_level,unskilled,gis,244.0
2024-09-01,skill_level,unskilled,mrl,293.24
2024-09-01,skill_level,unskilled,mwt,311.29
2024-09-01,skill_level,unskilled,nld,298.57
2024-09-01,skill_level,unskilled,otg,395.81
2024-09-01,skill_level,unskilled,wai,243.42
2024-09-01,skill_level,unskilled,wlg,142.98
2024-12-01,industry,accounting,akl,77.42
2024-12-01,industry,accounting,bop,246.79
2024-12-01,industry,accounting,cant,120.03
2024-12-01,industry,accounting,gis,100.71
2024-12-01,industry,accounting,mrl,158.62
2024-12-01,industry,accounting,mwt,204.87
2024-12-01,industry,accounting,nld,191.54
2024-12-01,industry,accounting,otg,225.34
2024-12-01,industry,accounting,wai,144.23
2024-12-01,industry,accounting,wlg,83.33
2024-12-01,industry,construction,akl,135.83
2024-12-01,industry,construction,bop,295.66
2024-12-01,industry,construction,cant,179.05
2024-12-01,industry,construction,gis,148.86
2024-12-01,industry,construction,mrl,224.58
2024-12-01,industry,construction,mwt,197.14
2024-12-01,industry,construction,nld,342.57
2024-12-01,industry,construction,otg,454.16
2024-12-01,industry,construction,wai,217.86
2024-12-01,industry,construction,wlg,122.63
2024-12-01,industry,education,akl,136.62
2024-12-01,industry,education,bop,150.49
2024-12-01,industry,education,cant,141.55
2024-12-01,industry,education,gis,44.08
2024-12-01,industry,education,mrl,118.26
2024-12-01,industry,education,mwt,157.18
2024-12-01,industry,education,nld,176.71
2024-12-01,industry,education,otg,156.15
2024-12-01,industry,education,wai,169.68
2024-12-01,industry,education,wlg,128.22
2024-12-01,industry,health,akl,126.04
2024-12-01,industry,health,bop,298.74
2024-12-01,industry,health,cant,208.32
2024-12-01,industry,health,gis,159.42
2024-12-01,industry,health,mrl,421.28
2024-12-01,industry,health,mwt,281.06
2024-12-01,industry,health,nld,211.24
2024-12-01,industry,health,otg,341.54
2024-12-01,industry,health,wai,190.02
2024-12-01,industry,health,wlg,139.46
2024-12-01,industry,hospitality,akl,130.1
2024-12-01,industry,hospitality,bop,213.3
2024-12-01,industry,hospitality,cant,145.26
2024-12-01,industry,hospitality,gis,112.0
2024-12-01,industry,hospitality,mrl,213.55
2024-12-01,industry,hospitality,mwt,218.05
2024-12-01,industry,hospitality,nld,324.14
2024-12-01,industry,hospitality,otg,449.19
2024-12-01,industry,hospitality,wai,200.0
2024-12-01,industry,hospitality,wlg,129.71
2024-12-01,industry,it,akl,38.32
2024-12-01,industry,it,bop,102.41
2024-12-01,industry,it,cant,74.53
2024-12-01,industry,it,gis,22.22
2024-12-01,industry,it,mrl,92.31
2024-12-01,industry,it,mwt,91.76
2024-12-01,industry,it,nld,164.29
2024-12-01,industry,it,otg,107.53
2024-12-01,industry,it,wai,70.35
2024-12-01,industry,it,wlg,32.0
2024-12-01,industry,manufacturing,akl,123.21
2024-12-01,industry,manufacturing,bop,265.78
2024-12-01,industry,manufacturing,cant,254.17
2024-12-01,industry,manufacturing,gis,237.9
2024-12-01,industry,manufacturing,mrl,346.74
2024-12-01,industry,manufacturing,mwt,254.35
2024-12-01,industry,manufacturing,nld,330.36
2024-12-01,industry,manufacturing,otg,387.5
2024-12-01,industry,manufacturing,wai,256.27
2024-12-01,industry,manufacturing,wlg,139.51
2024-12-01,industry,other,akl,186.55
2024-12-01,industry,other,bop,392.31
2024-12-01,industry,other,cant,348.84
2024-12-01,industry,other,gis,190.79
2024-12-01,industry,other,mrl,285.53
2024-12-01,industry,other,mwt,252.98
2024-12-01,industry,other,nld,747.06
2024-12-01,industry,other,otg,720.24
2024-12-01,industry,other,wai,290.48
2024-12-01,industry,other,wlg,182.87
2024-12-01,industry,primary,akl,189.8
2024-12-01,industry,primary,bop,381.82
2024-12-01,industry,primary,cant,197.53
2024-12-01,industry,primary,gis,222.22
2024-12-01,industry,primary,mrl,203.23
2024-12-01,industry,primary,mwt,202.86
2024-12-01,industry,primary,nld,128.21
2024-12-01,industry,primary,otg,203.67
2024-12-01,industry,primary,wai,209.47
2024-12-01,industry,primary,wlg,195.52
2024-12-01,industry,sales,akl,69.41
2024-12-01,industry,sales,bop,138.11
2024-12-01,industry,sales,cant,85.27
2024-12-01,industry,sales,gis,79.0
2024-12-01,industry,sales,mrl,107.59
2024-12-01,industry,sales,mwt,109.16
2024-12-01,industry,sales,nld,162.31
2024-12-01,industry,sales,otg,162.81
2024-12-01,industry,sales,wai,98.64
2024-12-01,industry,sales,wlg,61.5
2024-12-01,occupation,clerical_admin,akl,75.0
2024-12-01,occupation,clerical_admin,bop,246.1
2024-12-01,occupation,clerical_admin,cant,112.3
2024-12-01,occupation,clerical_admin,gis,136.3
2024-12-01,occupation,clerical_admin,mrl,206.0
2024-12-01,occupation,clerical_admin,mwt,199.4
2024-12-01,occupation,clerical_admin,nld,253.3
2024-12-01,occupation,clerical_admin,otg,324.4
2024-12-01,occupation,clerical_admin,wai,167.4
2024-12-01,occupation,clerical_admin,wlg,71.1
2024-12-01,occupation,community_services,akl,144.4
2024-12-01,occupation,community_services,bop,223.0
2024-12-01,occupation,community_services,cant,164.7
2024-12-01,occupation,community_services,gis,145.6
2024-12-01,occupation,community_services,mrl,271.9
2024-12-01,occupation,community_services,mwt,255.8
2024-12-01,occupation,community_services,nld,364.9
2024-12-01,occupation,community_services,otg,551.9
2024-12-01,occupation,community_services,wai,229.0
2024-12-01,occupation,community_services,wlg,162.1
2024-12-01,occupation,labourers,akl,181.9
2024-12-01,occupation,labourers,bop,339.8
2024-12-01,occupation,labourers,cant,239.4
2024-12-01,occupation,labourers,gis,257.6
2024-12-01,occupation,labourers,mrl,353.4
2024-12-01,occupation,labourers,mwt,407.1
2024-12-01,occupation,labourers,nld,326.2
2024-12-01,occupation,labourers,otg,533.0
2024-12-01,occupation,labourers,wai,329.4
2024-12-01,occupation,labourers,wlg,192.3
2024-12-01,occupation,machinery_drivers,akl,187.3
2024-12-01,occupation,machinery_drivers,bop,340.6
2024-12-01,occupation,machinery_drivers,cant,337.4
2024-12-01,occupation,machinery_drivers,gis,298.6
2024-12-01,occupation,machinery_drivers,mrl,266.1
2024-12-01,occupation,machinery_drivers,mwt,291.3
2024-12-01,occupation,machinery_drivers,nld,410.0
2024-12-01,occupation,machinery_drivers,otg,470.3
2024-12-01,occupation,machinery_drivers,wai,281.3
2024-12-01,occupation,machinery_drivers,wlg,156.3
2024-12-01,occupation,managers,akl,73.2
2024-12-01,occupation,managers,bop,181.3
2024-12-01,occupation,managers,cant,117.5
2024-12-01,occupation,managers,gis,91.2
2024-12-01,occupation,managers,mrl,122.5
2024-12-01,occupation,managers,mwt,146.8
2024-12-01,occupation,managers,nld,244.6
2024-12-01,occupation,managers,otg,215.3
2024-12-01,occupation,managers,wai,128.1
2024-12-01,occupation,managers,wlg,61.9
2024-12-01,occupation,professionals,akl,88.9
2024-12-01,occupation,professionals,bop,216.6
2024-12-01,occupation,professionals,cant,131.4
2024-12-01,occupation,professionals,gis,85.5
2024-12-01,occupation,professionals,mrl,172.0
2024-12-01,occupation,professionals,mwt,173.7
2024-12-01,occupation,professionals,nld,196.0
2024-12-01,occupation,professionals,otg,195.9
2024-12-01,occupation,professionals,wai,151.5
2024-12-01,occupation,professionals,wlg,81.4
2024-12-01,occupation,sales,akl,86.2
2024-12-01,occupation,sales,bop,192.9
2024-12-01,occupation,sales,cant,123.5
2024-12-01,occupation,sales,gis,94.4
2024-12-01,occupation,sales,mrl,138.8
2024-12-01,occupation,sales,mwt,151.9
2024-12-01,occupation,sales,nld,140.2
2024-12-01,occupation,sales,otg,209.5
2024-12-01,occupation,sales,wai,132.5
2024-12-01,occupation,sales,wlg,97.2
2024-12-01,occupation,trades_and_technical,akl,140.7
2024-12-01,occupation,trades_and_technical,bop,271.9
2024-12-01,occupation,trades_and_technical,cant,186.1
2024-12-01,occupation,trades_and_technical,gis,129.4
2024-12-01,occupation,trades_and_technical,mrl,233.2
2024-12-01,occupation,trades_and_technical,mwt,220.3
2024-12-01,occupation,trades_and_technical,nld,318.3
2024-12-01,occupation,trades_and_technical,otg,411.8
2024-12-01,occupation,trades_and_technical,wai,220.9
2024-12-01,occupation,trades_and_technical,wlg,129.8
2024-12-01,skill_level,highly_skilled,akl,77.85
2024-12-01,skill_level,highly_skilled,bop,229.48
2024-12-01,skill_level,highly_skilled,cant,126.8
2024-12-01,skill_level,highly_skilled,gis,116.44
2024-12-01,skill_level,highly_skilled,mrl,194.86
2024-12-01,skill_level,highly_skilled,mwt,184.79
2024-12-01,skill_level,highly_skilled,nld,232.51
2024-12-01,skill_level,highly_skilled,otg,222.03
2024-12-01,skill_level,highly_skilled,wai,145.91
2024-12-01,skill_level,highly_skilled,wlg,71.1
2024-12-01,skill_level,low_skilled,akl,99.55
2024-12-01,skill_level,low_skilled,bop,238.01
2024-12-01,skill_level,low_skilled,cant,167.44
2024-12-01,skill_level,low_skilled,gis,157.47
2024-12-01,skill_level,low_skilled,mrl,218.99
2024-12-01,skill_level,low_skilled,mwt,238.61
2024-12-01,skill_level,low_skilled,nld,255.1
2024-12-01,skill_level,low_skilled,otg,350.84
2024-12-01,skill_level,low_skilled,wai,207.55
2024-12-01,skill_level,low_skilled,wlg,105.0
2024-12-01,skill_level,semi_skilled,akl,155.04
2024-12-01,skill_level,semi_skilled,bop,317.17
2024-12-01,skill_level,semi_skilled,cant,213.36
2024-12-01,skill_level,semi_skilled,gis,150.0
2024-12-01,skill_level,semi_skilled,mrl,258.47
2024-12-01,skill_level,semi_skilled,mwt,251.22
2024-12-01,skill_level,semi_skilled,nld,286.96
2024-12-01,skill_level,semi_skilled,otg,486.27
2024-12-01,skill_level,semi_skilled,wai,236.3
2024-12-01,skill_level,semi_skilled,wlg,169.06
2024-12-01,skill_level,skilled,akl,120.0
2024-12-01,skill_level,skilled,bop,201.56
2024-12-01,skill_level,skilled,cant,145.78
2024-12-01,skill_level,skilled,gis,69.89
2024-12-01,skill_level,skilled,mrl,157.88
2024-12-01,skill_level,skilled,mwt,155.97
2024-12-01,skill_level,skilled,nld,221.25
2024-12-01,skill_level,skilled,otg,267.29
2024-12-01,skill_level,skilled,wai,172.28
2024-12-01,skill_level,skilled,wlg,102.1
2024-12-01,skill_level,unskilled,akl,116.66
2024-12-01,skill_level,unskilled,bop,240.81
2024-12-01,skill_level,unskilled,cant,152.26
2024-12-01,skill_level,unskilled,gis,199.2
2024-12-01,skill_level,unskilled,mrl,262.73
2024-12-01,skill_level,unskilled,mwt,238.8
2024-12-01,skill_level,unskilled,nld,262.86
2024-12-01,skill_level,unskilled,otg,378.6
2024-12-01,skill_level,unskilled,wai,188.49
2024-12-01,skill_level,unskilled,wlg,112.1
2025-03-01,industry,accounting,akl,98.34
2025-03-01,industry,accounting,bop,288.3
2025-03-01,industry,accounting,cant,158.1
2025-03-01,industry,accounting,gis,126.95
2025-03-01,industry,accounting,mrl,204.02
2025-03-01,industry,accounting,mwt,208.61
2025-03-01,industry,accounting,nld,223.08
2025-03-01,industry,accounting,otg,297.26
2025-03-01,industry,accounting,wai,196.03
2025-03-01,industry,accounting,wlg,104.9
2025-03-01,industry,construction,akl,157.61
2025-03-01,industry,construction,bop,330.59
2025-03-01,industry,construction,cant,217.12
2025-03-01,industry,construction,gis,172.35
2025-03-01,industry,construction,mrl,287.71
2025-03-01,industry,construction,mwt,209.52
2025-03-01,industry,construction,nld,352.03
2025-03-01,industry,construction,otg,527.96
2025-03-01,industry,construction,wai,255.84
2025-03-01,industry,construction,wlg,141.64
2025-03-01,industry,education,akl,97.07
2025-03-01,industry,education,bop,100.98
2025-03-01,industry,education,cant,92.85
2025-03-01,industry,education,gis,37.14
2025-03-01,industry,education,mrl,75.65
2025-03-01,industry,education,mwt,103.25
2025-03-01,industry,education,nld,85.84
2025-03-01,industry,education,otg,104.73
2025-03-01,industry,education,wai,107.31
2025-03-01,industry,education,wlg,94.88
2025-03-01,industry,health,akl,139.54
2025-03-01,industry,health,bop,325.11
2025-03-01,industry,health,cant,237.15
2025-03-01,industry,health,gis,159.83
2025-03-01,industry,health,mrl,351.44
2025-03-01,industry,health,mwt,341.1
2025-03-01,industry,health,nld,233.19
2025-03-01,industry,health,otg,439.62
2025-03-01,industry,health,wai,217.7
2025-03-01,industry,health,wlg,178.22
2025-03-01,industry,hospitality,akl,152.22
2025-03-01,industry,hospitality,bop,252.22
2025-03-01,industry,hospitality,cant,149.17
2025-03-01,industry,hospitality,gis,142.4
2025-03-01,industry,hospitality,mrl,196.13
2025-03-01,industry,hospitality,mwt,278.2
2025-03-01,industry,hospitality,nld,310.34
2025-03-01,industry,hospitality,otg,439.84
2025-03-01,industry,hospitality,wai,207.59
2025-03-01,industry,hospitality,wlg,173.9
2025-03-01,industry,it,akl,47.52
2025-03-01,industry,it,bop,107.23
2025-03-01,industry,it,cant,78.57
2025-03-01,industry,it,gis,29.63
2025-03-01,industry,it,mrl,107.69
2025-03-01,industry,it,mwt,100.0
2025-03-01,industry,it,nld,164.29
2025-03-01,industry,it,otg,149.46
2025-03-01,industry,it,wai,95.48
2025-03-01,industry,it,wlg,36.95
2025-03-01,industry,manufacturing,akl,146.69
2025-03-01,industry,manufacturing,bop,387.17
2025-03-01,industry,manufacturing,cant,293.43
2025-03-01,industry,manufacturing,gis,270.16
2025-03-01,industry,manufacturing,mrl,423.91
2025-03-01,industry,manufacturing,mwt,270.87
2025-03-01,industry,manufacturing,nld,333.93
2025-03-01,industry,manufacturing,otg,467.5
2025-03-01,industry,manufacturing,wai,312.86
2025-03-01,industry,manufacturing,wlg,195.64
2025-03-01,industry,other,akl,263.45
2025-03-01,industry,other,bop,425.0
2025-03-01,industry,other,cant,443.26
2025-03-01,industry,other,gis,190.79
2025-03-01,industry,other,mrl,355.26
2025-03-01,industry,other,mwt,332.45
2025-03-01,industry,other,nld,785.29
2025-03-01,industry,other,otg,740.48
2025-03-01,industry,other,wai,429.1
2025-03-01,industry,other,wlg,223.85
2025-03-01,industry,primary,akl,234.01
2025-03-01,industry,primary,bop,477.27
2025-03-01,industry,primary,cant,259.26
2025-03-01,industry,primary,gis,230.16
2025-03-01,industry,primary,mrl,188.17
2025-03-01,industry,primary,mwt,248.57
2025-03-01,industry,primary,nld,205.13
2025-03-01,industry,primary,otg,255.96
2025-03-01,industry,primary,wai,317.89
2025-03-01,industry,primary,wlg,216.42
2025-03-01,industry,sales,akl,92.9
2025-03-01,industry,sales,bop,188.65
2025-03-01,industry,sales,cant,113.88
2025-03-01,industry,sales,gis,99.0
2025-03-01,industry,sales,mrl,157.59
2025-03-01,industry,sales,mwt,133.98
2025-03-01,industry,sales,nld,213.08
2025-03-01,industry,sales,otg,215.42
2025-03-01,industry,sales,wai,136.97
2025-03-01,industry,sales,wlg,79.86
2025-03-01,occupation,clerical_admin,akl,96.9
2025-03-01,occupation,clerical_admin,bop,281.1
2025-03-01,occupation,clerical_admin,cant,140.4
2025-03-01,occupation,clerical_admin,gis,136.3
2025-03-01,occupation,clerical_admin,mrl,261.7
2025-03-01,occupation,clerical_admin,mwt,218.7
2025-03-01,occupation,clerical_admin,nld,282.8
2025-03-01,occupation,clerical_admin,otg,399.5
2025-03-01,occupation,clerical_admin,wai,237.0
2025-03-01,occupation,clerical_admin,wlg,96.5
2025-03-01,occupation,community_services,akl,180.8
2025-03-01,occupation,community_services,bop,266.2
2025-03-01,occupation,community_services,cant,204.9
2025-03-01,occupation,community_services,gis,150.7
2025-03-01,occupation,community_services,mrl,253.6
2025-03-01,occupation,community_services,mwt,321.5
2025-03-01,occupation,community_services,nld,372.4
2025-03-01,occupation,community_services,otg,564.9
2025-03-01,occupation,community_services,wai,300.0
2025-03-01,occupation,community_services,wlg,207.1
2025-03-01,occupation,labourers,akl,213.6
2025-03-01,occupation,labourers,bop,454.1
2025-03-01,occupation,labourers,cant,295.3
2025-03-01,occupation,labourers,gis,263.9
2025-03-01,occupation,labourers,mrl,363.8
2025-03-01,occupation,labourers,mwt,501.2
2025-03-01,occupation,labourers,nld,390.5
2025-03-01,occupation,labourers,otg,658.8
2025-03-01,occupation,labourers,wai,380.1
2025-03-01,occupation,labourers,wlg,222.2
2025-03-01,occupation,machinery_drivers,akl,224.7
2025-03-01,occupation,machinery_drivers,bop,456.3
2025-03-01,occupation,machinery_drivers,cant,356.2
2025-03-01,occupation,machinery_drivers,gis,334.8
2025-03-01,occupation,machinery_drivers,mrl,252.6
2025-03-01,occupation,machinery_drivers,mwt,288.5
2025-03-01,occupation,machinery_drivers,nld,436.7
2025-03-01,occupation,machinery_drivers,otg,514.9
2025-03-01,occupation,machinery_drivers,wai,309.9
2025-03-01,occupation,machinery_drivers,wlg,223.7
2025-03-01,occupation,managers,akl,92.9
2025-03-01,occupation,managers,bop,220.6
2025-03-01,occupation,managers,cant,143.1
2025-03-01,occupation,managers,gis,98.0
2025-03-01,occupation,managers,mrl,184.9
2025-03-01,occupation,managers,mwt,163.4
2025-03-01,occupation,managers,nld,271.3
2025-03-01,occupation,managers,otg,266.1
2025-03-01,occupation,managers,wai,161.4
2025-03-01,occupation,managers,wlg,80.3
2025-03-01,occupation,professionals,akl,92.8
2025-03-01,occupation,professionals,bop,198.8
2025-03-01,occupation,professionals,cant,135.0
2025-03-01,occupation,professionals,gis,93.0
2025-03-01,occupation,professionals,mrl,146.8
2025-03-01,occupation,professionals,mwt,163.0
2025-03-01,occupation,professionals,nld,171.1
2025-03-01,occupation,professionals,otg,208.8
2025-03-01,occupation,professionals,wai,153.8
2025-03-01,occupation,professionals,wlg,88.6
2025-03-01,occupation,sales,akl,108.2
2025-03-01,occupation,sales,bop,243.7
2025-03-01,occupation,sales,cant,150.7
2025-03-01,occupation,sales,gis,127.8
2025-03-01,occupation,sales,mrl,200.0
2025-03-01,occupation,sales,mwt,182.0
2025-03-01,occupation,sales,nld,170.7
2025-03-01,occupation,sales,otg,293.7
2025-03-01,occupation,sales,wai,170.5
2025-03-01,occupation,sales,wlg,116.7
2025-03-01,occupation,trades_and_technical,akl,174.1
2025-03-01,occupation,trades_and_technical,bop,323.6
2025-03-01,occupation,trades_and_technical,cant,245.6
2025-03-01,occupation,trades_and_technical,gis,161.7
2025-03-01,occupation,trades_and_technical,mrl,263.1
2025-03-01,occupation,trades_and_technical,mwt,249.7
2025-03-01,occupation,trades_and_technical,nld,294.4
2025-03-01,occupation,trades_and_technical,otg,459.8
2025-03-01,occupation,trades_and_technical,wai,269.4
2025-03-01,occupation,trades_and_technical,wlg,155.9
2025-03-01,skill_level,highly_skilled,akl,93.24
2025-03-01,skill_level,highly_skilled,bop,253.62
2025-03-01,skill_level,highly_skilled,cant,149.67
2025-03-01,skill_level,highly_skilled,gis,128.65
2025-03-01,skill_level,highly_skilled,mrl,209.83
2025-03-01,skill_level,highly_skilled,mwt,204.04
2025-03-01,skill_level,highly_skilled,nld,251.72
2025-03-01,skill_level,highly_skilled,otg,275.94
2025-03-01,skill_level,highly_skilled,wai,177.04
2025-03-01,skill_level,highly_skilled,wlg,86.7
2025-03-01,skill_level,low_skilled,akl,123.94
2025-03-01,skill_level,low_skilled,bop,292.75
2025-03-01,skill_level,low_skilled,cant,198.16
2025-03-01,skill_level,low_skilled,gis,172.65
2025-03-01,skill_level,low_skilled,mrl,241.81
2025-03-01,skill_level,low_skilled,mwt,264.33
2025-03-01,skill_level,low_skilled,nld,304.52
2025-03-01,skill_level,low_skilled,otg,421.1
2025-03-01,skill_level,low_skilled,wai,249.88
2025-03-01,skill_level,low_skilled,wlg,135.5
2025-03-01,skill_level,semi_skilled,akl,204.89
2025-03-01,skill_level,semi_skilled,bop,382.32
2025-03-01,skill_level,semi_skilled,cant,298.27
2025-03-01,skill_level,semi_skilled,gis,190.54
2025-03-01,skill_level,semi_skilled,mrl,346.61
2025-03-01,skill_level,semi_skilled,mwt,313.01
2025-03-01,skill_level,semi_skilled,nld,278.26
2025-03-01,skill_level,semi_skilled,otg,544.12
2025-03-01,skill_level,semi_skilled,wai,300.99
2025-03-01,skill_level,semi_skilled,wlg,206.0
2025-03-01,skill_level,skilled,akl,117.14
2025-03-01,skill_level,skilled,bop,190.65
2025-03-01,skill_level,skilled,cant,141.97
2025-03-01,skill_level,skilled,gis,70.16
2025-03-01,skill_level,skilled,mrl,129.35
2025-03-01,skill_level,skilled,mwt,136.44
2025-03-01,skill_level,skilled,nld,158.08
2025-03-01,skill_level,skilled,otg,257.25
2025-03-01,skill_level,skilled,wai,174.69
2025-03-01,skill_level,skilled,wlg,106.94
2025-03-01,skill_level,unskilled,akl,139.58
2025-03-01,skill_level,unskilled,bop,307.23
2025-03-01,skill_level,unskilled,cant,190.66
2025-03-01,skill_level,unskilled,gis,228.8
2025-03-01,skill_level,unskilled,mrl,292.5
2025-03-01,skill_level,unskilled,mwt,283.04
2025-03-01,skill_level,unskilled,nld,282.86
2025-03-01,skill_level,unskilled,otg,449.77
2025-03-01,skill_level,unskilled,wai,234.54
2025-03-01,skill_level,unskilled,wlg,138.54
2025-06-01,industry,accounting,akl,92.16
2025-06-01,industry,accounting,bop,292.83
2025-06-01,industry,accounting,cant,150.92
2025-06-01,industry,accounting,gis,114.89
2025-06-01,industry,accounting,mrl,218.39
2025-06-01,industry,accounting,mwt,234.08
2025-06-01,industry,accounting,nld,244.62
2025-06-01,industry,accounting,otg,297.6
2025-06-01,industry,accounting,wai,182.99
2025-06-01,industry,accounting,wlg,97.57
2025-06-01,industry,construction,akl,153.33
2025-06-01,industry,construction,bop,309.59
2025-06-01,industry,construction,cant,218.37
2025-06-01,industry,construction,gis,152.65
2025-06-01,industry,construction,mrl,289.41
2025-06-01,industry,construction,mwt,206.29
2025-06-01,industry,construction,nld,360.14
2025-06-01,industry,construction,otg,517.88
2025-06-01,industry,construction,wai,260.2
2025-06-01,industry,construction,wlg,142.47
2025-06-01,industry,education,akl,98.7
2025-06-01,industry,education,bop,83.93
2025-06-01,industry,education,cant,93.61
2025-06-01,industry,education,gis,40.82
2025-06-01,industry,education,mrl,82.17
2025-06-01,industry,education,mwt,97.83
2025-06-01,industry,education,nld,69.41
2025-06-01,industry,education,otg,97.16
2025-06-01,industry,education,wai,102.37
2025-06-01,industry,education,wlg,83.77
2025-06-01,industry,health,akl,153.84
2025-06-01,industry,health,bop,430.19
2025-06-01,industry,health,cant,267.91
2025-06-01,industry,health,gis,197.1
2025-06-01,industry,health,mrl,369.47
2025-06-01,industry,health,mwt,405.04
2025-06-01,industry,health,nld,307.19
2025-06-01,industry,health,otg,448.38
2025-06-01,industry,health,wai,240.65
2025-06-01,industry,health,wlg,199.97
2025-06-01,industry,hospitality,akl,113.09
2025-06-01,industry,hospitality,bop,159.61
2025-06-01,industry,hospitality,cant,115.34
2025-06-01,industry,hospitality,gis,91.2
2025-06-01,industry,hospitality,mrl,154.19
2025-06-01,industry,hospitality,mwt,247.37
2025-06-01,industry,hospitality,nld,289.66
2025-06-01,industry,hospitality,otg,301.22
2025-06-01,industry,hospitality,wai,176.79
2025-06-01,industry,hospitality,wlg,131.62
2025-06-01,industry,it,akl,50.53
2025-06-01,industry,it,bop,100.0
2025-06-01,industry,it,cant,70.34
2025-06-01,industry,it,gis,11.11
2025-06-01,industry,it,mrl,150.0
2025-06-01,industry,it,mwt,132.94
2025-06-01,industry,it,nld,250.0
2025-06-01,industry,it,otg,111.83
2025-06-01,industry,it,wai,97.99
2025-06-01,industry,it,wlg,38.36
2025-06-01,industry,manufacturing,akl,124.74
2025-06-01,industry,manufacturing,bop,284.49
2025-06-01,industry,manufacturing,cant,242.1
2025-06-01,industry,manufacturing,gis,149.19
2025-06-01,industry,manufacturing,mrl,304.35
2025-06-01,industry,manufacturing,mwt,224.35
2025-06-01,industry,manufacturing,nld,333.93
2025-06-01,industry,manufacturing,otg,378.75
2025-06-01,industry,manufacturing,wai,267.2
2025-06-01,industry,manufacturing,wlg,165.67
2025-06-01,industry,other,akl,235.05
2025-06-01,industry,other,bop,416.35
2025-06-01,industry,other,cant,359.53
2025-06-01,industry,other,gis,153.95
2025-06-01,industry,other,mrl,330.26
2025-06-01,industry,other,mwt,298.68
2025-06-01,industry,other,nld,788.24
2025-06-01,industry,other,otg,678.57
2025-06-01,industry,other,wai,388.36
2025-06-01,industry,other,wlg,215.81
2025-06-01,industry,primary,akl,247.62
2025-06-01,industry,primary,bop,470.45
2025-06-01,industry,primary,cant,275.93
2025-06-01,industry,primary,gis,161.9
2025-06-01,industry,primary,mrl,181.72
2025-06-01,industry,primary,mwt,254.29
2025-06-01,industry,primary,nld,197.44
2025-06-01,industry,primary,otg,292.66
2025-06-01,industry,primary,wai,349.47
2025-06-01,industry,primary,wlg,229.85
2025-06-01,industry,sales,akl,84.77
2025-06-01,industry,sales,bop,148.65
2025-06-01,industry,sales,cant,101.86
2025-06-01,industry,sales,gis,77.5
2025-06-01,industry,sales,mrl,132.14
2025-06-01,industry,sales,mwt,119.52
2025-06-01,industry,sales,nld,152.31
2025-06-01,industry,sales,otg,190.48
2025-06-01,industry,sales,wai,124.24
2025-06-01,industry,sales,wlg,68.83
2025-06-01,occupation,clerical_admin,akl,84.4
2025-06-01,occupation,clerical_admin,bop,259.8
2025-06-01,occupation,clerical_admin,cant,130.1
2025-06-01,occupation,clerical_admin,gis,122.1
2025-06-01,occupation,clerical_admin,mrl,240.4
2025-06-01,occupation,clerical_admin,mwt,220.3
2025-06-01,occupation,clerical_admin,nld,313.5
2025-06-01,occupation,clerical_admin,otg,350.2
2025-06-01,occupation,clerical_admin,wai,209.7
2025-06-01,occupation,clerical_admin,wlg,85.1
2025-06-01,occupation,community_services,akl,163.3
2025-06-01,occupation,community_services,bop,217.4
2025-06-01,occupation,community_services,cant,173.9
2025-06-01,occupation,community_services,gis,131.6
2025-06-01,occupation,community_services,mrl,274.1
2025-06-01,occupation,community_services,mwt,329.7
2025-06-01,occupation,community_services,nld,456.5
2025-06-01,occupation,community_services,otg,469.5
2025-06-01,occupation,community_services,wai,261.8
2025-06-01,occupation,community_services,wlg,178.0
2025-06-01,occupation,labourers,akl,191.0
2025-06-01,occupation,labourers,bop,369.4
2025-06-01,occupation,labourers,cant,248.5
2025-06-01,occupation,labourers,gis,211.4
2025-06-01,occupation,labourers,mrl,324.7
2025-06-01,occupation,labourers,mwt,423.8
2025-06-01,occupation,labourers,nld,283.3
2025-06-01,occupation,labourers,otg,528.9
2025-06-01,occupation,labourers,wai,404.4
2025-06-01,occupation,labourers,wlg,215.7
2025-06-01,occupation,machinery_drivers,akl,194.0
2025-06-01,occupation,machinery_drivers,bop,371.9
2025-06-01,occupation,machinery_drivers,cant,297.9
2025-06-01,occupation,machinery_drivers,gis,178.3
2025-06-01,occupation,machinery_drivers,mrl,163.1
2025-06-01,occupation,machinery_drivers,mwt,258.7
2025-06-01,occupation,machinery_drivers,nld,343.3
2025-06-01,occupation,machinery_drivers,otg,497.0
2025-06-01,occupation,machinery_drivers,wai,289.5
2025-06-01,occupation,machinery_drivers,wlg,184.7
2025-06-01,occupation,managers,akl,89.9
2025-06-01,occupation,managers,bop,195.1
2025-06-01,occupation,managers,cant,132.1
2025-06-01,occupation,managers,gis,87.1
2025-06-01,occupation,managers,mrl,180.5
2025-06-01,occupation,managers,mwt,154.9
2025-06-01,occupation,managers,nld,251.5
2025-06-01,occupation,managers,otg,242.9
2025-06-01,occupation,managers,wai,163.5
2025-06-01,occupation,managers,wlg,76.6
2025-06-01,occupation,professionals,akl,95.4
2025-06-01,occupation,professionals,bop,233.4
2025-06-01,occupation,professionals,cant,142.2
2025-06-01,occupation,professionals,gis,99.6
2025-06-01,occupation,professionals,mrl,145.8
2025-06-01,occupation,professionals,mwt,178.3
2025-06-01,occupation,professionals,nld,179.4
2025-06-01,occupation,professionals,otg,210.4
2025-06-01,occupation,professionals,wai,154.1
2025-06-01,occupation,professionals,wlg,92.3
2025-06-01,occupation,sales,akl,95.0
2025-06-01,occupation,sales,bop,185.8
2025-06-01,occupation,sales,cant,124.7
2025-06-01,occupation,sales,gis,92.1
2025-06-01,occupation,sales,mrl,175.0
2025-06-01,occupation,sales,mwt,172.2
2025-06-01,occupation,sales,nld,157.6
2025-06-01,occupation,sales,otg,246.4
2025-06-01,occupation,sales,wai,147.4
2025-06-01,occupation,sales,wlg,100.4
2025-06-01,occupation,trades_and_technical,akl,161.9
2025-06-01,occupation,trades_and_technical,bop,285.3
2025-06-01,occupation,trades_and_technical,cant,238.1
2025-06-01,occupation,trades_and_technical,gis,135.4
2025-06-01,occupation,trades_and_technical,mrl,252.8
2025-06-01,occupation,trades_and_technical,mwt,263.2
2025-06-01,occupation,trades_and_technical,nld,359.5
2025-06-01,occupation,trades_and_technical,otg,444.8
2025-06-01,occupation,trades_and_technical,wai,265.1
2025-06-01,occupation,trades_and_technical,wlg,138.3
2025-06-01,skill_level,highly_skilled,akl,94.74
2025-06-01,skill_level,highly_skilled,bop,279.97
2025-06-01,skill_level,highly_skilled,cant,151.75
2025-06-01,skill_level,highly_skilled,gis,132.35
2025-06-01,skill_level,highly_skilled,mrl,205.71
2025-06-01,skill_level,highly_skilled,mwt,225.96
2025-06-01,skill_level,highly_skilled,nld,272.94
2025-06-01,skill_level,highly_skilled,otg,271.63
2025-06-01,skill_level,highly_skilled,wai,179.66
2025-06-01,skill_level,highly_skilled,wlg,88.54
2025-06-01,skill_level,low_skilled,akl,107.28
2025-06-01,skill_level,low_skilled,bop,242.02
2025-06-01,skill_level,low_skilled,cant,168.04
2025-06-01,skill_level,low_skilled,gis,124.13
2025-06-01,skill_level,low_skilled,mrl,209.8
2025-06-01,skill_level,low_skilled,mwt,245.36
2025-06-01,skill_level,low_skilled,nld,285.39
2025-06-01,skill_level,low_skilled,otg,359.7
2025-06-01,skill_level,low_skilled,wai,233.31
2025-06-01,skill_level,low_skilled,wlg,115.51
2025-06-01,skill_level,semi_skilled,akl,196.31
2025-06-01,skill_level,semi_skilled,bop,357.58
2025-06-01,skill_level,semi_skilled,cant,300.96
2025-06-01,skill_level,semi_skilled,gis,162.84
2025-06-01,skill_level,semi_skilled,mrl,336.44
2025-06-01,skill_level,semi_skilled,mwt,308.96
2025-06-01,skill_level,semi_skilled,nld,339.13
2025-06-01,skill_level,semi_skilled,otg,565.69
2025-06-01,skill_level,semi_skilled,wai,301.98
2025-06-01,skill_level,semi_skilled,wlg,181.91
2025-06-01,skill_level,skilled,akl,108.14
2025-06-01,skill_level,skilled,bop,167.28
2025-06-01,skill_level,skilled,cant,135.99
2025-06-01,skill_level,skilled,gis,66.81
2025-06-01,skill_level,skilled,mrl,130.98
2025-06-01,skill_level,skilled,mwt,137.66
2025-06-01,skill_level,skilled,nld,167.77
2025-06-01,skill_level,skilled,otg,227.7
2025-06-01,skill_level,skilled,wai,152.15
2025-06-01,skill_level,skilled,wlg,97.95
2025-06-01,skill_level,unskilled,akl,120.9
2025-06-01,skill_level,unskilled,bop,237.87
2025-06-01,skill_level,unskilled,cant,151.53
2025-06-01,skill_level,unskilled,gis,165.6
2025-06-01,skill_level,unskilled,mrl,259.75
2025-06-01,skill_level,unskilled,mwt,262.79
2025-06-01,skill_level,unskilled,nld,247.14
2025-06-01,skill_level,unskilled,otg,366.98
2025-06-01,skill_level,unskilled,wai,232.57
2025-06-01,skill_level,unskilled,wlg,124.89
2025-09-01,industry,accounting,akl,95.6
2025-09-01,industry,accounting,bop,306.04
2025-09-01,industry,accounting,cant,166.64
2025-09-01,industry,accounting,gis,106.38
2025-09-01,industry,accounting,mrl,208.62
2025-09-01,industry,accounting,mwt,222.47
2025-09-01,industry,accounting,nld,214.62
2025-09-01,industry,accounting,otg,317.47
2025-09-01,industry,accounting,wai,191.3
2025-09-01,industry,accounting,wlg,114.12
2025-09-01,industry,construction,akl,162.4
2025-09-01,industry,construction,bop,366.21
2025-09-01,industry,construction,cant,261.53
2025-09-01,industry,construction,gis,184.85
2025-09-01,industry,construction,mrl,380.93
2025-09-01,industry,construction,mwt,224.0
2025-09-01,industry,construction,nld,389.19
2025-09-01,industry,construction,otg,619.14
2025-09-01,industry,construction,wai,291.14
2025-09-01,industry,construction,wlg,157.61
2025-09-01,industry,education,akl,115.49
2025-09-01,industry,education,bop,113.44
2025-09-01,industry,education,cant,146.73
2025-09-01,industry,education,gis,50.2
2025-09-01,industry,education,mrl,102.17
2025-09-01,industry,education,mwt,122.76
2025-09-01,industry,education,nld,115.98
2025-09-01,industry,education,otg,131.23
2025-09-01,industry,education,wai,142.37
2025-09-01,industry,education,wlg,117.4
2025-09-01,industry,health,akl,151.04
2025-09-01,industry,health,bop,418.65
2025-09-01,industry,health,cant,271.43
2025-09-01,industry,health,gis,174.74
2025-09-01,industry,health,mrl,335.11
2025-09-01,industry,health,mwt,371.61
2025-09-01,industry,health,nld,215.55
2025-09-01,industry,health,otg,454.95
2025-09-01,industry,health,wai,249.87
2025-09-01,industry,health,wlg,210.96
2025-09-01,industry,hospitality,akl,152.37
2025-09-01,industry,hospitality,bop,226.11
2025-09-01,industry,hospitality,cant,165.11
2025-09-01,industry,hospitality,gis,149.6
2025-09-01,industry,hospitality,mrl,273.55
2025-09-01,industry,hospitality,mwt,254.89
2025-09-01,industry,hospitality,nld,331.03
2025-09-01,industry,hospitality,otg,479.27
2025-09-01,industry,hospitality,wai,220.54
2025-09-01,industry,hospitality,wlg,144.57
2025-09-01,industry,it,akl,56.38
2025-09-01,industry,it,bop,122.89
2025-09-01,industry,it,cant,84.16
2025-09-01,industry,it,gis,40.74
2025-09-01,industry,it,mrl,161.54
2025-09-01,industry,it,mwt,136.47
2025-09-01,industry,it,nld,221.43
2025-09-01,industry,it,otg,112.9
2025-09-01,industry,it,wai,91.96
2025-09-01,industry,it,wlg,42.65
2025-09-01,industry,manufacturing,akl,139.75
2025-09-01,industry,manufacturing,bop,313.9
2025-09-01,industry,manufacturing,cant,296.27
2025-09-01,industry,manufacturing,gis,170.16
2025-09-01,industry,manufacturing,mrl,375.0
2025-09-01,industry,manufacturing,mwt,240.43
2025-09-01,industry,manufacturing,nld,321.43
2025-09-01,industry,manufacturing,otg,524.38
2025-09-01,industry,manufacturing,wai,295.18
2025-09-01,industry,manufacturing,wlg,173.3
2025-09-01,industry,other,akl,261.41
2025-09-01,industry,other,bop,519.23
2025-09-01,industry,other,cant,460.47
2025-09-01,industry,other,gis,211.84
2025-09-01,industry,other,mrl,402.63
2025-09-01,industry,other,mwt,344.37
2025-09-01,industry,other,nld,864.71
2025-09-01,industry,other,otg,773.81
2025-09-01,industry,other,wai,405.82
2025-09-01,industry,other,wlg,235.84
2025-09-01,industry,primary,akl,229.93
2025-09-01,industry,primary,bop,502.27
2025-09-01,industry,primary,cant,303.7
2025-09-01,industry,primary,gis,207.94
2025-09-01,industry,primary,mrl,264.52
2025-09-01,industry,primary,mwt,221.43
2025-09-01,industry,primary,nld,202.56
2025-09-01,industry,primary,otg,333.03
2025-09-01,industry,primary,wai,405.26
2025-09-01,industry,primary,wlg,201.49
2025-09-01,industry,sales,akl,91.06
2025-09-01,industry,sales,bop,187.57
2025-09-01,industry,sales,cant,121.78
2025-09-01,industry,sales,gis,81.5
2025-09-01,industry,sales,mrl,139.73
2025-09-01,industry,sales,mwt,140.96
2025-09-01,industry,sales,nld,176.15
2025-09-01,industry,sales,otg,214.97
2025-09-01,industry,sales,wai,125.61
2025-09-01,industry,sales,wlg,85.15
2025-09-01,occupation,clerical_admin,akl,88.8
2025-09-01,occupation,clerical_admin,bop,284.6
2025-09-01,occupation,clerical_admin,cant,145.0
2025-09-01,occupation,clerical_admin,gis,137.2
2025-09-01,occupation,clerical_admin,mrl,247.8
2025-09-01,occupation,clerical_admin,mwt,228.9
2025-09-01,occupation,clerical_admin,nld,255.5
2025-09-01,occupation,clerical_admin,otg,354.5
2025-09-01,occupation,clerical_admin,wai,208.1
2025-09-01,occupation,clerical_admin,wlg,96.0
2025-09-01,occupation,community_services,akl,178.1
2025-09-01,occupation,community_services,bop,259.2
2025-09-01,occupation,community_services,cant,202.6
2025-09-01,occupation,community_services,gis,180.1
2025-09-01,occupation,community_services,mrl,324.4
2025-09-01,occupation,community_services,mwt,362.8
2025-09-01,occupation,community_services,nld,439.9
2025-09-01,occupation,community_services,otg,609.1
2025-09-01,occupation,community_services,wai,284.8
2025-09-01,occupation,community_services,wlg,194.6
2025-09-01,occupation,labourers,akl,206.9
2025-09-01,occupation,labourers,bop,438.8
2025-09-01,occupation,labourers,cant,298.5
2025-09-01,occupation,labourers,gis,247.6
2025-09-01,occupation,labourers,mrl,389.9
2025-09-01,occupation,labourers,mwt,440.5
2025-09-01,occupation,labourers,nld,369.0
2025-09-01,occupation,labourers,otg,641.2
2025-09-01,occupation,labourers,wai,397.8
2025-09-01,occupation,labourers,wlg,201.2
2025-09-01,occupation,machinery_drivers,akl,194.8
2025-09-01,occupation,machinery_drivers,bop,415.6
2025-09-01,occupation,machinery_drivers,cant,370.8
2025-09-01,occupation,machinery_drivers,gis,211.6
2025-09-01,occupation,machinery_drivers,mrl,290.6
2025-09-01,occupation,machinery_drivers,mwt,304.8
2025-09-01,occupation,machinery_drivers,nld,466.7
2025-09-01,occupation,machinery_drivers,otg,674.3
2025-09-01,occupation,machinery_drivers,wai,303.5
2025-09-01,occupation,machinery_drivers,wlg,177.9
2025-09-01,occupation,managers,akl,100.7
2025-09-01,occupation,managers,bop,230.5
2025-09-01,occupation,managers,cant,170.0
2025-09-01,occupation,managers,gis,94.6
2025-09-01,occupation,managers,mrl,202.0
2025-09-01,occupation,managers,mwt,171.9
2025-09-01,occupation,managers,nld,251.5
2025-09-01,occupation,managers,otg,302.2
2025-09-01,occupation,managers,wai,179.0
2025-09-01,occupation,managers,wlg,95.5
2025-09-01,occupation,professionals,akl,100.6
2025-09-01,occupation,professionals,bop,265.8
2025-09-01,occupation,professionals,cant,167.8
2025-09-01,occupation,professionals,gis,91.6
2025-09-01,occupation,professionals,mrl,170.9
2025-09-01,occupation,professionals,mwt,183.1
2025-09-01,occupation,professionals,nld,168.9
2025-09-01,occupation,professionals,otg,248.2
2025-09-01,occupation,professionals,wai,169.8
2025-09-01,occupation,professionals,wlg,103.8
2025-09-01,occupation,sales,akl,103.2
2025-09-01,occupation,sales,bop,221.3
2025-09-01,occupation,sales,cant,152.8
2025-09-01,occupation,sales,gis,100.0
2025-09-01,occupation,sales,mrl,181.9
2025-09-01,occupation,sales,mwt,188.9
2025-09-01,occupation,sales,nld,162.0
2025-09-01,occupation,sales,otg,277.5
2025-09-01,occupation,sales,wai,161.7
2025-09-01,occupation,sales,wlg,120.9
2025-09-01,occupation,trades_and_technical,akl,180.4
2025-09-01,occupation,trades_and_technical,bop,335.1
2025-09-01,occupation,trades_and_technical,cant,275.0
2025-09-01,occupation,trades_and_technical,gis,181.1
2025-09-01,occupation,trades_and_technical,mrl,332.2
2025-09-01,occupation,trades_and_technical,mwt,242.8
2025-09-01,occupation,trades_and_technical,nld,343.7
2025-09-01,occupation,trades_and_technical,otg,515.3
2025-09-01,occupation,trades_and_technical,wai,314.8
2025-09-01,occupation,trades_and_technical,wlg,152.6
2025-09-01,skill_level,highly_skilled,akl,99.14
2025-09-01,skill_level,highly_skilled,bop,310.0
2025-09-01,skill_level,highly_skilled,cant,172.94
2025-09-01,skill_level,highly_skilled,gis,123.2
2025-09-01,skill_level,highly_skilled,mrl,223.07
2025-09-01,skill_level,highly_skilled,mwt,217.32
2025-09-01,skill_level,highly_skilled,nld,226.78
2025-09-01,skill_level,highly_skilled,otg,308.44
2025-09-01,skill_level,highly_skilled,wai,187.51
2025-09-01,skill_level,highly_skilled,wlg,100.81
2025-09-01,skill_level,low_skilled,akl,112.98
2025-09-01,skill_level,low_skilled,bop,277.31
2025-09-01,skill_level,low_skilled,cant,195.67
2025-09-01,skill_level,low_skilled,gis,145.26
2025-09-01,skill_level,low_skilled,mrl,248.46
2025-09-01,skill_level,low_skilled,mwt,259.27
2025-09-01,skill_level,low_skilled,nld,275.29
2025-09-01,skill_level,low_skilled,otg,428.27
2025-09-01,skill_level,low_skilled,wai,235.09
2025-09-01,skill_level,low_skilled,wlg,124.7
2025-09-01,skill_level,semi_skilled,akl,213.33
2025-09-01,skill_level,semi_skilled,bop,401.52
2025-09-01,skill_level,semi_skilled,cant,342.49
2025-09-01,skill_level,semi_skilled,gis,211.49
2025-09-01,skill_level,semi_skilled,mrl,427.97
2025-09-01,skill_level,semi_skilled,mwt,301.36
2025-09-01,skill_level,semi_skilled,nld,342.39
2025-09-01,skill_level,semi_skilled,otg,669.61
2025-09-01,skill_level,semi_skilled,wai,344.88
2025-09-01,skill_level,semi_skilled,wlg,203.39
2025-09-01,skill_level,skilled,akl,124.99
2025-09-01,skill_level,skilled,bop,212.08
2025-09-01,skill_level,skilled,cant,175.88
2025-09-01,skill_level,skilled,gis,83.02
2025-09-01,skill_level,skilled,mrl,177.29
2025-09-01,skill_level,skilled,mwt,168.64
2025-09-01,skill_level,skilled,nld,200.53
2025-09-01,skill_level,skilled,otg,285.13
2025-09-01,skill_level,skilled,wai,198.74
2025-09-01,skill_level,skilled,wlg,115.75
2025-09-01,skill_level,unskilled,akl,140.39
2025-09-01,skill_level,unskilled,bop,287.7
2025-09-01,skill_level,unskilled,cant,202.63
2025-09-01,skill_level,unskilled,gis,212.8
2025-09-01,skill_level,unskilled,mrl,313.34
2025-09-01,skill_level,unskilled,mwt,273.98
2025-09-01,skill_level,unskilled,nld,284.29
2025-09-01,skill_level,unskilled,otg,449.3
2025-09-01,skill_level,unskilled,wai,234.54
2025-09-01,skill_level,unskilled,wlg,137.18
2025-12-01,industry,accounting,akl,72.73
2025-12-01,industry,accounting,bop,289.43
2025-12-01,industry,accounting,cant,132.72
2025-12-01,industry,accounting,gis,98.58
2025-12-01,industry,accounting,mrl,179.89
2025-12-01,industry,accounting,mwt,183.15
2025-12-01,industry,accounting,nld,196.15
2025-12-01,industry,accounting,otg,273.97
2025-12-01,industry,accounting,wai,160.3
2025-12-01,industry,accounting,wlg,89.9
2025-12-01,industry,construction,akl,138.37
2025-12-01,industry,construction,bop,303.88
2025-12-01,industry,construction,cant,216.39
2025-12-01,industry,construction,gis,160.23
2025-12-01,industry,construction,mrl,302.12
2025-12-01,industry,construction,mwt,201.71
2025-12-01,industry,construction,nld,341.89
2025-12-01,industry,construction,otg,540.55
2025-12-01,industry,construction,wai,260.48
2025-12-01,industry,construction,wlg,137.17
2025-12-01,industry,education,akl,114.2
2025-12-01,industry,education,bop,114.75
2025-12-01,industry,education,cant,111.42
2025-12-01,industry,education,gis,51.02
2025-12-01,industry,education,mrl,127.39
2025-12-01,industry,education,mwt,141.46
2025-12-01,industry,education,nld,142.92
2025-12-01,industry,education,otg,118.3
2025-12-01,industry,education,wai,146.67
2025-12-01,industry,education,wlg,122.81
2025-12-01,industry,health,akl,126.98
2025-12-01,industry,health,bop,349.01
2025-12-01,industry,health,cant,235.21
2025-12-01,industry,health,gis,185.92
2025-12-01,industry,health,mrl,336.24
2025-12-01,industry,health,mwt,354.41
2025-12-01,industry,health,nld,227.16
2025-12-01,industry,health,otg,440.06
2025-12-01,industry,health,wai,209.72
2025-12-01,industry,health,wlg,186.5
2025-12-01,industry,hospitality,akl,131.45
2025-12-01,industry,hospitality,bop,182.27
2025-12-01,industry,hospitality,cant,158.2
2025-12-01,industry,hospitality,gis,107.2
2025-12-01,industry,hospitality,mrl,207.1
2025-12-01,industry,hospitality,mwt,215.79
2025-12-01,industry,hospitality,nld,341.38
2025-12-01,industry,hospitality,otg,463.01
2025-12-01,industry,hospitality,wai,203.13
2025-12-01,industry,hospitality,wlg,120.19
2025-12-01,industry,it,akl,45.82
2025-12-01,industry,it,bop,108.43
2025-12-01,industry,it,cant,69.88
2025-12-01,industry,it,gis,29.63
2025-12-01,industry,it,mrl,100.0
2025-12-01,industry,it,mwt,114.12
2025-12-01,industry,it,nld,200.0
2025-12-01,industry,it,otg,103.23
2025-12-01,industry,it,wai,70.85
2025-12-01,industry,it,wlg,36.13
2025-12-01,industry,manufacturing,akl,117.94
2025-12-01,industry,manufacturing,bop,332.09
2025-12-01,industry,manufacturing,cant,276.02
2025-12-01,industry,manufacturing,gis,188.71
2025-12-01,industry,manufacturing,mrl,383.7
2025-12-01,industry,manufacturing,mwt,219.57
2025-12-01,industry,manufacturing,nld,283.93
2025-12-01,industry,manufacturing,otg,495.63
2025-12-01,industry,manufacturing,wai,258.52
2025-12-01,industry,manufacturing,wlg,155.86
2025-12-01,industry,other,akl,206.93
2025-12-01,industry,other,bop,446.15
2025-12-01,industry,other,cant,413.02
2025-12-01,industry,other,gis,176.32
2025-12-01,industry,other,mrl,356.58
2025-12-01,industry,other,mwt,311.92
2025-12-01,industry,other,nld,741.18
2025-12-01,industry,other,otg,655.95
2025-12-01,industry,other,wai,352.91
2025-12-01,industry,other,wlg,183.27
2025-12-01,industry,primary,akl,207.48
2025-12-01,industry,primary,bop,452.27
2025-12-01,industry,primary,cant,230.25
2025-12-01,industry,primary,gis,174.6
2025-12-01,industry,primary,mrl,255.91
2025-12-01,industry,primary,mwt,232.86
2025-12-01,industry,primary,nld,205.13
2025-12-01,industry,primary,otg,242.2
2025-12-01,industry,primary,wai,265.26
2025-12-01,industry,primary,wlg,197.01
2025-12-01,industry,sales,akl,69.39
2025-12-01,industry,sales,bop,151.35
2025-12-01,industry,sales,cant,101.24
2025-12-01,industry,sales,gis,72.5
2025-12-01,industry,sales,mrl,142.41
2025-12-01,industry,sales,mwt,148.19
2025-12-01,industry,sales,nld,177.69
2025-12-01,industry,sales,otg,208.84
2025-12-01,industry,sales,wai,112.12
2025-12-01,industry,sales,wlg,66.35
2025-12-01,occupation,clerical_admin,akl,69.9
2025-12-01,occupation,clerical_admin,bop,257.6
2025-12-01,occupation,clerical_admin,cant,123.9
2025-12-01,occupation,clerical_admin,gis,158.4
2025-12-01,occupation,clerical_admin,mrl,228.0
2025-12-01,occupation,clerical_admin,mwt,194.1
2025-12-01,occupation,clerical_admin,nld,247.6
2025-12-01,occupation,clerical_admin,otg,370.0
2025-12-01,occupation,clerical_admin,wai,186.6
2025-12-01,occupation,clerical_admin,wlg,83.9
2025-12-01,occupation,community_services,akl,138.4
2025-12-01,occupation,community_services,bop,225.9
2025-12-01,occupation,community_services,cant,180.2
2025-12-01,occupation,community_services,gis,147.1
2025-12-01,occupation,community_services,mrl,260.4
2025-12-01,occupation,community_services,mwt,276.2
2025-12-01,occupation,community_services,nld,411.4
2025-12-01,occupation,community_services,otg,535.7
2025-12-01,occupation,community_services,wai,263.1
2025-12-01,occupation,community_services,wlg,163.2
2025-12-01,occupation,labourers,akl,173.1
2025-12-01,occupation,labourers,bop,358.2
2025-12-01,occupation,labourers,cant,268.5
2025-12-01,occupation,labourers,gis,181.3
2025-12-01,occupation,labourers,mrl,391.2
2025-12-01,occupation,labourers,mwt,419.0
2025-12-01,occupation,labourers,nld,347.6
2025-12-01,occupation,labourers,otg,687.6
2025-12-01,occupation,labourers,wai,340.4
2025-12-01,occupation,labourers,wlg,204.9
2025-12-01,occupation,machinery_drivers,akl,183.3
2025-12-01,occupation,machinery_drivers,bop,426.0
2025-12-01,occupation,machinery_drivers,cant,357.7
2025-12-01,occupation,machinery_drivers,gis,218.8
2025-12-01,occupation,machinery_drivers,mrl,305.4
2025-12-01,occupation,machinery_drivers,mwt,243.3
2025-12-01,occupation,machinery_drivers,nld,390.0
2025-12-01,occupation,machinery_drivers,otg,617.8
2025-12-01,occupation,machinery_drivers,wai,316.4
2025-12-01,occupation,machinery_drivers,wlg,195.3
2025-12-01,occupation,managers,akl,74.8
2025-12-01,occupation,managers,bop,222.3
2025-12-01,occupation,managers,cant,128.1
2025-12-01,occupation,managers,gis,91.8
2025-12-01,occupation,managers,mrl,159.0
2025-12-01,occupation,managers,mwt,149.2
2025-12-01,occupation,managers,nld,229.7
2025-12-01,occupation,managers,otg,237.4
2025-12-01,occupation,managers,wai,136.9
2025-12-01,occupation,managers,wlg,75.2
2025-12-01,occupation,professionals,akl,85.0
2025-12-01,occupation,professionals,bop,225.2
2025-12-01,occupation,professionals,cant,138.4
2025-12-01,occupation,professionals,gis,87.7
2025-12-01,occupation,professionals,mrl,171.8
2025-12-01,occupation,professionals,mwt,193.1
2025-12-01,occupation,professionals,nld,176.4
2025-12-01,occupation,professionals,otg,220.9
2025-12-01,occupation,professionals,wai,153.2
2025-12-01,occupation,professionals,wlg,87.9
2025-12-01,occupation,sales,akl,86.6
2025-12-01,occupation,sales,bop,179.8
2025-12-01,occupation,sales,cant,151.0
2025-12-01,occupation,sales,gis,77.0
2025-12-01,occupation,sales,mrl,187.9
2025-12-01,occupation,sales,mwt,205.2
2025-12-01,occupation,sales,nld,204.3
2025-12-01,occupation,sales,otg,280.2
2025-12-01,occupation,sales,wai,171.1
2025-12-01,occupation,sales,wlg,93.6
2025-12-01,occupation,trades_and_technical,akl,153.5
2025-12-01,occupation,trades_and_technical,bop,276.9
2025-12-01,occupation,trades_and_technical,cant,230.3
2025-12-01,occupation,trades_and_technical,gis,159.1
2025-12-01,occupation,trades_and_technical,mrl,266.4
2025-12-01,occupation,trades_and_technical,mwt,225.7
2025-12-01,occupation,trades_and_technical,nld,310.3
2025-12-01,occupation,trades_and_technical,otg,454.6
2025-12-01,occupation,trades_and_technical,wai,253.3
2025-12-01,occupation,trades_and_technical,wlg,124.4
2025-12-01,skill_level,highly_skilled,akl,78.69
2025-12-01,skill_level,highly_skilled,bop,268.93
2025-12-01,skill_level,highly_skilled,cant,141.17
2025-12-01,skill_level,highly_skilled,gis,115.56
2025-12-01,skill_level,highly_skilled,mrl,205.27
2025-12-01,skill_level,highly_skilled,mwt,209.15
2025-12-01,skill_level,highly_skilled,nld,223.05
2025-12-01,skill_level,highly_skilled,otg,267.06
2025-12-01,skill_level,highly_skilled,wai,156.02
2025-12-01,skill_level,highly_skilled,wlg,81.33
2025-12-01,skill_level,low_skilled,akl,95.43
2025-12-01,skill_level,low_skilled,bop,255.06
2025-12-01,skill_level,low_skilled,cant,181.98
2025-12-01,skill_level,low_skilled,gis,136.63
2025-12-01,skill_level,low_skilled,mrl,247.83
2025-12-01,skill_level,low_skilled,mwt,224.28
2025-12-01,skill_level,low_skilled,nld,264.13
2025-12-01,skill_level,low_skilled,otg,426.58
2025-12-01,skill_level,low_skilled,wai,220.02
2025-12-01,skill_level,low_skilled,wlg,112.16
2025-12-01,skill_level,semi_skilled,akl,169.22
2025-12-01,skill_level,semi_skilled,bop,324.24
2025-12-01,skill_level,semi_skilled,cant,270.53
2025-12-01,skill_level,semi_skilled,gis,191.22
2025-12-01,skill_level,semi_skilled,mrl,313.56
2025-12-01,skill_level,semi_skilled,mwt,255.27
2025-12-01,skill_level,semi_skilled,nld,275.0
2025-12-01,skill_level,semi_skilled,otg,547.06
2025-12-01,skill_level,semi_skilled,wai,282.84
2025-12-01,skill_level,semi_skilled,wlg,168.66
2025-12-01,skill_level,skilled,akl,109.96
2025-12-01,skill_level,skilled,bop,188.51
2025-12-01,skill_level,skilled,cant,148.38
2025-12-01,skill_level,skilled,gis,79.95
2025-12-01,skill_level,skilled,mrl,162.32
2025-12-01,skill_level,skilled,mwt,161.92
2025-12-01,skill_level,skilled,nld,204.87
2025-12-01,skill_level,skilled,otg,259.11
2025-12-01,skill_level,skilled,wai,176.46
2025-12-01,skill_level,skilled,wlg,101.02
2025-12-01,skill_level,unskilled,akl,113.08
2025-12-01,skill_level,unskilled,bop,240.32
2025-12-01,skill_level,unskilled,cant,183.94
2025-12-01,skill_level,unskilled,gis,157.6
2025-12-01,skill_level,unskilled,mrl,296.97
2025-12-01,skill_level,unskilled,mwt,295.3
2025-12-01,skill_level,unskilled,nld,332.86
2025-12-01,skill_level,unskilled,otg,449.77
2025-12-01,skill_level,unskilled,wai,241.12
2025-12-01,skill_level,unskilled,wlg,127.96
2026-03-01,industry,accounting,akl,100.18
2026-03-01,industry,accounting,bop,332.08
2026-03-01,industry,accounting,cant,168.56
2026-03-01,industry,accounting,gis,132.62
2026-03-01,industry,accounting,mrl,187.93
2026-03-01,industry,accounting,mwt,234.46
2026-03-01,industry,accounting,nld,207.69
2026-03-01,industry,accounting,otg,348.29
2026-03-01,industry,accounting,wai,204.73
2026-03-01,industry,accounting,wlg,120.03
2026-03-01,industry,construction,akl,178.83
2026-03-01,industry,construction,bop,378.54
2026-03-01,industry,construction,cant,286.85
2026-03-01,industry,construction,gis,192.42
2026-03-01,industry,construction,mrl,373.73
2026-03-01,industry,construction,mwt,250.67
2026-03-01,industry,construction,nld,429.05
2026-03-01,industry,construction,otg,652.9
2026-03-01,industry,construction,wai,334.04
2026-03-01,industry,construction,wlg,180.24
2026-03-01,industry,education,akl,92.0
2026-03-01,industry,education,bop,92.13
2026-03-01,industry,education,cant,94.82
2026-03-01,industry,education,gis,39.18
2026-03-01,industry,education,mrl,79.13
2026-03-01,industry,education,mwt,91.06
2026-03-01,industry,education,nld,115.07
2026-03-01,industry,education,otg,91.48
2026-03-01,industry,education,wai,102.15
2026-03-01,industry,education,wlg,98.25
2026-03-01,industry,health,akl,155.08
2026-03-01,industry,health,bop,455.32
2026-03-01,industry,health,cant,270.37
2026-03-01,industry,health,gis,204.55
2026-03-01,industry,health,mrl,389.18
2026-03-01,industry,health,mwt,414.45
2026-03-01,industry,health,nld,266.74
2026-03-01,industry,health,otg,433.49
2026-03-01,industry,health,wai,251.37
2026-03-01,industry,health,wlg,216.87
2026-03-01,industry,hospitality,akl,145.15
2026-03-01,industry,hospitality,bop,232.02
2026-03-01,industry,hospitality,cant,184.21
2026-03-01,industry,hospitality,gis,153.6
2026-03-01,industry,hospitality,mrl,205.81
2026-03-01,industry,hospitality,mwt,281.2
2026-03-01,industry,hospitality,nld,322.41
2026-03-01,industry,hospitality,otg,462.2
2026-03-01,industry,hospitality,wai,212.05
2026-03-01,industry,hospitality,wlg,162.48
2026-03-01,industry,it,akl,53.88
2026-03-01,industry,it,bop,126.51
2026-03-01,industry,it,cant,89.44
2026-03-01,industry,it,gis,29.63
2026-03-01,industry,it,mrl,92.31
2026-03-01,industry,it,mwt,120.0
2026-03-01,industry,it,nld,192.86
2026-03-01,industry,it,otg,150.54
2026-03-01,industry,it,wai,102.51
2026-03-01,industry,it,wlg,40.49
2026-03-01,industry,manufacturing,akl,155.36
2026-03-01,industry,manufacturing,bop,470.05
2026-03-01,industry,manufacturing,cant,363.06
2026-03-01,industry,manufacturing,gis,220.16
2026-03-01,industry,manufacturing,mrl,425.0
2026-03-01,industry,manufacturing,mwt,295.22
2026-03-01,industry,manufacturing,nld,358.93
2026-03-01,industry,manufacturing,otg,569.38
2026-03-01,industry,manufacturing,wai,347.91
2026-03-01,industry,manufacturing,wlg,211.99
2026-03-01,industry,other,akl,259.78
2026-03-01,industry,other,bop,498.08
2026-03-01,industry,other,cant,484.65
2026-03-01,industry,other,gis,230.26
2026-03-01,industry,other,mrl,398.68
2026-03-01,industry,other,mwt,396.69
2026-03-01,industry,other,nld,838.24
2026-03-01,industry,other,otg,789.29
2026-03-01,industry,other,wai,422.75
2026-03-01,industry,other,wlg,231.88
2026-03-01,industry,primary,akl,255.78
2026-03-01,industry,primary,bop,611.36
2026-03-01,industry,primary,cant,296.3
2026-03-01,industry,primary,gis,285.71
2026-03-01,industry,primary,mrl,268.82
2026-03-01,industry,primary,mwt,271.43
2026-03-01,industry,primary,nld,235.9
2026-03-01,industry,primary,otg,350.46
2026-03-01,industry,primary,wai,349.47
2026-03-01,industry,primary,wlg,279.1
2026-03-01,industry,sales,akl,90.16
2026-03-01,industry,sales,bop,204.05
2026-03-01,industry,sales,cant,135.58
2026-03-01,industry,sales,gis,136.5
2026-03-01,industry,sales,mrl,186.16
2026-03-01,industry,sales,mwt,213.73
2026-03-01,industry,sales,nld,272.31
2026-03-01,industry,sales,otg,293.88
2026-03-01,industry,sales,wai,164.85
2026-03-01,industry,sales,wlg,86.87
2026-03-01,occupation,clerical_admin,akl,97.0
2026-03-01,occupation,clerical_admin,bop,313.2
2026-03-01,occupation,clerical_admin,cant,157.0
2026-03-01,occupation,clerical_admin,gis,187.6
2026-03-01,occupation,clerical_admin,mrl,275.6
2026-03-01,occupation,clerical_admin,mwt,264.6
2026-03-01,occupation,clerical_admin,nld,329.4
2026-03-01,occupation,clerical_admin,otg,479.3
2026-03-01,occupation,clerical_admin,wai,252.0
2026-03-01,occupation,clerical_admin,wlg,112.0
2026-03-01,occupation,community_services,akl,175.9
2026-03-01,occupation,community_services,bop,295.8
2026-03-01,occupation,community_services,cant,226.2
2026-03-01,occupation,community_services,gis,177.2
2026-03-01,occupation,community_services,mrl,306.9
2026-03-01,occupation,community_services,mwt,361.0
2026-03-01,occupation,community_services,nld,418.9
2026-03-01,occupation,community_services,otg,530.5
2026-03-01,occupation,community_services,wai,291.7
2026-03-01,occupation,community_services,wlg,195.2
2026-03-01,occupation,labourers,akl,225.9
2026-03-01,occupation,labourers,bop,519.4
2026-03-01,occupation,labourers,cant,355.6
2026-03-01,occupation,labourers,gis,286.4
2026-03-01,occupation,labourers,mrl,423.8
2026-03-01,occupation,labourers,mwt,492.9
2026-03-01,occupation,labourers,nld,431.0
2026-03-01,occupation,labourers,otg,748.5
2026-03-01,occupation,labourers,wai,455.1
2026-03-01,occupation,labourers,wlg,282.4
2026-03-01,occupation,machinery_drivers,akl,247.5
2026-03-01,occupation,machinery_drivers,bop,558.3
2026-03-01,occupation,machinery_drivers,cant,476.5
2026-03-01,occupation,machinery_drivers,gis,281.2
2026-03-01,occupation,machinery_drivers,mrl,300.4
2026-03-01,occupation,machinery_drivers,mwt,364.4
2026-03-01,occupation,machinery_drivers,nld,556.7
2026-03-01,occupation,machinery_drivers,otg,694.1
2026-03-01,occupation,machinery_drivers,wai,393.0
2026-03-01,occupation,machinery_drivers,wlg,255.8
2026-03-01,occupation,managers,akl,94.1
2026-03-01,occupation,managers,bop,236.5
2026-03-01,occupation,managers,cant,163.4
2026-03-01,occupation,managers,gis,118.4
2026-03-01,occupation,managers,mrl,177.2
2026-03-01,occupation,managers,mwt,168.5
2026-03-01,occupation,managers,nld,229.7
2026-03-01,occupation,managers,otg,295.5
2026-03-01,occupation,managers,wai,178.1
2026-03-01,occupation,managers,wlg,87.4
2026-03-01,occupation,professionals,akl,97.3
2026-03-01,occupation,professionals,bop,248.1
2026-03-01,occupation,professionals,cant,151.6
2026-03-01,occupation,professionals,gis,100.7
2026-03-01,occupation,professionals,mrl,160.1
2026-03-01,occupation,professionals,mwt,186.9
2026-03-01,occupation,professionals,nld,187.9
2026-03-01,occupation,professionals,otg,241.7
2026-03-01,occupation,professionals,wai,159.1
2026-03-01,occupation,professionals,wlg,100.4
2026-03-01,occupation,sales,akl,118.6
2026-03-01,occupation,sales,bop,291.3
2026-03-01,occupation,sales,cant,195.7
2026-03-01,occupation,sales,gis,174.6
2026-03-01,occupation,sales,mrl,268.1
2026-03-01,occupation,sales,mwt,320.2
2026-03-01,occupation,sales,nld,316.3
2026-03-01,occupation,sales,otg,387.4
2026-03-01,occupation,sales,wai,246.4
2026-03-01,occupation,sales,wlg,141.1
2026-03-01,occupation,trades_and_technical,akl,188.5
2026-03-01,occupation,trades_and_technical,bop,359.9
2026-03-01,occupation,trades_and_technical,cant,295.4
2026-03-01,occupation,trades_and_technical,gis,174.2
2026-03-01,occupation,trades_and_technical,mrl,310.7
2026-03-01,occupation,trades_and_technical,mwt,308.1
2026-03-01,occupation,trades_and_technical,nld,350.8
2026-03-01,occupation,trades_and_technical,otg,519.4
2026-03-01,occupation,trades_and_technical,wai,342.3
2026-03-01,occupation,trades_and_technical,wlg,167.1
2026-03-01,skill_level,highly_skilled,akl,97.82
2026-03-01,skill_level,highly_skilled,bop,310.89
2026-03-01,skill_level,highly_skilled,cant,171.68
2026-03-01,skill_level,highly_skilled,gis,145.0
2026-03-01,skill_level,highly_skilled,mrl,221.33
2026-03-01,skill_level,highly_skilled,mwt,237.78
2026-03-01,skill_level,highly_skilled,nld,252.29
2026-03-01,skill_level,highly_skilled,otg,320.97
2026-03-01,skill_level,highly_skilled,wai,191.66
2026-03-01,skill_level,highly_skilled,wlg,97.91
2026-03-01,skill_level,low_skilled,akl,129.03
2026-03-01,skill_level,low_skilled,bop,337.47
2026-03-01,skill_level,low_skilled,cant,237.55
2026-03-01,skill_level,low_skilled,gis,184.85
2026-03-01,skill_level,low_skilled,mrl,279.52
2026-03-01,skill_level,low_skilled,mwt,308.17
2026-03-01,skill_level,low_skilled,nld,343.85
2026-03-01,skill_level,low_skilled,otg,496.62
2026-03-01,skill_level,low_skilled,wai,294.0
2026-03-01,skill_level,low_skilled,wlg,143.68
2026-03-01,skill_level,semi_skilled,akl,217.8
2026-03-01,skill_level,semi_skilled,bop,437.88
2026-03-01,skill_level,semi_skilled,cant,354.42
2026-03-01,skill_level,semi_skilled,gis,196.62
2026-03-01,skill_level,semi_skilled,mrl,385.59
2026-03-01,skill_level,semi_skilled,mwt,353.02
2026-03-01,skill_level,semi_skilled,nld,335.87
2026-03-01,skill_level,semi_skilled,otg,657.84
2026-03-01,skill_level,semi_skilled,wai,386.8
2026-03-01,skill_level,semi_skilled,wlg,229.29
2026-03-01,skill_level,skilled,akl,116.85
2026-03-01,skill_level,skilled,bop,198.44
2026-03-01,skill_level,skilled,cant,154.13
2026-03-01,skill_level,skilled,gis,82.46
2026-03-01,skill_level,skilled,mrl,151.57
2026-03-01,skill_level,skilled,mwt,153.07
2026-03-01,skill_level,skilled,nld,186.15
2026-03-01,skill_level,skilled,otg,258.18
2026-03-01,skill_level,skilled,wai,175.19
2026-03-01,skill_level,skilled,wlg,110.41
2026-03-01,skill_level,unskilled,akl,150.57
2026-03-01,skill_level,unskilled,bop,364.87
2026-03-01,skill_level,unskilled,cant,250.95
2026-03-01,skill_level,unskilled,gis,281.6
2026-03-01,skill_level,unskilled,mrl,366.18
2026-03-01,skill_level,unskilled,mwt,431.76
2026-03-01,skill_level,unskilled,nld,500.0
2026-03-01,skill_level,unskilled,otg,544.65
2026-03-01,skill_level,unskilled,wai,311.18
2026-03-01,skill_level,unskilled,wlg,187.0
